"Table 1b: ITL1 & UK chained volume measures in 2022 money value, pounds million [note 1,2]",,,,,,,,,,,,,,,,,,,,,,,,,,,,,
ITL code,Region name,SIC07 code,SIC07 description,1998,1999,2000,2001,2002,2003,2004,2005,2006,2007,2008,2009,2010,2011,2012,2013,2014,2015,2016,2017,2018,2019,2020,2021,2022,2023
UK,United Kingdom,Total,All industries,"1,482,111","1,530,095","1,597,767","1,638,400","1,664,532","1,716,732","1,756,125","1,808,970","1,854,883","1,903,951","1,902,460","1,815,095","1,858,652","1,880,939","1,913,273","1,946,320","2,009,500","2,049,071","2,091,342","2,148,617","2,177,061","2,215,197","1,998,242","2,169,937","2,266,082","2,272,688"
UK,United Kingdom,A-E,Production sector,"278,452","293,094","301,102","312,802","320,670","328,233","326,447","325,043","337,633","331,012","327,010","304,251","294,011","283,456","282,835","288,181","299,298","310,433","309,369","311,215","319,136","326,843","335,134","333,127","314,021","310,387"
UK,United Kingdom,A (1-3),"Agriculture, forestry and fishing","10,666","12,188","13,224","13,326","16,355","15,705","13,976","15,301","15,075","13,257","16,760","15,563","13,007","16,541","13,871","13,669","19,269","16,646","14,903","15,629","14,036","16,362","15,828","15,940","16,683","16,716"
UK,United Kingdom,1,Agriculture and hunting,"9,511","10,854","11,940","11,809","14,675","14,039","12,333","13,522","13,349","11,705","14,860","13,407","11,285","14,910","12,013","11,775","16,894","14,510","12,888","13,637","12,363","14,344","13,514","14,126","14,728","14,621"
UK,United Kingdom,2,Forestry and logging,"1,169","1,590","1,578","1,795","2,050","2,595","2,729","2,293","2,219","1,965","2,559","3,176","2,111","1,734","2,102","2,023","1,672","1,788","1,704","1,522","1,166","1,407","1,579","1,077","1,155","1,227"
UK,United Kingdom,3,Fishing and aquaculture,460,467,388,524,526,460,505,617,597,545,622,725,649,567,581,626,955,758,719,739,666,811,922,731,800,868
UK,United Kingdom,B (5-9),Mining and quarrying,"185,744","184,254","167,394","156,704","150,437","141,216","132,809","118,849","103,720","94,759","85,479","78,457","69,006","51,139","44,347","38,691","39,159","44,935","49,671","46,175","49,378","50,394","50,812","42,036","40,632","35,417"
UK,United Kingdom,5-8,"Mining and quarrying, excluding support activities","203,932","204,697","184,659","172,277","165,124","154,960","143,264","127,011","107,007","96,701","84,145","77,545","66,825","49,349","41,658","35,909","36,160","38,458","46,510","43,906","47,837","48,143","48,011","39,624","38,831","33,769"
UK,United Kingdom,9,Mining support service activities,"1,680","1,488","1,460","1,446","1,426","1,344","1,628","1,660","2,305","2,406","3,078","2,710","2,764","2,117","2,468","2,404","2,547","4,734","2,935","2,355","1,901","2,385","2,750","2,333","1,801","1,648"
UK,United Kingdom,C (10-33),Manufacturing,"145,129","152,259","159,563","165,744","171,681","176,498","181,031","184,255","197,781","197,699","196,725","178,440","178,239","177,507","183,063","190,176","197,324","198,594","195,749","199,180","207,567","208,473","213,138","221,173","204,851","206,262"
UK,United Kingdom,CA (10-12),"Manufacture of food, beverages and tobacco","29,971","30,018","30,401","29,462","30,631","32,450","34,324","31,986","34,365","33,986","32,069","32,795","29,564","28,035","27,982","28,723","29,526","28,239","30,679","29,822","33,681","33,705","33,373","35,084","33,358","32,430"
UK,United Kingdom,10,Manufacture of food products,"22,945","22,688","22,951","22,615","23,188","24,671","25,957","23,612","25,209","25,052","22,973","23,342","20,949","19,899","20,096","21,033","21,845","20,710","23,451","22,005","25,487","25,837","25,504","26,164","24,923","24,343"
UK,United Kingdom,11-12,Manufacture of beverages and tobacco products,"7,153","7,512","7,639","6,976","7,640","7,969","8,588","8,657","9,508","9,257","9,533","9,938","9,075","8,560","8,243","7,967","7,902","7,758","7,272","7,912","8,232","7,906","7,903","8,921","8,435","8,087"
UK,United Kingdom,CB (13-15),"Manufacture of textiles, wearing apparel and leather","2,880","2,967","3,042","3,066","3,246","3,127","3,088","3,027","3,253","3,617","3,232","3,966","4,851","3,458","4,481","4,672","4,802","5,571","4,806","5,757","5,846","6,568","4,341","5,983","6,060","5,458"
UK,United Kingdom,13,Manufacture of textiles,"1,140","1,212","1,277","1,384","1,524","1,541","1,449","1,474","1,612","1,903","1,758","2,214","2,392","1,707","2,204","2,210","2,031","2,489","2,846","3,354","3,327","3,934","2,451","3,521","3,639","3,136"
UK,United Kingdom,14,Manufacture of wearing apparel,"1,326","1,331","1,328","1,312","1,300","1,297","1,321","1,255","1,283","1,327","1,027","1,232","2,029","1,377","1,829","2,039","2,449","2,886","1,632","2,094","2,253","2,294","1,613","2,109","2,076","2,004"
UK,United Kingdom,15,Manufacture of leather products,523,530,543,410,475,258,326,286,348,322,407,432,452,390,467,493,590,403,360,374,344,411,332,375,345,318
UK,United Kingdom,CC (16-18),Manufacture of wood and paper products and printing,"9,305","10,004","10,027","10,377","11,078","11,857","12,783","13,357","13,691","14,316","14,090","12,829","13,057","12,080","12,690","13,821","13,648","13,543","14,623","14,748","15,342","15,617","14,339","15,094","12,895","11,811"
UK,United Kingdom,16,"Manufacture of wood products, except furniture","3,426","3,791","3,766","3,870","3,833","3,986","4,662","4,415","4,550","4,639","4,391","3,295","3,619","3,640","3,820","3,884","3,946","4,643","5,246","4,838","5,310","5,540","5,158","4,684","4,370","4,114"
UK,United Kingdom,17,Manufacture of paper products,"2,313","2,651","2,433","2,638","3,225","3,488","3,697","3,700","3,335","4,001","3,571","3,385","4,146","3,500","3,894","4,525","4,366","4,097","4,086","4,345","4,412","4,816","4,631","5,320","4,056","3,738"
UK,United Kingdom,18,Printing and reproduction of recorded media,"3,954","4,020","4,268","4,300","4,337","4,663","4,907","5,473","5,957","5,897","6,177","5,921","5,206","4,957","4,963","5,297","5,249","4,916","5,466","5,588","5,740","5,416","4,706","5,103","4,469","3,959"
UK,United Kingdom,CD-CE (19-20),"Manufacture of coke, refined petroleum and chemicals","9,657","10,003","10,537","10,071","10,703","11,366","10,563","11,334","11,688","10,867","10,675","11,138","10,807","8,152","10,075","11,338","13,584","18,450","16,546","15,715","16,202","17,623","18,793","17,948","15,349","13,675"
UK,United Kingdom,CF (21),Manufacture of pharmaceutical products,"10,959","12,517","12,624","13,542","14,626","14,223","14,933","15,748","17,655","17,608","19,494","16,483","16,017","15,400","14,489","13,870","13,523","14,450","13,072","12,733","13,096","13,838","16,509","17,271","16,781","19,093"
UK,United Kingdom,CG (22-23),"Manufacture of rubber, plastic and non-metallic minerals ","14,888","16,048","16,933","18,047","16,752","17,259","17,648","17,883","17,452","16,570","14,246","12,830","13,524","13,670","15,215","17,134","17,088","17,506","15,908","15,811","16,619","16,831","16,932","16,921","15,221","13,709"
UK,United Kingdom,22,Manufacture of rubber and plastic products,"7,983","8,941","9,042","9,939","8,745","9,116","9,444","9,468","9,133","8,866","7,711","7,187","7,343","7,477","8,389","9,837","9,503","10,317","8,787","8,629","8,998","9,256","9,008","9,127","8,262","7,510"
UK,United Kingdom,23,Manufacture of other non-metallic mineral products,"7,062","7,157","8,085","8,211","8,282","8,384","8,413","8,656","8,580","7,908","6,697","5,749","6,336","6,335","6,960","7,326","7,708","7,180","7,137","7,211","7,657","7,596","7,959","7,802","6,959","6,199"
UK,United Kingdom,CH (24-25),Manufacture of basic and fabricated metal products,"24,689","25,918","26,460","26,003","25,520","25,652","23,708","24,231","24,081","23,539","23,176","17,893","19,054","19,836","22,061","21,779","23,429","24,450","24,927","24,309","24,368","23,494","25,639","24,036","22,677","23,393"
UK,United Kingdom,24,Manufacture of basic metals,"9,619","11,565","11,339","11,263","9,800","10,039","8,409","8,824","8,319","8,696","7,568","5,096","5,371","4,937","6,548","4,923","6,256","7,878","8,227","7,704","7,565","5,687","7,807","5,699","5,244","5,328"
UK,United Kingdom,25,Manufacture of fabricated metal products,"17,028","16,818","17,466","17,084","17,593","17,557","16,827","17,027","17,263","16,478","16,918","13,631","14,555","15,725","16,555","17,408","17,948","17,711","17,936","17,690","17,834","18,188","18,561","18,363","17,433","18,065"
UK,United Kingdom,CI (26),"Manufacture of computer, electronic and optical products","2,684","2,802","3,447","4,689","6,062","5,815","6,781","7,249","9,581","9,874","10,913","11,652","11,099","11,625","11,367","12,381","12,497","11,173","12,408","13,124","13,255","13,330","13,883","15,039","14,041","14,161"
UK,United Kingdom,CJ (27),Manufacture of electrical equipment,"6,008","6,137","6,442","7,679","8,355","8,624","7,427","7,372","7,874","7,920","8,266","6,594","5,951","6,412","7,097","6,753","6,612","6,037","5,701","6,126","6,086","7,052","9,492","7,870","5,726","5,477"
UK,United Kingdom,CK (28),Manufacture of machinery and equipment,"13,785","14,221","14,467","14,822","15,440","16,214","17,651","17,781","18,559","19,909","18,562","13,856","15,927","17,645","17,767","18,085","17,434","16,080","14,664","15,714","17,266","15,766","16,412","18,154","16,223","16,095"
UK,United Kingdom,CL (29-30),Manufacture of transport equipment,"17,807","18,496","20,772","22,402","21,034","22,392","24,135","25,296","27,958","27,344","31,743","24,462","23,524","28,289","24,952","26,203","28,667","27,814","27,206","29,081","28,636","27,839","27,682","29,652","27,990","32,032"
UK,United Kingdom,29,Manufacture of motor vehicles,"9,035","8,192","9,132","10,342","9,298","9,531","9,808","10,419","11,455","12,132","16,050","11,954","12,432","14,046","13,624","15,914","18,803","18,828","17,159","18,120","17,026","15,350","14,312","16,066","15,524","18,740"
UK,United Kingdom,30,Manufacture of other transport equipment,"8,127","9,841","11,135","11,368","11,136","12,292","13,796","14,305","15,877","14,609","15,138","11,973","10,813","13,934","11,142","10,400","10,154","9,354","10,099","11,006","11,629","12,455","13,460","13,606","12,466","13,292"
UK,United Kingdom,CM (31-33),"Other manufacturing, repair and installation","14,646","16,144","16,339","15,735","16,335","16,277","16,091","16,714","18,857","19,123","18,031","17,849","18,956","18,399","18,955","19,381","19,874","18,165","17,455","18,066","18,936","18,705","18,149","18,859","18,530","18,928"
UK,United Kingdom,31,Manufacture of furniture,"3,719","3,884","4,121","4,185","3,970","3,961","3,630","3,993","4,392","4,603","4,121","3,710","4,016","3,949","3,565","3,923","4,198","4,052","4,060","4,134","4,344","4,329","3,914","4,268","4,374","3,860"
UK,United Kingdom,32,Other manufacturing,"3,651","4,248","4,336","4,628","4,875","5,469","5,583","5,750","6,653","6,910","6,880","6,740","6,866","7,005","6,969","6,069","6,190","6,194","5,439","5,896","5,906","6,054","5,903","6,059","5,231","5,358"
UK,United Kingdom,33,Repair and installation of machinery and equipment,"7,518","8,267","8,083","6,960","7,617","6,901","7,013","7,042","7,925","7,688","7,191","7,658","8,289","7,684","8,731","9,496","9,568","8,046","7,970","8,089","8,697","8,359","8,365","8,559","8,925","9,710"
UK,United Kingdom,D (35),"Electricity, gas, steam and air conditioning supply","29,520","35,539","30,580","39,612","36,544","41,598","36,752","29,663","32,864","31,434","28,789","29,353","27,150","24,510","25,847","27,851","25,426","31,537","32,564","30,649","29,196","32,996","36,018","27,002","24,871","25,791"
UK,United Kingdom,E (36-39),Water supply; sewerage and waste management,"29,737","27,710","29,187","29,134","28,136","29,191","27,180","28,061","25,912","25,634","25,534","26,175","25,017","23,387","22,343","22,222","23,014","24,071","24,777","24,946","25,247","25,304","25,669","27,096","26,984","26,201"
UK,United Kingdom,36,Water supply,"10,457","9,994","9,665","9,590","9,822","9,720","9,073","8,787","8,278","7,878","8,365","7,780","7,759","7,474","7,427","7,517","7,375","7,565","8,123","8,163","8,753","8,577","8,694","8,828","8,640","8,180"
UK,United Kingdom,37,Sewerage activities,"7,487","7,452","9,088","9,505","9,980","10,174","9,997","9,976","9,729","9,347","9,241","9,205","9,302","8,885","8,191","8,218","8,115","8,249","8,519","8,258","8,146","8,051","8,517","8,553","8,398","8,059"
UK,United Kingdom,38,"Waste collection, treatment and disposal activities","13,017","10,931","10,756","10,230","8,386","9,368","8,198","9,325","7,902","8,365","7,924","9,139","7,697","6,787","6,425","6,189","7,100","7,730","7,592","8,068","7,847","8,137","7,889","9,140","9,263","9,265"
UK,United Kingdom,39,Remediation and other waste management services,279,279,239,270,242,219,184,194,156,146,112,137,148,150,216,241,360,487,469,415,468,511,507,576,683,697
UK,United Kingdom,F (41-43),Construction,"128,042","135,050","134,736","134,851","134,166","131,369","130,405","129,295","130,722","128,663","120,287","101,251","110,184","116,426","114,976","120,654","124,972","130,406","128,291","133,656","131,262","132,130","115,153","128,890","138,259","141,712"
UK,United Kingdom,41,Construction of buildings,"45,217","48,347","49,130","49,925","52,519","51,980","51,203","50,531","50,487","48,918","40,778","29,633","34,732","36,858","35,113","38,652","39,054","42,397","41,498","43,996","44,400","44,629","36,900","42,824","47,811","43,485"
UK,United Kingdom,42,Civil engineering,"26,295","26,953","26,624","25,598","23,249","21,812","22,130","21,153","21,232","20,845","21,505","21,751","22,099","22,790","23,783","23,804","24,127","24,889","24,720","25,296","26,139","25,236","23,681","24,507","25,404","25,984"
UK,United Kingdom,43,Specialised construction activities,"57,004","60,206","59,418","59,759","58,923","58,191","57,619","58,273","59,697","59,581","58,213","49,842","53,285","56,742","55,995","58,173","61,809","63,207","62,142","64,434","60,731","62,268","54,704","61,607","65,044","72,243"
UK,United Kingdom,G-T,Services sector,"1,092,244","1,119,468","1,178,159","1,206,017","1,224,418","1,270,336","1,311,129","1,364,745","1,397,088","1,452,797","1,462,991","1,416,924","1,460,811","1,487,969","1,522,411","1,544,866","1,592,723","1,615,811","1,661,083","1,711,137","1,734,145","1,763,919","1,556,177","1,712,008","1,813,802","1,820,587"
UK,United Kingdom,G (45-47),Wholesale and retail trade; repair of motor vehicles,"187,814","186,036","202,350","201,673","201,529","200,897","205,650","214,642","226,093","226,510","223,209","199,052","218,804","221,449","222,594","219,010","235,002","236,723","237,341","245,522","242,509","240,832","202,276","225,191","229,915","228,111"
UK,United Kingdom,45,Motor trades,"32,479","31,896","34,941","37,139","36,993","36,092","34,759","34,839","33,597","34,407","33,261","27,007","34,654","31,969","34,572","35,210","37,371","39,079","36,796","38,948","37,716","34,951","26,104","28,819","31,387","35,603"
UK,United Kingdom,46,Wholesale trade,"57,970","57,095","63,612","61,312","59,897","62,878","65,448","72,358","82,049","81,238","82,713","76,732","82,228","86,333","85,611","81,941","90,902","87,428","87,195","89,317","88,414","90,060","74,881","87,022","90,488","87,355"
UK,United Kingdom,47,Retail trade,"99,716","99,427","105,993","106,315","108,077","104,544","107,703","109,079","111,743","112,141","108,482","96,495","103,591","104,735","103,993","103,223","108,705","111,627","114,244","118,209","117,247","116,472","101,728","109,459","108,040","105,153"
UK,United Kingdom,H (49-53),Transportation and storage,"68,671","72,204","73,817","72,305","68,501","71,238","73,547","74,679","77,995","79,092","80,948","71,819","76,119","78,295","78,761","80,696","81,919","76,820","78,014","79,054","81,052","83,355","56,671","62,331","81,689","80,665"
UK,United Kingdom,49,Land transport,"31,180","33,003","32,719","33,472","30,658","31,102","30,523","30,109","32,264","33,982","33,496","29,680","31,564","32,175","31,550","32,982","35,474","32,411","33,029","32,106","31,765","32,570","18,220","23,072","30,259","29,862"
UK,United Kingdom,50,Water transport,"5,406","6,635","8,139","8,018","7,001","7,709","10,860","11,154","8,565","6,525","9,268","5,905","6,521","8,645","9,177","10,427","9,107","8,672","7,902","8,160","7,877","7,633","3,573","4,486","5,784","4,895"
UK,United Kingdom,51,Air transport,"1,547","1,587","1,830","1,269","1,341","1,592","1,812","2,068","2,459","3,107","2,539","1,967","2,654","2,875","3,245","3,727","4,346","3,080","3,900","4,812","6,417","7,656",625,711,"3,608","5,334"
UK,United Kingdom,52,Warehousing and transport support activities,"28,070","28,108","26,438","26,079","25,137","25,913","26,305","25,801","27,921","28,165","29,585","27,740","28,889","29,257","28,567","27,531","29,075","29,251","28,849","28,990","29,491","30,100","25,140","25,366","28,469","27,613"
UK,United Kingdom,53,Postal and courier activities,"14,924","15,955","16,928","17,203","16,881","17,127","16,349","17,444","17,555","16,392","16,478","15,954","15,903","15,282","16,102","16,120","13,754","12,913","13,206","13,586","14,020","14,238","14,948","14,619","13,569","12,961"
UK,United Kingdom,I (55-56),Accommodation and food service activities,"54,815","55,795","55,624","55,137","56,870","58,535","61,126","62,419","60,487","60,157","59,251","54,973","56,853","59,743","59,965","64,415","61,710","60,583","63,900","67,465","66,491","67,525","41,856","53,542","65,660","62,647"
UK,United Kingdom,55,Accommodation,"11,689","12,650","12,213","11,517","12,544","13,599","14,031","14,563","15,163","14,803","13,671","12,135","13,369","15,036","16,291","17,555","17,697","17,965","19,328","19,686","20,196","20,860","10,304","14,864","19,750","17,539"
UK,United Kingdom,56,Food and beverage service activities,"43,254","43,256","43,519","43,726","44,407","45,009","47,179","47,923","45,303","45,354","45,642","42,939","43,509","44,712","43,690","46,878","44,008","42,642","44,623","47,800","46,318","46,710","31,432","38,615","45,910","45,108"
UK,United Kingdom,J (58-63),Information and communication,"14,008","16,714","21,888","24,430","27,443","32,262","35,620","39,288","41,651","46,885","49,217","51,599","54,815","61,167","64,467","68,187","76,582","84,168","93,493","97,357","107,622","117,389","123,734","133,709","139,369","136,388"
UK,United Kingdom,58,Publishing activities,"8,034","8,483","9,186","9,694","10,303","11,386","12,533","12,833","12,720","13,958","13,054","13,880","13,971","13,669","13,590","14,957","14,277","13,719","13,265","12,756","12,546","12,583","12,889","12,203","12,523","12,190"
UK,United Kingdom,59,"Motion picture, video and TV programme production","5,878","6,793","7,126","6,823","6,409","7,091","8,195","9,062","8,835","9,230","10,760","10,758","10,348","11,031","11,654","12,844","12,268","13,776","13,972","13,118","13,687","13,571","11,749","12,854","14,351","14,298"
UK,United Kingdom,60,Programming and broadcasting activities,"5,893","6,283","7,330","7,859","8,006","8,053","8,130","7,979","8,187","8,363","9,437","9,472","9,319","9,275","9,086","9,502","9,457","9,611","10,176","8,856","7,703","7,959","7,168","7,726","7,791","6,741"
UK,United Kingdom,61,Telecommunications,219,313,513,624,791,983,"1,190","1,359","1,606","1,900","2,134","2,616","3,093","4,026","4,614","5,149","6,944","9,032","11,435","13,657","18,243","22,201","28,413","32,483","33,106","35,110"
UK,United Kingdom,62,Computer programming and consultancy,"16,029","17,172","19,970","22,334","24,515","30,382","30,922","34,780","35,120","39,869","40,245","37,927","39,050","41,720","42,227","41,508","45,429","46,048","49,847","50,645","52,199","56,376","56,190","59,509","61,556","57,474"
UK,United Kingdom,63,Information service activities,"6,214","6,168","7,435","7,471","7,523","7,450","7,599","8,141","8,256","8,770","8,004","7,128","7,198","7,193","7,494","8,057","8,113","7,876","8,152","8,119","8,507","8,257","7,854","8,914","10,042","10,575"
UK,United Kingdom,K (64-66),Financial and insurance activities,"140,163","139,220","146,447","144,841","152,545","157,714","162,164","185,502","181,137","226,428","230,138","215,636","211,831","201,122","203,924","194,180","192,170","183,316","196,564","209,026","205,315","199,803","196,293","203,631","200,297","199,144"
UK,United Kingdom,64,Financial service activities,"100,538","96,687","98,135","105,459","124,186","133,097","147,527","157,442","178,980","203,446","195,375","170,225","158,089","155,070","150,641","142,999","130,082","126,906","135,591","132,955","124,161","116,536","102,959","97,983","98,192","99,818"
UK,United Kingdom,65,Insurance and pension funding,"38,785","39,266","41,392","34,854","27,808","25,342","22,165","32,867","19,667","30,968","32,060","30,130","34,172","29,018","32,363","28,689","34,274","28,851","29,953","36,465","37,585","35,581","39,970","43,463","41,931","41,501"
UK,United Kingdom,66,Activities auxiliary to finance and insurance,"15,332","16,885","20,538","19,891","22,434","24,310","22,945","20,378","21,984","25,496","31,143","36,390","35,153","33,490","34,915","36,279","35,420","36,800","40,859","46,277","48,282","50,945","54,058","62,090","60,174","57,825"
UK,United Kingdom,L (68),Real estate activities,"186,234","190,864","190,742","192,968","194,368","202,145","203,144","205,475","211,885","210,125","213,507","218,713","226,732","232,791","248,073","255,690","263,035","270,305","275,787","276,155","282,135","286,878","285,475","290,254","292,868","293,458"
UK,United Kingdom,68IMP,Owner-occupiers' imputed rental,"153,023","158,744","160,072","162,251","161,741","166,513","168,637","168,227","173,908","170,194","169,354","170,184","172,922","170,634","177,849","182,091","186,233","192,229","198,468","198,066","204,023","206,678","207,228","209,730","209,733","212,183"
UK,United Kingdom,68,"Real estate activities, excluding imputed rental","35,947","34,991","33,613","33,720","35,473","38,383","37,411","39,947","40,807","42,463","46,301","50,465","55,281","62,593","70,188","73,414","76,467","77,826","77,355","78,041","78,272","80,283","78,492","80,668","83,135","81,275"
UK,United Kingdom,M (69-75),"Professional, scientific and technical activities","95,415","100,054","105,642","109,583","113,102","121,177","128,791","131,775","140,964","143,885","141,123","133,982","139,253","138,534","140,573","147,382","152,442","158,315","158,961","162,483","163,115","166,929","158,734","173,539","188,074","188,491"
UK,United Kingdom,69,Legal and accounting activities,"31,152","33,644","35,704","36,609","36,529","39,014","42,416","43,485","47,683","48,027","47,121","47,207","48,445","48,867","50,601","54,466","55,361","56,631","57,751","59,136","58,446","60,431","58,545","63,807","67,565","67,432"
UK,United Kingdom,70,Head offices and management consultancy,"12,655","12,674","14,413","16,233","16,031","17,671","16,986","17,467","18,706","20,586","22,121","19,949","20,173","20,798","20,538","22,841","24,906","24,752","25,626","25,945","25,947","27,598","25,664","30,101","32,482","32,743"
UK,United Kingdom,71,Architectural and engineering activities,"16,399","17,076","17,486","17,475","18,679","19,363","20,956","20,649","22,139","22,508","23,301","22,262","22,606","21,296","22,020","24,153","25,379","26,085","25,197","26,433","25,189","24,959","23,100","24,476","26,026","26,425"
UK,United Kingdom,72,Scientific research and development,"19,660","19,413","17,532","17,564","20,047","20,820","23,469","23,912","22,733","23,974","23,692","21,847","26,158","23,601","22,136","15,892","16,830","17,226","16,732","15,768","17,816","17,417","17,810","17,527","20,421","20,051"
UK,United Kingdom,73,Advertising and market research,"10,026","11,037","12,352","13,183","13,790","15,993","16,693","17,432","19,449","18,842","15,298","13,569","14,039","15,147","16,108","17,072","16,438","20,484","19,373","19,958","20,674","20,321","19,245","21,356","23,731","23,297"
UK,United Kingdom,74,"Other professional, scientific and technical activities","6,837","6,877","7,505","7,735","7,941","8,181","8,578","8,917","9,430","9,284","8,838","8,053","7,840","8,131","7,899","9,207","10,136","9,308","10,048","10,420","9,939","11,181","9,496","10,683","11,803","13,175"
UK,United Kingdom,75,Veterinary activities,"2,086","2,298","2,484","2,451","2,419","2,433","2,589","2,986","3,108","3,306","3,355","3,483","3,542","3,508","3,568","3,811","3,468","3,673","4,123","4,528","4,997","4,851","4,806","5,643","6,046","5,368"
UK,United Kingdom,N (77-82),Administrative and support service activities,"58,984","59,326","60,637","63,799","63,421","64,522","66,678","68,990","71,196","75,215","77,488","73,244","75,147","78,892","82,692","91,486","98,622","104,802","105,944","109,944","110,068","111,794","94,568","101,484","113,127","120,822"
UK,United Kingdom,77,Rental and leasing activities,"17,435","17,875","18,901","20,156","21,008","20,930","20,792","22,396","22,396","23,146","22,028","22,219","21,681","21,542","22,135","25,343","26,464","28,432","27,948","30,493","29,392","30,284","27,604","26,756","25,465","27,947"
UK,United Kingdom,78,Employment activities,"13,322","14,031","15,085","15,804","15,182","16,630","17,464","17,619","18,274","19,301","20,793","19,134","19,748","20,478","21,267","23,855","26,263","28,231","27,288","29,391","30,195","30,370","27,701","29,434","30,787","28,302"
UK,United Kingdom,79,Travel agency and tour operator activities,"15,552","14,237","11,309","9,183","6,862","5,998","5,975","6,549","7,631","8,642","8,922","7,185","7,023","7,934","8,515","8,471","10,079","10,608","11,768","11,427","11,237","11,209","4,358","4,984","9,826","10,731"
UK,United Kingdom,80,Security and investigation activities,"2,655","2,608","2,801","2,961","2,817","2,828","2,716","2,753","2,729","2,903","2,863","2,758","2,681","2,960","3,069","3,189","3,456","3,502","3,484","3,735","4,022","4,023","3,710","3,990","3,976","3,923"
UK,United Kingdom,81,Services to buildings and landscape activities,"4,936","4,965","4,985","5,286","5,389","5,393","6,156","6,228","6,317","6,595","7,694","7,767","8,305","9,061","9,080","10,202","9,880","10,501","11,407","11,904","12,144","13,063","11,339","12,519","14,795","15,636"
UK,United Kingdom,82,Office administration and business support activities,"12,217","11,816","11,863","13,579","14,515","14,684","15,239","15,425","15,958","16,942","16,817","15,538","16,744","17,725","19,566","21,581","23,666","24,833","25,118","24,264","24,009","23,808","21,089","24,462","28,278","34,283"
UK,United Kingdom,O (84),Public administration and defence,"96,056","95,796","93,970","96,827","96,279","97,041","98,844","101,322","102,999","102,906","103,002","106,445","103,506","103,581","101,783","100,008","99,581","98,073","101,403","103,664","104,611","108,689","104,059","108,266","114,416","115,928"
UK,United Kingdom,P (85),Education,"120,336","122,703","124,210","124,944","121,193","119,081","119,998","118,684","115,241","114,221","112,067","110,481","109,621","113,498","116,718","114,124","114,300","115,477","114,885","115,951","120,520","127,281","105,482","123,839","136,033","140,042"
UK,United Kingdom,Q (86-88),Human health and social work activities,"135,166","134,283","138,608","151,773","152,942","159,796","165,209","170,718","171,419","172,402","174,751","170,190","175,180","177,796","180,918","181,990","183,119","189,717","194,715","202,179","201,487","198,538","140,925","176,318","183,265","184,151"
UK,United Kingdom,86,Human health activities,"100,987","100,017","103,203","115,073","115,943","121,364","126,102","131,278","131,931","134,414","135,109","131,189","132,489","135,054","140,308","138,663","140,701","145,990","148,278","155,991","156,781","155,287","93,161","125,495","127,367","125,629"
UK,United Kingdom,87,Residential care activities,"20,950","20,755","22,104","22,165","21,810","21,846","22,480","23,091","23,470","22,714","23,446","23,366","23,972","25,157","23,909","23,429","23,387","23,465","24,462","23,598","23,084","23,049","23,579","23,172","25,082","26,779"
UK,United Kingdom,88,Social work activities,"18,758","18,998","18,974","20,860","21,550","23,242","23,574","23,619","23,337","22,831","23,690","22,884","25,990","24,949","24,426","27,222","26,599","28,132","29,726","31,047","30,359","29,019","25,938","27,820","30,816","31,743"
UK,United Kingdom,R (90-93),"Arts, entertainment and recreation","25,615","26,155","26,676","27,451","29,289","32,357","33,992","35,234","35,393","33,147","33,125","30,958","30,235","32,447","31,203","32,351","32,381","31,426","29,806","31,719","31,676","32,829","23,143","27,090","30,973","31,957"
UK,United Kingdom,90,"Creative, arts and entertainment activities","6,613","6,956","7,890","7,342","7,966","7,335","7,309","8,067","8,764","8,935","7,994","7,642","7,677","8,196","8,026","8,417","8,045","8,371","7,950","8,435","8,791","9,449","6,259","7,822","8,819","9,194"
UK,United Kingdom,91,"Libraries, archives, museums and other cultural activities","2,178","2,283","2,546","2,595","2,616","3,023","3,096","3,246","3,219","2,926","2,972","2,996","2,959","2,741","2,661","2,673","2,560","2,558","2,595","2,638","2,722","2,565","1,953","2,231","2,564","2,750"
UK,United Kingdom,92,Gambling and betting activities,"8,436","8,166","6,550","7,154","7,257","8,936","10,047","10,057","9,048","8,880","8,962","7,753","6,588","8,496","7,325","8,261","8,771","7,599","5,334","6,660","6,337","6,332","4,934","4,983","5,214","5,072"
UK,United Kingdom,93,"Sports, amusement and recreation activities","9,069","9,283","9,633","10,479","11,497","13,368","13,999","14,256","14,576","12,677","13,476","12,704","12,986","13,201","13,279","13,155","13,219","13,034","13,919","14,031","13,855","14,506","10,015","12,062","14,376","14,941"
UK,United Kingdom,S (94-96),Other service activities,"33,262","31,253","31,546","30,541","31,610","30,028","30,328","29,960","30,391","30,083","30,086","30,923","30,935","29,864","30,011","30,780","31,879","32,211","33,138","35,323","36,464","36,275","29,841","32,978","35,792","36,836"
UK,United Kingdom,94,Activities of membership organisations,"8,550","7,646","7,696","7,362","7,901","7,795","8,184","8,119","8,470","8,141","7,793","8,192","8,215","7,801","7,661","8,091","8,176","8,029","7,662","8,575","8,665","8,914","7,740","8,903","9,257","10,489"
UK,United Kingdom,95,"Repair of computers, personal and household goods","3,370","3,067","2,939","2,638","2,738","2,284","2,534","2,409","2,631","2,286","2,491","2,321","2,442","2,879","2,669","2,786","3,345","3,276","3,688","3,653","3,619","3,011","2,569","2,906","2,903","2,888"
UK,United Kingdom,96,Other personal service activities,"21,284","20,538","20,914","20,560","20,964","19,930","19,558","19,380","19,214","19,594","19,779","20,353","20,221","19,175","19,684","19,879","20,407","20,970","21,961","23,199","24,292","24,397","19,544","21,163","23,632","23,459"
UK,United Kingdom,T (97-98),Activities of households ,"3,420","3,509","3,965","3,818","3,116","2,569","2,671","3,107","2,854","2,401","2,493","2,188","2,864","2,807","2,842","2,991","3,198","3,033","3,669","3,612","3,920","4,171","3,015","2,868","2,324","1,948"
TLB,England,Total,All industries,"1,213,418","1,255,787","1,314,186","1,349,079","1,373,128","1,417,925","1,451,282","1,499,046","1,541,438","1,588,627","1,591,144","1,516,095","1,560,760","1,586,406","1,620,672","1,652,573","1,708,690","1,743,273","1,778,583","1,828,056","1,853,495","1,885,650","1,701,644","1,851,082","1,936,254","1,945,256"
TLB,England,A-E,Production sector,"171,960","182,458","188,232","197,925","204,278","210,415","209,402","210,082","222,062","219,873","219,206","202,546","198,667","197,098","201,104","207,874","216,195","222,177","219,555","222,180","228,573","233,618","240,047","242,224","226,443","228,392"
TLB,England,A (1-3),"Agriculture, forestry and fishing","7,505","8,582","8,924","8,800","11,365","10,739","9,320","10,584","10,302","8,839","12,284","11,379","9,559","12,384","10,520","10,062","14,079","12,211","10,587","10,544","9,760","11,653","10,900","11,282","11,733","11,828"
TLB,England,1,Agriculture and hunting,"6,892","7,863","8,218","8,002","10,427","9,770","8,394","9,582","9,341","7,994","11,197","10,184","8,626","11,441","9,500","9,042","12,827","11,040","9,513","9,512","8,944","10,678","9,784","10,426","10,776","10,797"
TLB,England,2,Forestry and logging,766,"1,015",947,"1,090","1,212","1,610","1,752","1,471","1,426","1,208","1,589","1,936","1,235","1,056","1,261","1,245","1,048","1,135","1,062",966,731,888,987,656,766,825
TLB,England,3,Fishing and aquaculture,119,115,103,152,159,153,169,208,195,182,200,239,219,180,181,192,311,250,230,228,176,200,243,191,191,206
TLB,England,B (5-9),Mining and quarrying,"3,817","3,539","3,235","3,132","3,174","2,984","2,907","2,757","3,211","2,597","2,076","1,862","1,757","1,901","2,586","2,680","2,590","2,722","2,451","2,221","2,975","3,173","3,162","3,186","2,766","2,301"
TLB,England,5-8,"Mining and quarrying, excluding support activities","4,048","3,860","3,356","3,300","3,470","3,195","2,862","2,735","3,011","2,428","1,624","1,475","1,366","1,749","2,393","2,437","2,422","2,101","2,192","2,011","2,731","2,783","2,578","2,601","2,294","1,905"
TLB,England,9,Mining support service activities,377,294,355,314,246,270,419,385,565,463,639,551,548,319,422,469,409,765,260,199,213,369,597,597,472,396
TLB,England,C (10-33),Manufacturing,"122,465","129,136","134,911","140,385","145,478","149,502","152,377","154,715","164,854","165,208","164,074","146,923","147,552","147,194","151,824","157,446","163,476","164,154","161,790","166,098","173,112","173,425","177,955","185,189","170,346","172,119"
TLB,England,CA (10-12),"Manufacture of food, beverages and tobacco","23,551","23,867","24,132","23,541","24,419","25,809","26,860","24,643","26,288","25,994","24,147","24,299","22,259","21,093","21,155","21,535","22,153","20,680","22,918","22,704","25,861","25,928","26,073","27,411","25,519","24,656"
TLB,England,10,Manufacture of food products,"19,524","19,458","19,689","19,378","19,962","21,142","22,053","20,102","21,413","21,249","19,604","19,611","17,755","16,808","16,975","17,359","18,083","17,110","19,222","18,303","20,876","21,086","21,444","22,025","20,873","20,406"
TLB,England,11-12,Manufacture of beverages and tobacco products,"4,013","4,440","4,473","4,170","4,491","4,694","4,827","4,581","4,927","4,780","4,606","4,785","4,659","4,439","4,297","4,273","4,101","3,574","3,633","4,451","5,037","4,885","4,673","5,411","4,646","4,249"
TLB,England,CB (13-15),"Manufacture of textiles, wearing apparel and leather","2,401","2,478","2,562","2,584","2,747","2,659","2,654","2,604","2,771","3,094","2,757","3,339","4,080","2,892","3,822","4,033","4,139","4,780","4,127","4,926","5,000","5,576","3,704","4,992","5,005","4,489"
TLB,England,13,Manufacture of textiles,939,995,"1,056","1,142","1,259","1,303","1,227","1,244","1,347","1,594","1,475","1,840","1,989","1,416","1,863","1,881","1,715","2,092","2,413","2,842","2,827","3,343","2,069","2,830","2,972","2,562"
TLB,England,14,Manufacture of wearing apparel,"1,076","1,088","1,101","1,100","1,099","1,093","1,137","1,091","1,105","1,155",879,"1,033","1,695","1,131","1,540","1,754","2,120","2,508","1,420","1,805","1,934","1,932","1,384","1,861","1,727","1,650"
TLB,England,15,Manufacture of leather products,492,497,506,380,440,233,292,256,308,288,368,390,408,353,427,454,537,360,322,333,303,356,296,341,305,277
TLB,England,CC (16-18),Manufacture of wood and paper products and printing,"7,781","8,397","8,439","8,732","9,338","10,000","10,722","11,197","11,559","11,983","11,741","10,781","10,851","10,151","10,598","11,500","11,292","11,074","11,875","12,030","12,522","12,720","11,774","12,518","10,615","9,734"
TLB,England,16,"Manufacture of wood products, except furniture","2,695","3,057","3,033","3,136","3,088","3,203","3,694","3,435","3,512","3,494","3,223","2,403","2,647","2,755","2,881","2,867","2,853","3,295","3,696","3,476","3,882","4,162","3,952","3,498","3,119","2,963"
TLB,England,17,Manufacture of paper products,"1,866","2,137","1,961","2,137","2,638","2,855","3,024","3,004","2,726","3,253","2,868","2,745","3,360","2,870","3,182","3,702","3,586","3,381","3,394","3,591","3,614","3,912","3,849","4,446","3,349","3,091"
TLB,England,18,Printing and reproduction of recorded media,"3,591","3,669","3,891","3,912","3,968","4,270","4,486","5,007","5,481","5,432","5,674","5,440","4,775","4,557","4,543","4,848","4,780","4,461","4,890","4,978","5,132","4,816","4,151","4,620","4,147","3,680"
TLB,England,CD-CE (19-20),"Manufacture of coke, refined petroleum and chemicals","8,282","8,606","9,020","8,500","9,031","9,504","8,635","9,209","9,444","8,890","8,733","9,108","9,160","7,050","8,597","9,699","11,622","15,363","13,452","12,857","13,598","14,828","15,322","15,172","12,804","11,447"
TLB,England,CF (21),Manufacture of pharmaceutical products,"9,639","11,245","11,374","12,400","13,577","13,239","13,916","14,633","16,224","16,185","17,924","15,050","14,378","13,667","12,807","12,187","11,818","12,518","11,343","10,964","11,099","11,769","14,138","14,504","13,681","15,886"
TLB,England,CG (22-23),"Manufacture of rubber, plastic and non-metallic minerals ","12,677","13,711","14,457","15,449","14,347","14,651","14,833","14,927","14,483","13,742","11,807","10,739","11,235","11,349","12,758","14,316","14,367","14,791","13,501","13,583","14,286","14,381","14,470","14,393","12,878","11,606"
TLB,England,22,Manufacture of rubber and plastic products,"6,870","7,741","7,807","8,586","7,535","7,798","7,970","7,934","7,583","7,390","6,450","6,052","6,125","6,196","7,040","8,246","8,007","8,726","7,486","7,438","7,751","7,927","7,743","7,709","7,043","6,386"
TLB,England,23,Manufacture of other non-metallic mineral products,"5,919","5,981","6,789","6,928","7,035","7,041","7,030","7,187","7,115","6,511","5,479","4,766","5,232","5,275","5,826","6,083","6,456","6,050","6,021","6,165","6,561","6,467","6,750","6,705","5,835","5,219"
TLB,England,CH (24-25),Manufacture of basic and fabricated metal products,"20,944","21,805","22,174","21,943","21,765","21,911","20,212","20,572","19,878","19,287","19,134","14,398","15,599","16,346","18,292","18,016","19,370","20,082","20,561","20,414","20,528","19,616","21,290","20,081","19,330","19,972"
TLB,England,24,Manufacture of basic metals,"7,746","9,165","8,854","9,250","8,204","8,536","7,172","7,569","6,644","6,854","6,247","3,838","3,990","3,817","5,148","3,742","4,746","5,788","6,139","5,858","6,010","4,338","5,844","4,302","4,058","4,151"
TLB,England,25,Manufacture of fabricated metal products,"14,828","14,659","15,202","14,718","15,237","15,152","14,460","14,519","14,532","13,813","14,086","11,235","12,301","13,223","13,994","14,731","15,216","15,080","15,299","15,345","15,351","15,573","15,922","15,793","15,272","15,821"
TLB,England,CI (26),"Manufacture of computer, electronic and optical products","1,976","2,103","2,562","3,546","4,609","4,467","5,157","5,593","7,521","7,931","8,708","9,381","9,040","9,349","9,162","10,133","10,160","9,024","9,898","10,424","10,496","10,545","11,285","12,163","11,472","11,575"
TLB,England,CJ (27),Manufacture of electrical equipment,"5,029","5,174","5,388","6,413","7,028","7,183","6,148","6,125","6,527","6,623","6,992","5,538","5,000","5,354","5,884","5,574","5,470","5,079","4,870","5,270","5,253","5,950","7,767","6,560","4,752","4,616"
TLB,England,CK (28),Manufacture of machinery and equipment,"12,024","12,416","12,544","12,798","13,249","14,053","15,397","15,512","16,116","17,297","16,023","11,921","13,800","15,384","15,591","15,771","15,127","13,951","12,727","13,765","15,104","13,756","14,203","15,816","14,004","13,881"
TLB,England,CL (29-30),Manufacture of transport equipment,"15,874","16,433","18,424","20,061","18,836","19,989","21,485","22,489","24,641","24,272","28,025","21,325","20,509","24,762","21,956","23,002","25,403","24,867","24,310","26,016","25,455","24,576","24,496","26,153","24,817","28,585"
TLB,England,29,Manufacture of motor vehicles,"8,330","7,516","8,340","9,550","8,569","8,684","8,915","9,396","10,294","10,898","14,393","10,725","11,220","12,773","12,406","14,434","17,162","17,350","15,993","16,995","15,988","14,343","13,333","14,895","14,515","17,714"
TLB,England,30,Manufacture of other transport equipment,"6,869","8,410","9,533","9,771","9,620","10,696","11,988","12,478","13,673","12,718","13,008","10,065","9,005","11,666","9,334","8,612","8,439","7,791","8,350","9,050","9,474","10,191","11,246","11,277","10,303","10,871"
TLB,England,CM (31-33),"Other manufacturing, repair and installation","12,107","13,420","13,579","13,007","13,547","13,501","13,322","13,792","15,475","15,710","14,667","14,166","14,898","14,267","14,430","14,757","15,107","14,136","13,846","14,546","15,317","15,255","15,213","15,992","15,470","15,672"
TLB,England,31,Manufacture of furniture,"3,353","3,521","3,710","3,776","3,597","3,566","3,274","3,577","3,930","4,135","3,680","3,336","3,645","3,583","3,214","3,526","3,759","3,628","3,672","3,709","3,926","3,881","3,513","3,846","3,943","3,477"
TLB,England,32,Other manufacturing,"3,028","3,561","3,591","3,848","4,049","4,541","4,645","4,749","5,458","5,631","5,611","5,514","5,565","5,603","5,605","4,925","5,049","5,080","4,451","4,894","4,918","5,112","4,906","4,928","4,263","4,453"
TLB,England,33,Repair and installation of machinery and equipment,"5,956","6,581","6,494","5,475","6,064","5,522","5,593","5,612","6,275","6,106","5,608","5,600","5,920","5,328","5,916","6,445","6,425","5,590","5,772","6,029","6,526","6,337","6,837","7,229","7,264","7,742"
TLB,England,D (35),"Electricity, gas, steam and air conditioning supply","22,189","27,767","24,077","31,676","28,906","32,526","28,743","22,333","25,386","24,422","22,363","22,947","21,347","18,958","19,730","21,156","19,392","24,275","24,960","23,223","22,343","25,259","27,525","20,473","19,243","20,471"
TLB,England,E (36-39),Water supply; sewerage and waste management,"24,581","22,705","23,853","23,745","22,617","23,600","21,850","22,630","20,916","20,856","20,799","21,465","20,584","19,203","18,566","18,569","19,281","20,114","20,654","20,608","20,835","20,841","21,129","22,440","22,356","21,673"
TLB,England,36,Water supply,"8,466","8,026","7,543","7,318","7,298","7,218","6,770","6,655","6,072","5,838","6,115","5,664","5,650","5,456","5,499","5,617","5,545","5,702","6,232","6,227","6,703","6,511","6,486","6,831","6,634","6,308"
TLB,England,37,Sewerage activities,"6,323","6,209","7,667","8,100","8,545","8,924","8,800","8,857","8,588","8,375","8,375","8,543","8,620","8,165","7,546","7,633","7,578","7,687","7,903","7,523","7,377","7,306","7,768","7,657","7,591","7,309"
TLB,England,38,"Waste collection, treatment and disposal activities","10,772","9,002","8,875","8,440","6,764","7,481","6,321","7,121","6,255","6,612","6,299","7,212","6,103","5,382","5,248","5,052","5,784","6,260","6,037","6,456","6,312","6,553","6,374","7,430","7,524","7,440"
TLB,England,39,Remediation and other waste management services,236,233,204,234,206,160,135,141,112,107,94,117,129,131,187,207,309,418,402,359,409,442,443,523,608,616
TLB,England,F (41-43),Construction,"108,689","114,817","114,980","115,255","114,904","112,287","111,289","109,967","110,620","109,104","102,246","86,547","94,482","100,123","99,301","104,290","108,192","113,029","111,023","115,707","113,750","114,649","100,152","111,712","120,081","122,495"
TLB,England,41,Construction of buildings,"38,716","41,565","42,466","43,027","45,187","44,761","43,899","43,092","42,798","41,604","35,273","25,929","30,719","32,724","31,307","34,646","35,190","38,343","37,428","39,614","39,864","40,071","33,426","38,425","43,043","38,594"
TLB,England,42,Civil engineering,"21,865","22,464","22,257","21,507","19,602","18,476","18,743","17,824","17,738","17,534","17,964","18,016","18,150","18,848","19,829","19,719","20,013","20,771","20,780","21,262","21,934","20,943","19,717","20,502","21,328","21,748"
TLB,England,43,Specialised construction activities,"48,471","51,131","50,583","51,045","50,519","49,515","49,053","49,557","50,623","50,483","49,169","42,600","45,571","48,530","48,100","49,917","53,019","54,000","52,870","54,889","51,961","53,641","47,116","52,829","55,709","62,153"
TLB,England,G-T,Services sector,"942,847","967,958","1,019,745","1,042,637","1,059,611","1,099,448","1,134,645","1,182,572","1,211,885","1,262,309","1,272,069","1,229,648","1,270,900","1,293,347","1,324,214","1,344,375","1,388,269","1,412,118","1,452,459","1,494,993","1,515,776","1,542,056","1,364,577","1,499,119","1,589,730","1,594,369"
TLB,England,G (45-47),Wholesale and retail trade; repair of motor vehicles,"163,749","162,297","176,642","175,686","175,895","175,142","178,828","186,813","196,484","197,009","193,971","172,560","189,546","191,444","192,351","189,473","203,643","206,059","206,500","213,894","211,237","209,717","177,120","196,081","201,700","199,809"
TLB,England,45,Motor trades,"28,037","27,820","30,767","33,054","33,212","32,456","31,049","30,887","29,873","30,469","29,488","23,796","30,496","28,357","30,411","30,907","32,978","34,719","32,708","34,315","33,083","30,567","22,690","25,023","27,551","31,174"
TLB,England,46,Wholesale trade,"52,756","51,954","57,848","55,502","54,025","56,729","58,953","65,287","73,819","73,182","74,552","69,132","73,868","76,869","76,326","73,317","81,060","78,315","78,352","80,548","79,681","81,235","68,155","78,308","81,788","78,940"
TLB,England,47,Retail trade,"84,774","84,441","89,829","89,847","91,812","88,367","90,886","92,108","93,966","94,510","91,053","80,695","86,657","87,612","87,005","86,458","91,312","94,247","96,261","99,870","99,217","98,462","86,625","92,848","92,361","89,695"
TLB,England,H (49-53),Transportation and storage,"59,678","62,752","63,833","61,962","58,737","61,057","62,947","64,218","67,373","68,579","70,080","62,008","65,888","67,562","68,226","69,804","70,990","66,724","67,870","68,997","70,865","73,033","49,597","54,425","71,730","70,692"
TLB,England,49,Land transport,"26,672","28,280","27,967","28,293","25,837","26,066","25,546","25,410","27,419","29,034","28,766","25,476","27,100","27,561","27,251","28,511","30,599","28,001","28,454","27,901","27,528","28,300","15,802","19,878","26,194","25,904"
TLB,England,50,Water transport,"4,587","5,528","6,612","6,475","5,719","6,208","8,711","9,002","7,024","5,406","7,789","4,933","5,444","7,199","7,592","8,705","7,672","7,332","6,739","6,995","6,769","6,528","3,034","3,479","4,573","3,779"
TLB,England,51,Air transport,"1,469","1,505","1,735","1,201","1,268","1,498","1,707","1,949","2,296","2,898","2,334","1,810","2,446","2,636","2,948","3,375","3,931","2,805","3,591","4,484","5,949","7,137",508,604,"3,288","4,819"
TLB,England,52,Warehousing and transport support activities,"25,428","25,593","23,825","23,426","22,592","23,382","23,872","23,382","25,257","25,465","26,480","24,593","25,739","26,016","25,407","24,329","25,707","25,922","25,512","25,474","25,996","26,584","22,222","22,695","25,414","24,457"
TLB,England,53,Postal and courier activities,"13,096","14,023","14,898","15,105","14,748","15,067","14,284","15,293","15,343","14,267","14,407","13,942","13,928","13,351","14,202","14,237","12,255","11,541","11,867","12,175","12,609","12,793","13,478","13,248","12,261","11,732"
TLB,England,I (55-56),Accommodation and food service activities,"46,280","47,234","47,084","46,944","48,540","49,838","52,068","53,061","51,316","51,146","50,404","46,752","48,591","51,238","51,081","54,970","52,734","51,682","54,562","57,764","56,911","57,479","35,785","46,028","56,607","53,980"
TLB,England,55,Accommodation,"9,464","10,298","10,035","9,428","10,174","10,963","11,255","11,703","12,312","12,099","11,126","9,802","10,832","12,173","13,078","14,099","14,373","14,628","15,757","16,164","16,602","17,180","8,514","12,311","16,531","14,727"
TLB,England,56,Food and beverage service activities,"36,906","37,012","37,123","37,589","38,422","38,926","40,874","41,403","38,966","39,022","39,308","37,020","37,768","39,058","38,005","40,873","38,341","37,060","38,834","41,607","40,318","40,333","27,169","33,660","40,076","39,252"
TLB,England,J (58-63),Information and communication,"13,342","15,946","20,857","23,183","25,988","30,510","33,620","37,201","39,586","44,571","46,810","48,767","51,836","57,833","60,886","64,277","72,125","78,930","87,607","90,980","99,978","109,086","115,027","124,092","129,043","126,245"
TLB,England,58,Publishing activities,"7,455","7,886","8,555","9,011","9,584","10,584","11,622","11,919","11,785","13,007","12,281","13,120","13,282","13,060","12,970","14,328","13,693","13,155","12,737","12,255","12,095","12,169","12,526","11,907","12,177","11,868"
TLB,England,59,"Motion picture, video and TV programme production","5,535","6,434","6,754","6,477","6,058","6,664","7,703","8,617","8,411","8,769","10,216","10,161","9,705","10,293","10,852","11,773","11,209","12,596","12,889","12,416","12,879","12,763","11,088","12,133","13,504","13,538"
TLB,England,60,Programming and broadcasting activities,"4,975","5,371","5,965","6,526","6,717","6,583","6,521","6,561","7,579","7,725","8,737","8,638","8,575","8,608","8,617","9,055","9,065","9,245","9,746","8,455","7,339","7,598","6,797","7,277","7,291","6,304"
TLB,England,61,Telecommunications,199,286,472,569,722,897,"1,086","1,240","1,459","1,725","1,934","2,362","2,797","3,653","4,194","4,681","6,334","8,211","10,352","12,306","16,316","19,923","25,763","29,120","29,544","31,374"
TLB,England,62,Computer programming and consultancy,"15,244","16,302","18,917","21,047","22,963","28,472","28,890","32,498","32,811","37,362","37,881","35,495","36,633","39,148","39,459","38,630","42,199","42,580","46,231","46,728","48,134","52,097","51,707","55,064","56,909","52,975"
TLB,England,63,Information service activities,"5,937","5,896","7,141","7,158","7,211","7,169","7,352","7,873","7,952","8,416","7,600","6,751","6,819","6,800","7,043","7,639","7,724","7,482","7,768","7,735","8,076","7,837","7,556","8,568","9,617","10,187"
TLB,England,K (64-66),Financial and insurance activities,"128,016","126,675","132,797","131,063","138,009","142,504","146,192","167,073","165,107","204,373","207,299","193,609","190,675","181,991","183,223","173,973","172,034","163,936","175,140","185,987","182,532","177,623","175,402","182,160","178,581","177,528"
TLB,England,64,Financial service activities,"93,674","89,831","91,281","97,826","114,354","121,802","133,279","142,765","163,243","186,034","178,416","155,328","144,701","142,861","137,606","128,557","116,814","114,149","120,180","118,302","110,025","102,450","90,618","85,846","86,131","87,885"
TLB,England,65,Insurance and pension funding,"34,195","34,287","35,550","29,396","23,271","21,122","18,713","27,992","16,966","25,978","26,865","24,724","28,540","23,991","26,874","24,286","29,316","24,228","25,342","30,401","31,611","30,403","34,496","37,586","35,797","35,161"
TLB,England,66,Activities auxiliary to finance and insurance,"13,925","15,518","19,037","18,491","20,738","22,565","21,436","19,042","20,334","23,755","28,824","33,821","32,696","31,289","32,479","33,837","33,026","34,296","38,496","43,604","45,362","47,793","50,967","58,647","56,653","54,482"
TLB,England,L (68),Real estate activities,"163,857","167,953","167,807","170,294","171,407","178,522","179,599","181,993","186,139","185,885","190,073","193,769","200,936","205,482","219,706","226,076","233,205","240,208","245,303","244,453","250,455","253,683","251,671","256,140","257,943","258,136"
TLB,England,68IMP,Owner-occupiers' imputed rental,"136,462","141,665","142,527","144,840","143,777","148,209","150,383","150,171","153,555","151,393","150,705","150,353","152,578","149,879","156,869","160,321","164,454","170,049","175,911","174,386","179,953","181,388","181,542","183,510","183,286","185,150"
TLB,England,68,"Real estate activities, excluding imputed rental","30,348","29,414","28,471","28,713","30,664","33,262","32,338","34,723","35,547","37,182","41,558","45,334","49,800","56,066","62,880","65,661","68,526","70,003","69,520","70,076","70,674","72,378","70,376","72,747","74,657","72,985"
TLB,England,M (69-75),"Professional, scientific and technical activities","86,691","91,198","96,459","99,648","102,873","109,756","116,300","119,044","127,077","129,749","126,897","120,440","125,273","124,550","126,582","133,070","137,734","143,473","144,522","147,570","148,050","151,948","145,328","158,654","171,291","171,628"
TLB,England,69,Legal and accounting activities,"28,065","30,537","32,517","33,018","33,035","35,108","38,105","39,247","42,997","43,465","42,757","42,895","44,109","44,509","46,161","49,858","50,708","52,061","53,115","54,245","53,826","55,614","54,125","58,946","62,214","62,066"
TLB,England,70,Head offices and management consultancy,"11,847","11,887","13,510","15,161","15,007","16,599","15,920","16,264","17,429","19,208","20,784","18,781","19,043","19,671","19,391","21,535","23,496","23,347","24,208","24,484","24,431","26,039","24,326","28,465","30,679","30,902"
TLB,England,71,Architectural and engineering activities,"14,216","14,837","15,205","15,117","16,125","16,594","17,958","17,630","18,716","18,845","19,228","18,431","18,756","17,658","18,404","20,092","21,180","21,967","21,561","22,856","21,706","21,520","20,100","20,845","21,970","22,389"
TLB,England,72,Scientific research and development,"18,368","18,074","16,265","16,288","18,612","19,116","21,421","21,755","20,774","21,857","21,484","19,680","23,270","20,456","19,088","13,697","14,412","14,504","14,038","13,040","14,425","14,325","15,122","14,745","17,333","16,837"
TLB,England,73,Advertising and market research,"9,670","10,633","11,905","12,685","13,213","15,229","15,825","16,566","18,400","17,898","14,601","12,954","13,462","14,524","15,472","16,446","15,886","19,851","18,831","19,322","20,043","19,775","18,838","20,910","23,085","22,715"
TLB,England,74,"Other professional, scientific and technical activities","6,192","6,257","6,831","7,046","7,227","7,371","7,738","8,071","8,507","8,388","8,088","7,373","7,174","7,426","7,175","8,387","9,274","8,497","9,129","9,463","9,135","10,253","8,550","9,875","10,776","12,072"
TLB,England,75,Veterinary activities,"1,786","1,986","2,164","2,140","2,110","2,129","2,253","2,574","2,686","2,865","2,701","2,816","2,920","2,935","3,036","3,283","3,000","3,184","3,585","3,910","4,372","4,260","4,201","4,918","5,234","4,649"
TLB,England,N (77-82),Administrative and support service activities,"53,480","53,774","55,121","57,787","57,344","58,029","59,798","61,662","63,368","67,047","68,951","64,930","67,003","70,496","73,894","81,917","88,425","94,343","95,570","99,290","98,951","100,729","84,975","91,371","102,166","109,241"
TLB,England,77,Rental and leasing activities,"15,361","15,680","16,703","17,749","18,554","18,486","18,454","19,884","19,835","20,503","19,429","19,569","19,169","19,251","19,705","22,685","23,819","25,671","25,252","27,523","26,614","27,368","25,132","23,984","22,804","25,059"
TLB,England,78,Employment activities,"12,189","12,833","13,814","14,431","13,844","15,182","15,893","16,003","16,441","17,378","18,734","17,217","17,899","18,523","19,186","21,527","23,716","25,610","24,881","26,908","27,409","27,625","25,056","26,674","27,996","25,791"
TLB,England,79,Travel agency and tour operator activities,"14,127","13,011","10,384","8,347","6,206","5,435","5,419","5,915","6,830","7,733","8,020","6,431","6,281","7,161","7,713","7,692","9,153","9,667","10,771","10,468","10,229","10,229","3,934","4,613","9,028","9,824"
TLB,England,80,Security and investigation activities,"2,373","2,317","2,487","2,622","2,490","2,500","2,396","2,422","2,403","2,577","2,554","2,472","2,422","2,680","2,779","2,899","3,134","3,157","3,142","3,327","3,562","3,593","3,259","3,571","3,512","3,476"
TLB,England,81,Services to buildings and landscape activities,"4,432","4,455","4,495","4,750","4,847","4,804","5,428","5,411","5,466","5,719","6,640","6,626","7,071","7,660","7,634","8,576","8,318","8,945","9,717","10,316","10,474","11,223","9,766","10,786","12,766","13,424"
TLB,England,82,Office administration and business support activities,"11,378","11,060","11,110","12,672","13,431","13,268","13,627","13,745","14,233","15,154","14,983","13,789","15,053","15,979","17,757","19,643","21,436","22,545","22,844","21,921","21,578","21,625","19,040","22,345","26,059","31,667"
TLB,England,O (84),Public administration and defence,"75,487","75,551","73,650","75,596","75,263","76,001","77,822","80,091","81,860","81,391","81,942","85,053","82,698","81,998","80,698","79,552","78,533","78,183","80,654","82,282","83,461","86,594","82,745","85,893","91,598","92,539"
TLB,England,P (85),Education,"100,906","102,703","103,933","104,835","101,762","100,045","101,118","100,021","97,365","96,693","94,937","93,892","93,424","96,898","99,768","97,546","98,030","99,334","98,893","99,914","104,216","109,721","90,809","106,850","117,497","121,370"
TLB,England,Q (86-88),Human health and social work activities,"110,753","110,476","113,689","124,428","125,392","130,793","135,374","138,795","139,970","140,398","141,883","138,573","143,938","145,620","148,903","149,642","150,587","156,205","160,222","166,170","165,502","163,814","115,265","144,627","150,729","150,710"
TLB,England,86,Human health activities,"81,604","81,234","83,397","92,706","93,826","97,938","102,027","105,998","106,656","108,676","109,298","106,742","108,357","110,343","115,843","114,422","116,262","121,054","122,774","129,049","129,748","129,359","77,108","104,216","106,400","104,157"
TLB,England,87,Residential care activities,"17,640","17,510","18,723","18,923","18,311","18,446","18,888","19,007","19,545","18,664","19,206","18,891","19,660","20,422","19,350","18,832","18,472","18,215","19,133","18,364","18,135","18,136","18,492","18,288","19,708","21,181"
TLB,England,88,Social work activities,"15,768","15,977","15,938","17,656","18,175","19,539","19,837","19,432","19,436","18,933","19,243","18,667","21,677","20,678","19,911","22,256","21,945","23,326","24,577","25,596","24,715","23,582","21,101","22,245","24,620","25,372"
TLB,England,R (90-93),"Arts, entertainment and recreation","22,364","22,842","23,372","24,084","25,721","28,401","29,524","30,903","30,833","28,832","28,535","26,587","26,110","27,848","26,753","27,834","28,205","27,609","26,374","28,159","28,210","29,276","20,651","24,154","27,402","28,358"
TLB,England,90,"Creative, arts and entertainment activities","6,147","6,497","7,346","6,867","7,523","6,923","6,875","7,656","8,274","8,463","7,528","7,113","7,128","7,594","7,396","7,823","7,572","7,938","7,524","7,998","8,353","9,015","5,914","7,070","8,154","8,533"
TLB,England,91,"Libraries, archives, museums and other cultural activities","1,880","1,969","2,202","2,245","2,256","2,628","2,664","2,822","2,763","2,490","2,516","2,560","2,537","2,346","2,247","2,249","2,161","2,152","2,197","2,279","2,340","2,188","1,668","1,899","2,195","2,360"
TLB,England,92,Gambling and betting activities,"7,348","7,075","5,682","6,086","6,087","7,542","8,282","8,329","7,348","7,185","6,933","5,892","4,995","6,447","5,552","6,391","7,008","6,130","4,341","5,532","5,339","5,241","4,175","4,230","4,361","4,240"
TLB,England,93,"Sports, amusement and recreation activities","7,670","7,838","8,166","9,037","9,924","11,611","12,116","12,450","12,637","10,929","11,760","11,098","11,397","11,573","11,597","11,471","11,628","11,492","12,298","12,384","12,200","12,848","8,907","10,961","12,692","13,225"
TLB,England,S (94-96),Other service activities,"28,827","27,147","27,468","26,547","27,392","25,987","26,259","26,043","26,456","26,232","26,364","27,116","27,168","26,189","26,233","26,872","27,871","28,134","28,880","30,892","31,756","31,711","26,287","28,987","31,453","32,447"
TLB,England,94,Activities of membership organisations,"7,295","6,533","6,535","6,247","6,649","6,582","6,949","6,918","7,283","7,019","6,763","7,089","7,146","6,859","6,750","7,114","7,242","7,184","6,836","7,751","7,850","8,067","7,031","7,880","8,165","9,295"
TLB,England,95,"Repair of computers, personal and household goods","2,945","2,683","2,582","2,307","2,388","1,999","2,244","2,149","2,383","2,077","2,258","2,121","2,227","2,625","2,441","2,528","3,025","2,953","3,322","3,273","3,246","2,690","2,331","2,682","2,664","2,654"
TLB,England,96,Other personal service activities,"18,577","17,966","18,396","18,051","18,396","17,432","17,060","16,971","16,757","17,115","17,354","17,891","17,778","16,714","17,056","17,222","17,655","18,051","18,874","19,947","20,741","20,979","16,925","18,419","20,624","20,499"
TLB,England,T (97-98),Activities of households ,"3,137","3,189","3,586","3,408","2,758","2,295","2,384","2,793","2,568","2,191","2,304","1,870","2,472","2,394","2,431","2,545","2,763","2,566","3,188","3,092","3,362","3,584","2,603","2,481","1,991","1,684"
TLC,North East,Total,All industries,"42,708","43,452","44,582","46,419","48,477","50,255","53,174","53,912","55,600","55,381","54,739","52,833","53,692","54,363","55,505","55,223","56,425","58,299","58,090","59,263","59,575","61,102","54,146","59,981","62,364","63,502"
TLC,North East,A-E,Production sector,"9,394","9,674","9,809","10,139","11,006","11,664","11,711","11,465","12,071","12,116","12,195","11,443","11,318","10,396","10,937","10,959","11,128","11,739","11,251","11,159","11,366","11,860","12,070","11,671","10,467","10,880"
TLC,North East,A (1-3),"Agriculture, forestry and fishing",201,201,194,173,326,309,277,273,292,222,343,339,346,475,375,359,544,464,377,376,340,420,375,433,465,402
TLC,North East,1,Agriculture and hunting,161,159,160,135,281,264,233,230,249,183,297,284,300,430,324,308,477,400,319,322,298,365,322,390,420,353
TLC,North East,2,Forestry and logging,78,91,64,56,62,81,83,70,62,51,61,94,64,47,59,60,50,58,57,51,35,48,49,32,33,37
TLC,North East,3,Fishing and aquaculture,12,11,10,15,14,12,12,14,14,14,15,15,13,11,11,12,21,17,15,13,12,14,12,11,13,12
TLC,North East,B (5-9),Mining and quarrying,170,183,172,173,187,223,228,189,201,137,130,154,169,216,300,332,310,326,203,138,177,182,129,123,142,104
TLC,North East,5-8,"Mining and quarrying, excluding support activities",215,238,192,198,225,243,208,182,188,145,84,109,120,206,279,284,289,235,187,129,166,154,118,114,129,89
TLC,North East,9,Mining support service activities,14,11,29,27,22,41,68,50,57,28,69,72,78,48,71,94,76,122,22,12,14,32,12,7,13,14
TLC,North East,C (10-33),Manufacturing,"6,237","6,385","6,648","6,629","7,183","7,623","7,653","7,725","8,188","8,328","8,369","7,539","7,798","7,468","7,941","8,070","8,217","8,676","8,253","8,216","8,614","8,800","9,464","9,501","8,462","8,958"
TLC,North East,CA (10-12),"Manufacture of food, beverages and tobacco",819,834,873,856,874,917,917,758,838,852,827,669,688,673,653,624,586,588,628,638,724,673,608,645,612,603
TLC,North East,10,Manufacture of food products,652,637,673,713,733,766,756,638,715,732,694,590,617,611,602,584,542,540,579,575,650,615,582,528,477,487
TLC,North East,11-12,Manufacture of beverages and tobacco products,165,193,197,146,144,155,164,124,128,124,136,82,72,62,51,40,44,49,49,66,76,60,30,118,135,117
TLC,North East,CB (13-15),"Manufacture of textiles, wearing apparel and leather",87,89,90,97,99,106,97,91,94,99,88,114,150,91,112,124,130,163,143,180,161,189,154,188,179,150
TLC,North East,13,Manufacture of textiles,22,24,24,33,39,49,43,45,48,51,46,64,81,58,72,80,76,98,106,129,106,134,90,115,101,92
TLC,North East,14,Manufacture of wearing apparel,63,63,63,61,55,54,50,42,41,43,36,40,61,22,25,29,43,54,25,37,42,39,49,56,63,47
TLC,North East,15,Manufacture of leather products,5,6,7,7,10,7,7,6,8,7,8,8,9,8,10,12,14,12,10,11,12,13,13,14,14,10
TLC,North East,CC (16-18),Manufacture of wood and paper products and printing,311,328,331,376,389,442,486,480,501,546,561,580,573,521,507,565,606,641,680,742,738,815,617,638,509,477
TLC,North East,16,"Manufacture of wood products, except furniture",177,182,164,179,171,179,206,201,231,242,245,218,222,196,165,145,150,206,209,224,251,335,243,206,181,167
TLC,North East,17,Manufacture of paper products,84,102,106,123,137,160,169,163,148,180,175,193,221,178,177,201,201,206,212,219,191,223,191,233,170,157
TLC,North East,18,Printing and reproduction of recorded media,86,78,86,97,98,114,127,130,141,145,158,174,140,152,160,203,234,221,247,286,294,272,190,199,157,153
TLC,North East,CD-CE (19-20),"Manufacture of coke, refined petroleum and chemicals",737,713,732,609,669,746,629,727,726,770,806,880,814,627,836,899,"1,000","1,475","1,207","1,162","1,221","1,254","1,189",972,711,595
TLC,North East,CF (21),Manufacture of pharmaceutical products,537,425,418,400,582,686,728,832,906,"1,013","1,091","1,045","1,155","1,029","1,041",946,869,849,891,892,984,"1,174","1,851","1,965","1,974","2,485"
TLC,North East,CG (22-23),"Manufacture of rubber, plastic and non-metallic minerals ",620,630,699,755,723,733,812,876,851,798,630,544,491,487,567,712,760,827,684,605,598,565,538,593,499,443
TLC,North East,22,Manufacture of rubber and plastic products,412,438,463,504,459,463,523,566,541,511,416,341,251,229,301,414,466,551,463,404,397,348,365,390,325,294
TLC,North East,23,Manufacture of other non-metallic mineral products,212,191,241,255,276,283,301,322,324,298,223,213,258,279,280,306,296,269,215,197,197,215,171,203,175,149
TLC,North East,CH (24-25),Manufacture of basic and fabricated metal products,"1,258","1,497","1,462","1,351","1,412","1,458","1,384","1,281","1,298","1,249","1,254","1,017","1,087","1,166","1,227","1,084","1,208","1,209","1,299","1,194","1,145","1,252","1,656","1,169",951,921
TLC,North East,24,Manufacture of basic metals,597,919,"1,005","1,039",948,"1,150",881,729,715,706,604,489,489,441,525,393,469,484,563,413,340,313,623,328,197,179
TLC,North East,25,Manufacture of fabricated metal products,798,834,766,655,748,694,765,763,789,748,816,662,727,838,838,781,851,844,886,865,859,969,"1,160",866,754,742
TLC,North East,CI (26),"Manufacture of computer, electronic and optical products",87,84,80,95,130,132,146,149,177,179,183,310,321,293,251,254,203,152,177,215,248,273,387,371,259,270
TLC,North East,CJ (27),Manufacture of electrical equipment,324,325,309,369,440,445,386,400,452,428,419,321,309,323,357,374,386,337,295,325,352,405,517,398,264,236
TLC,North East,CK (28),Manufacture of machinery and equipment,672,699,727,726,849,895,935,973,"1,046","1,158",980,707,943,"1,083","1,220","1,291","1,181","1,109","1,012",942,"1,057",979,735,816,737,701
TLC,North East,CL (29-30),Manufacture of transport equipment,691,729,915,979,975,"1,031","1,119","1,153","1,271","1,194","1,587","1,181","1,078","1,090",939,"1,001","1,120","1,171","1,072","1,144","1,159","1,016","1,049","1,343","1,297","1,585"
TLC,North East,29,Manufacture of motor vehicles,531,540,708,765,738,775,818,869,938,907,"1,333",987,932,880,779,885,"1,018","1,092",993,"1,056","1,038",903,927,"1,212","1,135","1,412"
TLC,North East,30,Manufacture of other transport equipment,141,173,180,182,209,229,276,254,304,257,216,164,125,196,148,111,98,78,76,85,120,112,122,127,162,172
TLC,North East,CM (31-33),"Other manufacturing, repair and installation",438,448,450,445,487,489,493,473,541,542,506,473,513,480,527,512,496,486,445,433,468,460,400,450,471,494
TLC,North East,31,Manufacture of furniture,167,155,165,170,164,177,174,166,186,186,193,164,183,157,144,161,149,166,152,164,195,190,162,142,122,101
TLC,North East,32,Other manufacturing,91,91,91,100,111,129,132,125,147,155,144,139,145,153,172,128,128,152,136,123,105,99,89,118,116,120
TLC,North East,33,Repair and installation of machinery and equipment,183,207,198,177,217,186,191,185,213,207,171,176,190,179,224,226,222,175,163,150,169,171,150,193,233,273
TLC,North East,D (35),"Electricity, gas, steam and air conditioning supply","2,093","2,389","1,919","2,809","2,668","3,057","3,130","2,585","2,891","2,969","2,951","3,094","2,674","1,671","1,761","1,602","1,418","1,610","1,645","1,645","1,380","1,718","1,279",786,613,626
TLC,North East,E (36-39),Water supply; sewerage and waste management,"1,189","1,125","1,103","1,158","1,264","1,217","1,232","1,146","1,021",978,926,880,851,830,808,813,835,855,923,916,930,870,897,868,785,790
TLC,North East,36,Water supply,358,320,317,325,440,458,577,549,502,537,569,550,601,600,611,563,530,547,623,587,604,549,545,558,493,490
TLC,North East,37,Sewerage activities,352,388,397,476,569,399,341,268,230,160,128,108,62,63,49,67,78,56,46,62,66,77,78,21,38,40
TLC,North East,38,"Waste collection, treatment and disposal activities",542,444,405,359,249,358,318,330,290,281,229,223,181,164,147,177,220,245,247,261,254,237,265,276,239,248
TLC,North East,39,Remediation and other waste management services,14,14,11,13,7,7,6,6,5,3,4,4,3,1,1,1,2,2,2,2,2,3,5,12,14,12
TLC,North East,F (41-43),Construction,"4,252","4,535","4,430","4,356","4,429","4,442","4,485","4,445","4,369","4,189","3,788","3,350","3,459","3,709","3,549","3,559","3,696","3,818","3,622","3,609","3,583","3,767","2,829","3,731","4,037","4,565"
TLC,North East,41,Construction of buildings,"1,356","1,470","1,432","1,458","1,596","1,599","1,564","1,556","1,554","1,432","1,074",777,836,943,897,946,927,"1,027","1,001","1,058","1,157","1,269",892,"1,344","1,617","1,848"
TLC,North East,42,Civil engineering,"1,053","1,068","1,086",983,892,776,791,744,694,618,563,650,742,856,853,717,715,792,733,615,648,623,513,768,628,826
TLC,North East,43,Specialised construction activities,"1,849","2,001","1,917","1,919","1,951","2,090","2,153","2,174","2,155","2,180","2,186","1,944","1,895","1,919","1,805","1,914","2,075","2,018","1,907","1,957","1,796","1,889","1,440","1,623","1,792","1,890"
TLC,North East,G-T,Services sector,"29,663","29,917","30,957","32,478","33,570","34,652","37,431","38,415","39,564","39,460","39,115","38,351","39,228","40,624","41,341","41,028","41,942","43,086","43,543","44,836","44,960","45,809","39,525","44,713","47,860","48,057"
TLC,North East,G (45-47),Wholesale and retail trade; repair of motor vehicles,"5,598","5,771","6,000","5,820","5,964","5,855","6,344","6,692","7,176","7,010","6,991","5,945","6,364","6,228","6,222","6,157","6,717","6,660","6,442","6,320","6,215","6,143","4,880","5,777","6,120","6,102"
TLC,North East,45,Motor trades,806,862,991,"1,004","1,055","1,063","1,119","1,267","1,324","1,211","1,114",817,944,907,981,978,"1,107","1,200","1,139","1,133","1,106",985,749,"1,043",898,969
TLC,North East,46,Wholesale trade,"1,079","1,143","1,284","1,228","1,244","1,299","1,386","1,479","1,693","1,661","1,746","1,515","1,717","1,801","1,701","1,537","1,688","1,548","1,492","1,482","1,482","1,580","1,180","1,529","1,661","1,571"
TLC,North East,47,Retail trade,"3,725","3,774","3,724","3,599","3,686","3,500","3,848","3,960","4,168","4,143","4,137","3,619","3,726","3,551","3,561","3,637","3,929","3,914","3,808","3,708","3,631","3,573","2,949","3,196","3,562","3,563"
TLC,North East,H (49-53),Transportation and storage,"1,784","1,819","1,819","1,878","1,824","1,887","1,968","1,936","2,039","2,085","2,134","1,960","2,101","2,221","2,192","2,262","2,223","2,044","2,083","2,062","2,158","2,235","1,674","1,757","2,235","2,255"
TLC,North East,49,Land transport,"1,032","1,067","1,018","1,094","1,004","1,120","1,227","1,146","1,204","1,230","1,184","1,008","1,085","1,148","1,033","1,114","1,116",970,971,974,"1,056","1,066",752,736,"1,013",975
TLC,North East,50,Water transport,33,40,43,52,36,42,66,96,76,59,88,59,71,109,124,134,106,87,68,55,52,48,21,28,61,49
TLC,North East,51,Air transport,17,20,24,18,20,19,20,26,48,57,53,45,54,59,88,93,115,84,108,119,164,159,15,18,95,154
TLC,North East,52,Warehousing and transport support activities,541,497,490,494,481,488,440,410,411,440,557,579,630,667,697,686,745,748,733,719,746,794,676,741,738,787
TLC,North East,53,Postal and courier activities,475,491,527,528,581,516,509,543,533,519,502,511,516,512,515,505,399,397,427,411,354,392,370,397,329,291
TLC,North East,I (55-56),Accommodation and food service activities,"1,826","1,679","1,689","1,802","1,816","1,796","1,945","2,014","1,935","1,813","1,866","1,740","1,732","1,819","1,678","1,771","1,720","1,703","1,882","1,975","1,802","1,720","1,139","1,549","1,586","1,478"
TLC,North East,55,Accommodation,332,299,303,321,377,377,403,443,443,411,383,337,339,344,341,397,382,396,432,480,456,408,167,462,458,399
TLC,North East,56,Food and beverage service activities,"1,488","1,375","1,381","1,476","1,432","1,411","1,535","1,561","1,481","1,391","1,476","1,398","1,387","1,470","1,331","1,369","1,333","1,304","1,447","1,492","1,343","1,308",963,"1,088","1,128","1,079"
TLC,North East,J (58-63),Information and communication,65,78,113,176,232,276,311,350,376,399,430,466,517,637,722,757,995,"1,284","1,408","1,626","1,796","1,970","2,135","2,836","2,994","2,988"
TLC,North East,58,Publishing activities,106,108,106,144,153,158,173,175,161,162,143,128,117,137,132,139,121,107,98,95,113,108,67,49,100,98
TLC,North East,59,"Motion picture, video and TV programme production",47,51,62,51,43,53,65,73,52,55,62,52,52,69,79,86,77,97,90,67,70,67,30,30,62,62
TLC,North East,60,Programming and broadcasting activities,24,25,27,23,26,32,40,49,54,57,49,40,39,32,30,27,20,16,29,34,26,31,36,42,37,30
TLC,North East,61,Telecommunications,8,11,19,32,45,56,64,71,79,83,99,118,136,182,224,252,381,557,636,773,889,975,"1,106","1,559","1,740","1,802"
TLC,North East,62,Computer programming and consultancy,229,222,244,330,381,393,399,511,523,550,514,497,537,578,564,504,572,567,602,659,631,738,809,"1,090","1,000",875
TLC,North East,63,Information service activities,99,83,91,131,150,193,216,250,279,317,283,246,253,260,264,244,195,147,111,96,108,101,108,77,55,121
TLC,North East,K (64-66),Financial and insurance activities,"2,377","2,331","2,368","2,492","2,572","2,803","3,695","3,970","4,184","4,778","3,821","3,700","3,372","3,305","3,943","3,637","3,403","3,600","3,543","3,822","3,863","3,459","3,092","3,050","3,091","3,371"
TLC,North East,64,Financial service activities,"1,858","1,953","1,867","2,080","2,472","2,854","3,944","4,095","4,943","5,187","3,874","3,744","3,063","2,970","3,330","2,993","2,492","2,739","2,885","2,785","2,732","2,488","1,941","1,903","1,947","2,347"
TLC,North East,65,Insurance and pension funding,628,512,628,559,382,332,393,510,279,442,414,393,512,503,763,706,826,829,638,834,885,609,648,602,607,535
TLC,North East,66,Activities auxiliary to finance and insurance,171,181,157,178,189,204,201,156,143,163,196,203,195,213,199,233,196,193,244,332,353,442,512,543,538,489
TLC,North East,L (68),Real estate activities,"5,409","5,555","5,594","5,696","5,705","5,830","5,963","5,881","6,046","5,904","5,837","6,313","6,349","6,840","6,777","6,751","6,805","6,875","7,135","7,356","7,324","7,551","7,453","7,644","7,865","7,836"
TLC,North East,68IMP,Owner-occupiers' imputed rental,"4,326","4,424","4,493","4,579","4,625","4,674","4,684","4,496","4,618","4,434","4,331","4,510","4,465","4,413","4,507","4,490","4,554","4,580","4,852","5,002","5,209","5,370","5,331","5,292","5,242","5,255"
TLC,North East,68,"Real estate activities, excluding imputed rental","1,111","1,161","1,128","1,144","1,108","1,182","1,302","1,402","1,446","1,485","1,520","1,821","1,898","2,418","2,265","2,258","2,248","2,292","2,288","2,357","2,144","2,211","2,154","2,367","2,623","2,581"
TLC,North East,M (69-75),"Professional, scientific and technical activities","2,028","1,897","1,964","1,960","2,091","2,276","2,572","2,631","2,776","2,683","2,674","2,661","2,804","2,880","2,832","2,724","2,788","2,864","2,758","2,779","2,731","2,848","2,632","2,863","3,145","3,180"
TLC,North East,69,Legal and accounting activities,649,586,617,651,640,678,790,857,923,811,722,692,712,733,793,865,925,894,851,893,820,826,681,750,975,"1,051"
TLC,North East,70,Head offices and management consultancy,220,209,200,194,161,199,212,245,265,253,326,269,252,265,270,308,331,324,308,305,269,323,318,345,468,544
TLC,North East,71,Architectural and engineering activities,550,478,521,468,486,535,584,562,591,605,566,579,559,530,534,598,625,663,623,628,524,533,480,532,493,489
TLC,North East,72,Scientific research and development,167,285,239,230,477,459,580,502,469,556,695,765,980,"1,053",957,555,509,569,583,545,728,751,787,751,705,628
TLC,North East,73,Advertising and market research,113,112,124,136,136,168,183,187,210,175,138,126,133,137,118,108,100,134,113,122,137,128,131,130,156,119
TLC,North East,74,"Other professional, scientific and technical activities",131,116,134,145,149,166,177,194,212,206,204,227,216,212,179,177,178,162,169,153,139,163,117,221,187,202
TLC,North East,75,Veterinary activities,67,55,42,51,42,48,44,57,56,54,48,44,53,74,82,93,88,89,90,108,107,115,110,124,161,147
TLC,North East,N (77-82),Administrative and support service activities,"1,561","1,494","1,463","1,623","1,645","1,630","1,737","1,884","1,838","1,963","2,005","1,853","1,977","1,961","2,030","2,095","2,270","2,441","2,488","2,474","2,436","2,618","2,266","2,316","2,691","2,774"
TLC,North East,77,Rental and leasing activities,348,403,452,518,551,505,526,594,549,546,517,550,575,499,477,523,529,519,481,596,583,654,644,540,590,652
TLC,North East,78,Employment activities,337,317,290,337,312,341,389,445,440,508,569,496,520,509,492,495,526,587,621,681,620,648,690,623,676,580
TLC,North East,79,Travel agency and tour operator activities,311,334,270,238,185,149,156,182,214,240,239,220,251,278,306,283,337,314,291,210,228,236,163,235,349,340
TLC,North East,80,Security and investigation activities,128,121,124,125,110,105,96,94,83,84,73,63,60,65,67,68,75,88,93,101,108,89,90,51,73,68
TLC,North East,81,Services to buildings and landscape activities,170,151,134,132,136,141,166,160,161,182,220,227,250,257,266,283,265,277,326,351,352,396,333,405,499,565
TLC,North East,82,Office administration and business support activities,376,307,305,371,435,454,463,478,460,465,419,333,363,380,451,479,578,689,689,558,568,621,388,470,505,568
TLC,North East,O (84),Public administration and defence,"3,658","3,643","3,346","3,300","3,402","3,355","3,683","3,638","4,117","3,919","3,905","4,259","4,171","4,077","3,972","3,951","3,741","3,734","3,712","3,669","3,703","3,935","3,585","3,958","4,209","4,269"
TLC,North East,P (85),Education,"4,343","4,400","4,494","4,536","4,635","4,831","4,875","4,764","4,465","4,359","4,117","3,985","3,949","4,080","4,170","3,970","3,874","3,913","4,003","3,912","4,037","4,323","3,809","4,361","4,817","4,844"
TLC,North East,Q (86-88),Human health and social work activities,"5,967","5,757","6,080","6,484","6,240","6,398","6,763","6,988","6,980","6,939","7,339","6,959","7,242","7,611","7,689","7,647","7,540","7,595","7,506","8,027","7,862","7,656","5,670","7,024","7,136","6,973"
TLC,North East,86,Human health activities,"4,818","4,661","4,914","5,212","4,835","4,965","5,254","5,613","5,436","5,409","5,725","5,339","5,293","5,725","6,297","6,291","6,066","6,122","5,971","6,404","6,086","5,979","3,610","5,157","5,029","4,675"
TLC,North East,87,Residential care activities,826,772,836,880,931,919,"1,027",997,"1,049","1,021","1,032","1,029","1,123","1,252",964,893,936,"1,017",953,910,945,915,941,880,"1,039","1,164"
TLC,North East,88,Social work activities,748,733,761,851,898,948,943,871,968,978,"1,078","1,050","1,282","1,115",956,991,"1,035",960,"1,065","1,233","1,297","1,228","1,248",999,"1,069","1,134"
TLC,North East,R (90-93),"Arts, entertainment and recreation",726,752,733,760,846,949,"1,164","1,189","1,097",965,999,880,849,976,982,"1,041","1,013","1,002",843,842,793,830,497,544,792,834
TLC,North East,90,"Creative, arts and entertainment activities",76,66,90,61,54,60,66,77,88,93,84,63,62,74,69,78,69,83,80,96,75,88,48,48,70,68
TLC,North East,91,"Libraries, archives, museums and other cultural activities",47,52,64,53,63,65,66,63,76,74,89,87,90,81,85,87,72,77,65,56,59,51,35,35,57,60
TLC,North East,92,Gambling and betting activities,324,367,273,285,334,372,586,624,471,367,354,287,237,364,361,442,443,435,281,276,241,270,92,151,285,275
TLC,North East,93,"Sports, amusement and recreation activities",294,292,303,363,402,459,478,463,478,438,472,439,449,458,469,440,437,414,416,414,417,420,321,310,380,431
TLC,North East,S (94-96),Other service activities,"1,169","1,071","1,071","1,027","1,049",987,"1,028",993,989,965,914,911,898,816,782,751,752,796,869,968,"1,027","1,019",854,990,"1,110","1,115"
TLC,North East,94,Activities of membership organisations,391,349,352,334,352,343,357,360,368,354,283,327,326,277,212,182,188,217,227,274,253,253,211,250,362,358
TLC,North East,95,"Repair of computers, personal and household goods",53,55,52,58,65,58,72,70,83,67,51,41,35,36,40,46,61,62,73,71,68,65,48,33,37,44
TLC,North East,96,Other personal service activities,715,659,658,627,622,576,588,551,525,532,574,529,523,494,529,525,507,519,572,623,710,704,598,709,710,712
TLC,North East,T (97-98),Activities of households ,96,96,98,82,81,58,76,78,62,54,64,67,94,73,87,88,105,75,127,129,115,175,123,100,69,38
TLD,North West,Total,All industries,"138,875","144,432","147,486","153,660","157,217","162,190","167,715","172,129","178,202","181,147","179,128","172,853","176,810","176,037","179,724","182,560","187,866","193,054","195,924","202,563","204,476","209,462","192,257","209,825","221,845","223,858"
TLD,North West,A-E,Production sector,"25,551","27,581","27,643","29,701","29,826","30,679","31,925","32,949","34,802","33,756","32,626","29,668","28,930","28,049","28,868","30,053","32,278","34,149","33,510","33,547","33,997","34,063","36,722","35,547","34,570","35,253"
TLD,North West,A (1-3),"Agriculture, forestry and fishing",515,593,631,680,841,761,709,839,778,583,924,967,842,"1,094",885,867,"1,401","1,142",939,916,778,965,926,889,950,969
TLD,North West,1,Agriculture and hunting,472,544,582,618,770,686,633,755,700,521,838,870,757,"1,012",796,782,"1,291","1,040",846,829,713,891,843,829,877,888
TLD,North West,2,Forestry and logging,61,80,66,73,85,133,144,117,113,89,131,157,120,92,106,97,82,95,95,84,59,67,80,51,65,74
TLD,North West,3,Fishing and aquaculture,8,6,7,14,14,13,16,19,18,15,16,18,20,16,18,17,26,20,16,16,11,13,11,8,7,8
TLD,North West,B (5-9),Mining and quarrying,200,182,181,193,183,154,151,151,188,142,84,85,100,127,170,158,145,154,145,154,209,213,171,226,231,181
TLD,North West,5-8,"Mining and quarrying, excluding support activities",213,196,190,204,196,161,153,156,196,147,81,81,94,129,174,159,146,136,140,150,204,205,167,219,222,167
TLD,North West,9,Mining support service activities,5,3,6,6,4,6,11,7,8,7,12,12,17,10,12,13,12,28,5,4,4,7,3,6,9,14
TLD,North West,C (10-33),Manufacturing,"20,147","21,895","22,143","23,698","24,182","24,836","26,377","27,439","29,303","28,779","27,888","24,818","24,368","23,629","24,473","25,211","27,043","28,616","28,054","28,147","28,488","27,925","29,273","29,654","28,640","29,258"
TLD,North West,CA (10-12),"Manufacture of food, beverages and tobacco","3,786","3,719","3,663","3,602","3,754","3,990","4,139","3,906","4,277","4,136","3,545","3,752","3,177","2,764","2,757","2,787","3,102","3,122","3,245","3,234","3,802","3,714","3,995","4,345","4,092","3,869"
TLD,North West,10,Manufacture of food products,"3,302","3,263","3,245","3,204","3,320","3,557","3,685","3,439","3,755","3,593","3,109","3,359","2,815","2,421","2,412","2,415","2,662","2,648","2,839","2,829","3,397","3,351","3,618","3,978","3,781","3,612"
TLD,North West,11-12,Manufacture of beverages and tobacco products,480,456,424,405,440,442,463,470,525,544,438,393,361,344,346,375,446,479,403,403,397,358,373,366,312,257
TLD,North West,CB (13-15),"Manufacture of textiles, wearing apparel and leather",513,540,564,570,627,616,593,585,624,688,659,669,875,586,724,763,743,819,804,"1,038",989,"1,030",729,"1,097","1,095",941
TLD,North West,13,Manufacture of textiles,270,290,310,331,385,419,388,386,404,460,466,481,577,403,482,498,443,496,613,804,749,798,534,854,820,689
TLD,North West,14,Manufacture of wearing apparel,175,184,184,180,169,146,153,151,168,177,133,119,228,117,167,187,232,282,147,196,210,199,161,183,197,187
TLD,North West,15,Manufacture of leather products,90,82,86,64,81,40,46,42,47,36,40,47,66,57,68,77,103,71,44,40,36,37,38,49,78,64
TLD,North West,CC (16-18),Manufacture of wood and paper products and printing,"1,019","1,109","1,090","1,139","1,224","1,352","1,485","1,547","1,608","1,742","1,867","1,592","1,606","1,455","1,596","1,692","1,694","1,759","1,790","1,730","1,925","1,936","1,714","1,883","1,650","1,473"
TLD,North West,16,"Manufacture of wood products, except furniture",358,392,378,371,354,381,468,447,469,482,495,351,359,340,355,374,365,375,412,369,458,471,409,469,352,346
TLD,North West,17,Manufacture of paper products,402,443,381,427,530,596,654,638,596,731,678,662,762,678,772,848,822,854,848,822,878,931,874,960,806,725
TLD,North West,18,Printing and reproduction of recorded media,338,362,413,411,395,431,450,521,592,589,723,586,499,454,478,476,508,530,537,539,605,552,444,472,493,402
TLD,North West,CD-CE (19-20),"Manufacture of coke, refined petroleum and chemicals","1,940","2,116","2,145","2,199","2,217","2,324","2,102","2,239","2,312","2,325","2,365","2,538","2,704","2,115","2,577","3,052","3,707","4,903","4,286","4,209","4,398","4,884","4,943","4,504","3,694","3,320"
TLD,North West,CF (21),Manufacture of pharmaceutical products,"2,622","2,809","2,837","3,831","3,952","3,780","4,648","5,240","6,077","5,685","5,684","4,914","4,692","4,733","4,596","4,309","4,349","4,763","4,240","3,452","3,339","3,217","3,499","2,443","2,899","3,361"
TLD,North West,CG (22-23),"Manufacture of rubber, plastic and non-metallic minerals ","1,709","1,969","2,078","2,307","2,121","2,145","2,176","2,241","2,231","2,107","1,846","1,634","1,891","1,995","2,262","2,329","2,317","2,382","2,115","2,214","2,247","2,245","2,361","2,284","2,197","2,016"
TLD,North West,22,Manufacture of rubber and plastic products,"1,003","1,191","1,214","1,416","1,199","1,227","1,269","1,323","1,334","1,267","1,112","1,040","1,258","1,387","1,605","1,613","1,527","1,662","1,409","1,477","1,446","1,402","1,384","1,397","1,429","1,295"
TLD,North West,23,Manufacture of other non-metallic mineral products,737,806,904,920,976,969,953,962,939,877,768,618,655,619,662,730,823,737,720,752,816,861,996,896,767,722
TLD,North West,CH (24-25),Manufacture of basic and fabricated metal products,"3,238","3,798","3,279","3,340","3,285","3,276","3,212","3,531","3,433","3,245","3,377","2,405","2,470","2,529","2,782","2,582","2,860","3,084","2,974","2,960","2,877","2,399","2,671","2,302","2,381","2,438"
TLD,North West,24,Manufacture of basic metals,"2,504","3,148","2,128","2,359","2,163","2,200","2,050","2,550","2,265","2,162","2,488","1,260","1,182",949,"1,362",853,"1,197","1,471","1,366","1,259","1,451",743,977,487,520,523
TLD,North West,25,Manufacture of fabricated metal products,"1,645","1,811","1,878","1,806","1,865","1,835","1,860","1,881","1,945","1,827","1,780","1,523","1,647","1,901","1,839","1,956","1,944","1,950","1,917","1,974","1,773","1,755","1,816","1,813","1,861","1,915"
TLD,North West,CI (26),"Manufacture of computer, electronic and optical products",157,176,213,292,393,387,476,501,660,696,801,911,810,702,703,825,836,732,901,915,949,821,954,"1,303","1,172","1,210"
TLD,North West,CJ (27),Manufacture of electrical equipment,650,676,725,854,867,826,770,758,714,710,715,560,497,538,584,522,559,583,554,566,516,633,974,817,607,575
TLD,North West,CK (28),Manufacture of machinery and equipment,"1,199","1,281","1,245","1,350","1,405","1,453","1,672","1,620","1,586","1,603","1,441","1,153","1,153","1,373","1,387","1,424","1,447","1,208","1,097","1,331","1,406","1,285","1,437","1,273","1,198","1,348"
TLD,North West,CL (29-30),Manufacture of transport equipment,"3,000","3,306","3,641","3,874","3,619","3,987","4,597","4,832","5,151","5,082","5,360","3,784","3,493","4,143","3,493","3,813","4,229","4,261","4,728","5,089","4,634","4,486","4,724","5,739","6,030","7,072"
TLD,North West,29,Manufacture of motor vehicles,"1,078",991,981,"1,206","1,034","1,075","1,235","1,212","1,428","1,550","2,016","1,419","1,459","1,720","1,629","1,951","2,393","2,365","2,407","2,499","2,224","2,095","2,156","2,940","3,151","3,981"
TLD,North West,30,Manufacture of other transport equipment,"1,808","2,223","2,580","2,538","2,473","2,800","3,232","3,489","3,579","3,398","3,247","2,295","2,014","2,398","1,866","1,909","1,929","1,980","2,348","2,608","2,422","2,395","2,575","2,798","2,879","3,090"
TLD,North West,CM (31-33),"Other manufacturing, repair and installation","1,813","2,026","2,055","1,856","1,994","1,987","1,969","2,006","2,217","2,209","1,701","1,768","1,745","1,627","1,684","1,728","1,729","1,542","1,647","1,709","1,750","1,683","1,728","1,780","1,624","1,635"
TLD,North West,31,Manufacture of furniture,451,500,517,493,494,495,444,513,566,598,523,494,525,552,504,509,558,540,514,424,512,547,480,488,509,458
TLD,North West,32,Other manufacturing,353,406,425,428,442,487,485,483,563,542,537,596,553,535,574,523,515,461,464,585,549,480,564,510,469,488
TLD,North West,33,Repair and installation of machinery and equipment,"1,068","1,182","1,167",964,"1,104","1,043","1,092","1,044","1,125","1,095",650,703,678,543,623,704,657,537,662,709,692,654,689,776,647,689
TLD,North West,D (35),"Electricity, gas, steam and air conditioning supply","2,332","2,847","2,051","2,617","2,109","2,517","2,219","1,918","2,056","1,902","1,850","1,784","1,775","1,613","1,704","1,950","1,712","2,016","1,986","1,887","2,009","2,422","3,443","2,088","1,950","2,114"
TLD,North West,E (36-39),Water supply; sewerage and waste management,"3,997","3,512","3,846","3,858","3,348","3,399","3,109","3,100","2,854","2,656","2,222","2,327","2,071","1,853","1,842","2,015","2,245","2,368","2,488","2,534","2,582","2,616","2,945","2,741","2,799","2,731"
TLD,North West,36,Water supply,"1,312","1,288","1,220","1,154",952,870,893,878,778,584,559,382,309,239,225,254,274,283,340,401,476,538,529,409,538,547
TLD,North West,37,Sewerage activities,"1,019",869,"1,173","1,251","1,177","1,293","1,157","1,136","1,051","1,015",650,603,583,576,606,837,946,"1,019","1,082","1,020","1,082",992,"1,416","1,389","1,221","1,127"
TLD,North West,38,"Waste collection, treatment and disposal activities","1,780","1,413","1,458","1,446","1,205","1,219","1,043","1,073","1,017","1,041",995,"1,316","1,149","1,013",988,923,"1,013","1,042","1,038","1,094","1,000","1,072",965,894,995,"1,001"
TLD,North West,39,Remediation and other waste management services,36,33,31,35,30,28,32,28,23,23,15,16,17,16,19,18,30,44,44,41,44,38,38,51,46,56
TLD,North West,F (41-43),Construction,"13,195","13,460","13,244","12,988","12,965","12,922","13,469","13,036","12,945","12,943","12,362","10,572","10,712","11,326","11,030","11,272","11,232","11,644","11,746","12,301","12,288","11,865","11,151","12,873","13,470","14,497"
TLD,North West,41,Construction of buildings,"4,860","4,852","4,687","4,720","5,047","4,825","4,876","4,923","4,780","4,671","3,806","2,640","2,808","2,996","2,665","2,824","2,698","3,014","2,969","3,144","3,217","3,280","2,957","3,747","3,982","4,243"
TLD,North West,42,Civil engineering,"2,792","2,751","2,805","2,651","2,367","2,525","2,527","2,377","2,411","2,429","2,590","2,757","2,635","2,737","2,692","2,808","2,735","2,860","2,980","3,118","3,062","2,691","2,880","3,109","3,033","3,090"
TLD,North West,43,Specialised construction activities,"5,660","5,975","5,869","5,731","5,678","5,682","6,198","5,876","5,886","5,970","6,031","5,195","5,293","5,621","5,705","5,666","5,831","5,806","5,826","6,068","6,038","5,911","5,338","6,018","6,454","7,164"
TLD,North West,G-T,Services sector,"101,955","104,696","107,949","111,809","115,325","119,420","123,173","126,863","131,079","135,133","134,836","133,440","138,125","137,768","140,859","142,167","145,053","147,849","151,369","157,565","159,033","164,493","144,922","161,636","173,806","174,109"
TLD,North West,G (45-47),Wholesale and retail trade; repair of motor vehicles,"19,348","19,330","20,370","20,600","20,860","20,833","21,325","22,134","22,883","23,042","22,494","21,152","23,548","23,283","23,527","22,949","24,159","24,659","24,581","25,638","26,238","27,131","25,181","25,682","26,540","26,420"
TLD,North West,45,Motor trades,"3,070","3,094","3,139","3,240","3,241","3,408","3,608","3,737","3,382","3,393","3,004","2,535","3,307","3,014","3,382","3,306","3,181","3,247","3,257","3,643","3,804","3,478","3,221","3,594","3,466","4,071"
TLD,North West,46,Wholesale trade,"5,536","5,502","5,805","5,873","6,046","6,069","6,047","6,315","7,121","7,292","7,972","8,349","8,610","8,718","8,677","7,950","8,797","8,900","9,113","9,121","9,286","9,540","8,878","9,485","10,298","9,954"
TLD,North West,47,Retail trade,"10,852","10,860","11,531","11,608","11,662","11,469","11,825","12,236","12,491","12,475","11,633","10,393","11,767","11,672","11,593","11,720","12,218","12,532","12,281","12,932","13,213","14,135","13,101","12,595","12,776","12,395"
TLD,North West,H (49-53),Transportation and storage,"7,172","7,313","7,260","7,449","7,465","7,702","7,954","7,909","8,402","8,300","8,203","7,353","7,560","7,507","7,678","7,853","7,739","7,668","7,889","7,838","8,383","8,857","6,175","7,135","8,879","8,458"
TLD,North West,49,Land transport,"3,663","3,490","3,399","3,587","3,578","3,587","3,553","3,573","3,950","3,889","3,760","3,310","3,301","3,197","2,937","3,136","3,362","3,183","3,257","2,966","3,186","3,449","1,837","2,628","3,341","3,242"
TLD,North West,50,Water transport,197,256,347,326,295,465,660,583,363,263,452,319,362,542,580,611,476,443,398,415,395,381,218,354,412,322
TLD,North West,51,Air transport,46,52,51,36,64,83,88,112,147,196,176,147,195,216,269,297,267,188,227,283,407,521,34,24,304,488
TLD,North West,52,Warehousing and transport support activities,"2,758","2,961","2,765","2,855","2,708","2,731","3,008","2,764","2,934","2,961","2,854","2,688","2,807","2,724","3,005","2,870","2,918","3,229","3,351","3,511","3,693","3,750","3,060","3,121","3,408","3,065"
TLD,North West,53,Postal and courier activities,"1,587","1,706","1,823","1,849","1,860","1,852","1,730","1,843","1,869","1,726","1,725","1,592","1,593","1,544","1,633","1,681","1,431","1,353","1,375","1,373","1,435","1,528","1,585","1,646","1,415","1,342"
TLD,North West,I (55-56),Accommodation and food service activities,"5,400","5,549","5,421","5,444","5,781","5,931","6,060","5,861","5,863","5,787","5,645","5,393","5,685","5,935","5,855","6,432","5,991","6,007","6,158","6,348","6,304","6,337","3,924","5,554","6,716","6,318"
TLD,North West,55,Accommodation,"1,069","1,163","1,174","1,096","1,304","1,375","1,351","1,392","1,459","1,364","1,243","1,187","1,342","1,529","1,604","1,677","1,640","1,764","1,883","1,763","1,803","1,899",965,"1,637","1,999","1,676"
TLD,North West,56,Food and beverage service activities,"4,344","4,399","4,259","4,360","4,483","4,561","4,717","4,471","4,400","4,425","4,411","4,214","4,343","4,403","4,249","4,749","4,344","4,242","4,279","4,581","4,497","4,440","2,948","3,916","4,717","4,642"
TLD,North West,J (58-63),Information and communication,558,689,932,"1,075","1,310","1,658","1,770","1,905","2,152","2,494","2,573","2,675","2,877","3,265","3,447","3,592","4,195","4,768","5,445","5,704","6,508","7,287","8,436","8,883","9,338","9,020"
TLD,North West,58,Publishing activities,364,396,471,488,503,566,614,617,617,621,456,490,482,441,459,505,500,461,412,380,362,386,497,594,744,738
TLD,North West,59,"Motion picture, video and TV programme production",203,228,250,231,194,227,261,280,307,330,409,404,405,417,378,405,445,504,478,419,346,362,402,405,407,414
TLD,North West,60,Programming and broadcasting activities,136,152,147,133,98,121,165,185,183,164,185,173,152,342,395,451,457,425,449,436,404,466,587,538,446,392
TLD,North West,61,Telecommunications,16,23,37,50,70,91,104,117,146,178,199,237,289,363,419,454,603,820,"1,099","1,260","1,719","2,155","2,683","3,178","3,026","3,259"
TLD,North West,62,Computer programming and consultancy,"1,155","1,284","1,565","1,638","1,911","2,501","2,445","2,600","2,819","3,297","3,406","3,176","3,087","3,195","3,143","3,096","3,400","3,452","3,606","3,658","3,745","3,815","3,992","3,919","4,435","3,987"
TLD,North West,63,Information service activities,473,477,539,582,635,709,711,688,661,706,524,438,446,439,431,428,406,371,349,296,287,262,327,225,280,230
TLD,North West,K (64-66),Financial and insurance activities,"10,055","10,315","10,307","10,204","10,862","10,998","12,044","13,903","13,045","16,107","17,046","16,088","15,943","14,377","14,898","14,102","13,708","12,880","13,449","14,365","13,680","13,301","12,442","14,164","14,139","12,855"
TLD,North West,64,Financial service activities,"5,396","5,572","5,521","6,239","8,100","9,119","10,560","11,077","11,985","13,512","13,460","12,148","11,714","11,058","11,246","10,798","10,043","10,115","9,674","9,560","9,183","8,593","7,720","8,348","8,526","7,298"
TLD,North West,65,Insurance and pension funding,"3,992","4,014","3,921","3,180","2,471","1,966","1,815","2,758","1,743","2,536","3,042","2,550","2,859","2,267","2,427","2,022","2,492","1,819","1,900","2,519","2,208","2,015","2,141","2,569","2,574","2,576"
TLD,North West,66,Activities auxiliary to finance and insurance,665,746,883,986,"1,119","1,185","1,372","1,149","1,300","1,528","1,587","2,211","1,905","1,696","1,810","1,965","1,481","1,593","2,303","2,463","2,476","2,764","2,590","3,224","3,039","2,981"
TLD,North West,L (68),Real estate activities,"16,232","16,560","16,721","16,809","17,242","18,035","18,033","18,170","19,126","18,629","19,126","20,994","20,917","21,368","22,291","22,476","22,687","23,267","23,689","24,161","23,868","24,633","24,624","25,406","25,834","26,493"
TLD,North West,68IMP,Owner-occupiers' imputed rental,"13,395","13,858","14,226","14,220","14,511","14,974","15,108","15,085","15,761","15,229","14,812","15,764","15,446","15,044","15,265","15,423","15,669","16,080","16,747","17,177","17,357","17,981","18,155","18,387","18,593","18,985"
TLD,North West,68,"Real estate activities, excluding imputed rental","2,991","2,840","2,616","2,713","2,858","3,186","3,055","3,213","3,493","3,519","4,380","5,284","5,493","6,266","6,929","6,957","6,933","7,100","6,898","6,952","6,530","6,679","6,515","7,028","7,241","7,508"
TLD,North West,M (69-75),"Professional, scientific and technical activities","7,279","7,763","7,640","8,284","8,883","9,479","10,181","10,230","11,954","12,106","11,954","11,620","12,242","12,262","11,997","12,849","12,860","12,663","12,329","13,121","13,032","13,787","12,922","16,047","17,698","18,097"
TLD,North West,69,Legal and accounting activities,"2,578","2,838","2,706","2,977","2,935","3,215","3,511","3,625","3,984","3,934","4,057","4,096","4,323","4,574","4,535","5,218","5,150","4,909","4,825","5,614","5,293","5,512","5,990","8,536","9,422","9,607"
TLD,North West,70,Head offices and management consultancy,808,873,820,"1,047","1,051","1,091","1,078","1,151","1,264","1,453","1,574","1,437","1,319","1,267","1,291","1,592","1,780","1,785","1,688","1,729","1,694","1,832","1,498","1,703","1,982","2,183"
TLD,North West,71,Architectural and engineering activities,"1,634","1,638","1,594","1,548","1,689","1,752","1,938","1,852","2,097","2,071","2,075","1,974","2,049","1,873","1,910","2,081","2,131","2,239","2,353","2,346","2,226","2,288","2,118","2,198","2,433","2,622"
TLD,North West,72,Scientific research and development,913,993,917,969,"1,189","1,115","1,191","1,181","2,078","2,269","2,213","2,269","2,724","2,603","2,380","1,704","1,715","1,455","1,328","1,216","1,343","1,201","1,064",742,941,847
TLD,North West,73,Advertising and market research,657,686,768,888,"1,149","1,357","1,465","1,426","1,723","1,619","1,346","1,222","1,348","1,440","1,389","1,392","1,187","1,344","1,095","1,158","1,324","1,544","1,067","1,430","1,406","1,253"
TLD,North West,74,"Other professional, scientific and technical activities",485,510,552,557,604,629,643,637,686,666,586,526,524,570,535,666,737,674,708,674,709,929,726,843,902,"1,052"
TLD,North West,75,Veterinary activities,145,186,218,236,241,240,261,280,271,314,321,354,329,286,241,240,204,229,284,344,407,430,418,602,613,533
TLD,North West,N (77-82),Administrative and support service activities,"5,608","5,593","5,716","6,334","6,417","6,579","6,935","7,049","7,429","7,743","7,465","6,941","7,074","7,150","7,761","8,542","9,244","9,779","10,287","11,163","10,813","11,047","9,320","9,872","11,349","12,007"
TLD,North West,77,Rental and leasing activities,"2,361","2,251","2,248","2,461","2,666","2,662","2,703","2,797","2,753","2,681","2,412","2,334","2,106","1,856","1,861","1,978","2,009","2,244","2,449","2,739","2,512","2,473","2,123","1,972","1,876","2,074"
TLD,North West,78,Employment activities,"1,083","1,152","1,300","1,461","1,487","1,602","1,657","1,610","1,696","1,846","1,815","1,510","1,625","1,666","1,878","2,306","2,673","2,869","2,716","3,141","3,094","3,092","2,641","2,508","3,095","2,915"
TLD,North West,79,Travel agency and tour operator activities,"1,654","1,636","1,338","1,053",764,707,737,784,973,"1,108","1,118",952,891,880,946,773,871,961,"1,162","1,142","1,195","1,316",351,594,"1,208","1,401"
TLD,North West,80,Security and investigation activities,296,277,300,328,296,294,292,299,295,315,298,284,284,315,343,336,370,332,313,290,332,392,390,489,430,436
TLD,North West,81,Services to buildings and landscape activities,417,418,430,494,491,463,518,528,593,646,753,755,803,924,983,"1,094","1,087","1,209","1,407","1,465","1,334","1,326","1,304","1,434","1,578","1,620"
TLD,North West,82,Office administration and business support activities,721,756,787,"1,068","1,146","1,274","1,465","1,496","1,599","1,615","1,451","1,471","1,648","1,706","1,933","2,205","2,361","2,308","2,411","2,585","2,518","2,610","2,647","2,938","3,162","3,560"
TLD,North West,O (84),Public administration and defence,"8,553","8,662","8,367","8,508","8,765","8,447","8,518","8,823","9,088","9,344","9,314","9,995","9,670","9,084","8,996","8,755","8,630","8,737","8,951","9,336","9,637","10,290","9,577","10,131","10,822","10,979"
TLD,North West,P (85),Education,"12,850","13,016","13,216","12,906","12,643","12,190","12,365","12,317","11,889","11,835","11,241","10,983","10,895","10,918","11,048","10,997","10,870","10,991","11,178","11,413","11,969","12,424","10,706","12,387","13,792","14,457"
TLD,North West,Q (86-88),Human health and social work activities,"15,758","15,876","16,178","18,357","18,087","18,838","19,529","19,957","19,685","20,303","20,068","19,443","20,598","20,432","21,191","20,917","21,455","22,810","23,512","24,390","23,781","23,970","16,970","20,841","22,140","22,525"
TLD,North West,86,Human health activities,"11,680","11,245","11,635","13,475","13,153","13,735","14,747","15,390","15,255","15,698","15,248","14,510","14,775","14,573","15,563","15,054","15,755","16,941","16,765","18,115","18,642","18,743","11,355","15,080","16,163","16,013"
TLD,North West,87,Residential care activities,"2,249","2,638","2,637","2,756","2,654","2,596","2,588","2,618","2,543","2,599","2,529","2,597","2,811","2,869","3,057","2,988","2,986","3,187","3,551","3,171","2,862","2,801","2,810","2,782","2,991","3,330"
TLD,North West,88,Social work activities,"2,313","2,480","2,412","2,715","2,845","3,098","2,859","2,659","2,596","2,732","2,966","2,957","3,622","3,588","3,234","3,476","3,382","3,428","3,819","3,896","3,277","3,421","3,004","2,971","2,986","3,181"
TLD,North West,R (90-93),"Arts, entertainment and recreation","2,358","2,426","2,453","2,445","2,523","3,006","3,079","3,339","3,399","3,068","3,057","2,862","3,026","3,230","3,265","3,485","3,418","3,281","3,050","3,076","3,026","3,104","2,058","2,438","2,943","2,991"
TLD,North West,90,"Creative, arts and entertainment activities",413,458,549,434,410,385,419,435,477,435,356,369,332,299,304,346,322,366,349,401,420,427,131,304,439,454
TLD,North West,91,"Libraries, archives, museums and other cultural activities",161,175,201,190,185,233,240,248,258,247,259,249,235,210,217,196,174,188,184,176,206,196,153,206,241,254
TLD,North West,92,Gambling and betting activities,901,854,666,784,808,"1,039","1,122","1,273","1,124","1,032",897,759,717,948,856,956,940,895,557,607,551,547,474,521,556,559
TLD,North West,93,"Sports, amusement and recreation activities",956,989,"1,020","1,063","1,149","1,404","1,363","1,465","1,594","1,404","1,574","1,497","1,746","1,803","1,909","2,014","2,010","1,858","1,964","1,899","1,854","1,937","1,302","1,408","1,707","1,726"
TLD,North West,S (94-96),Other service activities,"3,121","3,079","3,202","3,109","3,201","3,111","3,034","3,072","3,053","2,976","3,051","3,019","3,127","3,077","2,946","2,952","3,087","2,990","3,038","3,309","3,438","3,501","2,845","3,085","3,384","3,326"
TLD,North West,94,Activities of membership organisations,727,662,678,670,717,706,689,680,672,617,648,591,666,617,594,595,590,553,480,582,627,671,668,577,835,876
TLD,North West,95,"Repair of computers, personal and household goods",263,230,219,199,202,176,212,236,303,267,291,267,306,388,370,384,462,433,517,540,503,429,282,269,324,304
TLD,North West,96,Other personal service activities,"2,119","2,182","2,302","2,236","2,275","2,223","2,126","2,149","2,070","2,088","2,106","2,161","2,149","2,076","1,985","1,978","2,050","2,019","2,075","2,215","2,328","2,412","1,891","2,244","2,226","2,147"
TLD,North West,T (97-98),Activities of households ,181,169,182,193,171,178,187,210,198,169,179,150,238,223,231,217,273,218,272,296,298,395,292,246,231,161
TLE,Yorkshire and The Humber,Total,All industries,"100,732","103,663","106,854","110,910","114,317","119,074","122,556","124,621","127,648","131,635","128,170","122,327","122,506","123,910","125,713","126,800","129,075","133,148","134,219","138,061","140,040","141,692","128,398","144,897","150,684","150,896"
TLE,Yorkshire and The Humber,A-E,Production sector,"18,868","19,594","20,398","21,643","22,515","23,332","22,797","22,763","24,465","24,477","24,237","23,076","21,947","20,931","21,764","22,252","22,859","24,508","24,423","24,344","25,460","26,124","26,274","28,272","26,698","26,075"
TLE,Yorkshire and The Humber,A (1-3),"Agriculture, forestry and fishing","1,016","1,132","1,262","1,151","1,439","1,301","1,119","1,224","1,246","1,075","1,470","1,313","1,086","1,389","1,200","1,155","1,597","1,372","1,167","1,151","1,067","1,292","1,173","1,296","1,330","1,398"
TLE,Yorkshire and The Humber,1,Agriculture and hunting,936,"1,040","1,172","1,062","1,349","1,215","1,037","1,138","1,162","1,000","1,378","1,213","1,009","1,314","1,115","1,069","1,486","1,269","1,070","1,057",990,"1,206","1,080","1,223","1,250","1,319"
TLE,Yorkshire and The Humber,2,Forestry and logging,66,99,100,94,101,139,163,137,130,108,138,159,97,88,104,93,73,79,77,71,57,66,69,47,54,55
TLE,Yorkshire and The Humber,3,Fishing and aquaculture,36,37,31,33,28,22,22,25,24,23,26,29,26,21,23,27,45,38,36,36,29,30,33,25,25,25
TLE,Yorkshire and The Humber,B (5-9),Mining and quarrying,320,295,293,306,275,332,336,278,265,210,188,170,131,147,164,216,211,205,142,155,203,215,206,157,185,148
TLE,Yorkshire and The Humber,5-8,"Mining and quarrying, excluding support activities",373,347,333,350,323,389,385,322,301,237,194,177,131,154,165,213,215,160,132,147,198,204,196,151,176,136
TLE,Yorkshire and The Humber,9,Mining support service activities,6,4,14,13,5,6,13,9,12,12,28,24,25,18,28,43,37,79,16,11,5,12,11,5,9,11
TLE,Yorkshire and The Humber,C (10-33),Manufacturing,"13,099","13,551","14,273","14,903","15,676","16,342","16,353","16,737","17,701","18,113","17,820","16,667","16,238","15,644","16,693","17,239","17,721","18,655","18,636","18,823","20,117","20,162","20,734","22,412","20,445","20,001"
TLE,Yorkshire and The Humber,CA (10-12),"Manufacture of food, beverages and tobacco","2,970","2,911","3,040","3,155","3,406","3,648","3,840","3,675","3,843","4,022","3,721","3,670","3,146","3,031","3,010","3,028","3,115","3,055","3,449","3,268","3,702","3,595","3,811","3,803","3,643","3,621"
TLE,Yorkshire and The Humber,10,Manufacture of food products,"2,824","2,720","2,844","2,958","3,154","3,349","3,510","3,323","3,500","3,678","3,361","3,312","2,849","2,746","2,719","2,715","2,837","2,749","3,066","2,830","3,245","3,202","3,520","3,424","3,232","3,223"
TLE,Yorkshire and The Humber,11-12,Manufacture of beverages and tobacco products,158,190,196,198,248,290,318,337,328,329,345,342,282,271,277,303,260,288,371,437,447,383,288,370,410,398
TLE,Yorkshire and The Humber,CB (13-15),"Manufacture of textiles, wearing apparel and leather",337,341,362,373,390,380,380,363,385,443,399,519,609,401,551,504,530,729,637,755,731,897,589,736,806,725
TLE,Yorkshire and The Humber,13,Manufacture of textiles,205,210,223,239,252,265,268,267,279,329,300,402,443,302,420,377,370,533,520,597,567,732,475,596,653,579
TLE,Yorkshire and The Humber,14,Manufacture of wearing apparel,111,111,118,116,115,98,91,82,91,96,79,90,152,84,110,109,156,192,101,146,154,151,102,123,139,132
TLE,Yorkshire and The Humber,15,Manufacture of leather products,31,30,30,23,31,18,24,11,13,13,16,14,13,11,13,15,20,14,12,13,12,13,11,18,14,15
TLE,Yorkshire and The Humber,CC (16-18),Manufacture of wood and paper products and printing,864,928,953,969,"1,090","1,241","1,381","1,408","1,458","1,513","1,465","1,344","1,356","1,205","1,397","1,577","1,531","1,498","1,540","1,510","1,568","1,765","1,640","1,616","1,584","1,488"
TLE,Yorkshire and The Humber,16,"Manufacture of wood products, except furniture",399,432,436,429,421,435,512,461,465,459,370,288,288,313,334,359,398,484,593,592,498,547,523,545,647,646
TLE,Yorkshire and The Humber,17,Manufacture of paper products,209,236,234,250,324,387,451,443,414,457,372,356,437,352,453,576,499,441,433,424,460,563,524,497,341,316
TLE,Yorkshire and The Humber,18,Printing and reproduction of recorded media,355,367,389,389,424,487,511,563,625,639,714,672,605,538,592,611,614,579,547,529,608,647,590,577,596,526
TLE,Yorkshire and The Humber,CD-CE (19-20),"Manufacture of coke, refined petroleum and chemicals","1,339","1,364","1,432","1,356","1,555","1,688","1,635","1,753","1,640","1,421","1,591","1,808","1,588","1,041","1,217","1,551","1,849","2,648","2,493","2,310","2,372","2,582","2,474","3,272","2,825","2,456"
TLE,Yorkshire and The Humber,CF (21),Manufacture of pharmaceutical products,485,508,471,428,496,458,506,583,821,944,"1,459","1,304","1,184","1,045","1,103","1,018",917,"1,001",766,765,938,886,760,886,"1,181","1,212"
TLE,Yorkshire and The Humber,CG (22-23),"Manufacture of rubber, plastic and non-metallic minerals ","1,339","1,524","1,680","1,880","1,807","1,881","1,934","1,932","2,018","1,908","1,692","1,524","1,579","1,699","1,873","2,049","2,005","2,041","1,958","1,927","2,066","2,234","2,261","2,382","1,928","1,688"
TLE,Yorkshire and The Humber,22,Manufacture of rubber and plastic products,548,644,697,857,764,827,900,905,938,899,805,721,707,745,821,979,908,995,921,879,944,"1,098","1,023","1,070",857,771
TLE,Yorkshire and The Humber,23,Manufacture of other non-metallic mineral products,821,908,"1,018","1,038","1,078","1,079","1,044","1,036","1,091","1,016",891,808,885,972,"1,073","1,067","1,110","1,043","1,034","1,049","1,123","1,130","1,235","1,311","1,071",918
TLE,Yorkshire and The Humber,CH (24-25),Manufacture of basic and fabricated metal products,"3,048","3,181","3,338","3,321","3,300","3,292","2,856","2,908","2,927","2,816","2,523","2,124","2,301","2,686","3,028","2,928","3,161","3,296","3,353","3,376","3,380","3,175","3,622","3,489","3,018","3,156"
TLE,Yorkshire and The Humber,24,Manufacture of basic metals,"1,813","2,030","2,145","2,029","1,778","1,794","1,197","1,302","1,381","1,408",929,819,"1,128","1,401","1,847","1,499","1,658","2,113","2,172","1,857","1,537","1,483","1,641",989,746,758
TLE,Yorkshire and The Humber,25,Manufacture of fabricated metal products,"1,848","1,844","1,927","1,974","2,087","2,070","2,005","1,981","1,938","1,813","1,863","1,535","1,520","1,710","1,713","1,837","1,957","1,802","1,822","2,006","2,191","2,037","2,355","2,535","2,272","2,398"
TLE,Yorkshire and The Humber,CI (26),"Manufacture of computer, electronic and optical products",67,86,110,161,221,217,247,278,440,473,462,422,340,338,363,348,305,272,336,363,384,418,333,368,474,473
TLE,Yorkshire and The Humber,CJ (27),Manufacture of electrical equipment,359,333,342,459,515,537,460,498,511,629,767,662,558,576,686,662,603,551,524,593,633,687,"1,020",741,534,601
TLE,Yorkshire and The Humber,CK (28),Manufacture of machinery and equipment,"1,369","1,311","1,375","1,429","1,436","1,466","1,502","1,684","1,640","1,925","1,707","1,327","1,682","1,788","1,683","1,775","1,780","1,642","1,512","1,605","1,913","1,687","1,997","2,116","1,720","1,708"
TLE,Yorkshire and The Humber,CL (29-30),Manufacture of transport equipment,650,680,828,916,840,909,948,978,"1,111","1,071","1,291",872,723,864,729,712,698,666,642,704,674,625,565,752,637,850
TLE,Yorkshire and The Humber,29,Manufacture of motor vehicles,424,402,501,561,506,527,538,548,615,647,854,556,491,540,467,499,504,467,432,486,459,414,419,581,531,718
TLE,Yorkshire and The Humber,30,Manufacture of other transport equipment,225,279,327,353,333,384,413,434,501,430,449,319,242,337,273,230,211,215,222,231,228,222,150,173,106,132
TLE,Yorkshire and The Humber,CM (31-33),"Other manufacturing, repair and installation","1,272","1,376","1,325","1,378","1,433","1,464","1,395","1,445","1,635","1,661","1,548","1,529","1,646","1,579","1,565","1,629","1,681","1,638","1,713","1,876","1,955","1,849","2,004","2,337","2,094","2,022"
TLE,Yorkshire and The Humber,31,Manufacture of furniture,579,622,581,622,625,651,601,635,704,729,651,641,681,641,615,690,761,733,792,905,967,920,957,"1,160","1,082",975
TLE,Yorkshire and The Humber,32,Other manufacturing,305,348,362,399,434,471,474,459,557,579,562,535,599,567,551,497,481,462,408,438,472,501,499,483,404,418
TLE,Yorkshire and The Humber,33,Repair and installation of machinery and equipment,417,437,411,385,405,374,356,383,416,395,383,398,420,423,451,476,465,467,523,540,527,443,559,691,608,629
TLE,Yorkshire and The Humber,D (35),"Electricity, gas, steam and air conditioning supply","3,052","3,598","3,342","4,349","3,842","3,965","3,417","2,585","3,745","3,422","3,152","3,232","2,838","2,217","2,154","2,088","1,820","2,518","2,708","2,455","2,305","2,796","2,681","2,177","2,577","2,443"
TLE,Yorkshire and The Humber,E (36-39),Water supply; sewerage and waste management,"2,413","2,089","2,030","2,276","2,177","2,286","2,069","1,976","1,711","1,764","1,759","1,825","1,853","1,769","1,711","1,695","1,716","1,797","1,772","1,731","1,711","1,641","1,443","2,105","2,162","2,085"
TLE,Yorkshire and The Humber,36,Water supply,935,875,720,810,794,872,810,751,588,697,752,729,739,775,744,792,803,765,692,570,551,505,464,700,715,682
TLE,Yorkshire and The Humber,37,Sewerage activities,529,464,553,647,689,659,679,664,685,579,522,577,588,533,513,459,362,385,363,355,362,380,175,402,453,429
TLE,Yorkshire and The Humber,38,"Waste collection, treatment and disposal activities",986,751,747,796,660,733,562,541,420,464,455,480,487,425,410,402,500,597,674,774,764,719,794,953,937,907
TLE,Yorkshire and The Humber,39,Remediation and other waste management services,23,17,13,20,19,6,7,8,6,5,10,17,19,15,23,22,29,31,31,29,31,31,18,50,56,67
TLE,Yorkshire and The Humber,F (41-43),Construction,"9,950","10,475","10,248","10,051","10,125","10,091","10,131","10,462","10,782","10,008","9,058","7,228","7,767","8,033","7,921","8,129","8,307","8,559","8,341","8,724","8,611","8,787","7,250","8,823","9,856","10,470"
TLE,Yorkshire and The Humber,41,Construction of buildings,"3,574","3,709","3,605","3,395","3,651","3,761","3,710","4,009","4,272","3,729","2,789","1,979","2,313","2,266","2,054","2,244","2,217","2,292","2,179","2,412","2,438","2,344","1,990","2,593","3,254","3,274"
TLE,Yorkshire and The Humber,42,Civil engineering,"2,104","2,215","2,124","2,094","1,905","1,782","1,868","1,837","1,845","1,713","1,790","1,418","1,313","1,327","1,537","1,359","1,408","1,426","1,456","1,669","1,673","1,540","1,277","1,541","1,596","1,690"
TLE,Yorkshire and The Humber,43,Specialised construction activities,"4,298","4,579","4,547","4,592","4,608","4,599","4,594","4,674","4,733","4,625","4,480","3,847","4,163","4,468","4,348","4,561","4,715","4,878","4,737","4,668","4,520","4,932","4,003","4,698","5,006","5,506"
TLE,Yorkshire and The Humber,G-T,Services sector,"72,905","74,619","76,998","79,712","82,083","85,984","90,058","91,891","92,824","97,488","95,163","92,335","93,206","95,546","96,532","96,895","98,364","100,441","101,827","105,407","106,337","107,138","95,140","108,001","114,130","114,352"
TLE,Yorkshire and The Humber,G (45-47),Wholesale and retail trade; repair of motor vehicles,"13,374","13,224","14,031","13,863","14,396","14,497","15,200","15,372","16,274","16,458","16,233","14,217","15,144","15,528","15,400","15,223","15,832","16,009","16,784","17,695","17,111","16,552","14,311","16,153","16,729","16,856"
TLE,Yorkshire and The Humber,45,Motor trades,"2,125","2,280","2,438","2,491","2,636","2,701","2,865","2,870","2,769","2,908","2,786","2,213","2,596","2,311","2,505","2,588","2,773","2,981","3,145","3,446","3,255","3,217","2,378","2,419","2,521","2,953"
TLE,Yorkshire and The Humber,46,Wholesale trade,"3,757","3,655","3,833","3,819","3,862","4,080","4,355","4,627","5,226","5,325","5,676","5,016","5,449","5,918","5,696","5,508","5,816","5,396","5,635","5,685","5,718","5,559","4,820","6,002","6,325","6,348"
TLE,Yorkshire and The Humber,47,Retail trade,"7,540","7,391","7,886","7,689","8,077","7,864","8,126","7,988","8,372","8,327","7,870","7,074","7,227","7,417","7,304","7,230","7,391","7,715","8,091","8,640","8,224","7,866","7,175","7,733","7,883","7,555"
TLE,Yorkshire and The Humber,H (49-53),Transportation and storage,"5,480","5,987","5,839","5,913","5,931","6,083","6,218","5,912","6,256","6,378","6,431","5,505","5,860","6,122","6,068","6,279","6,241","5,756","5,884","5,919","5,819","5,941","4,847","5,064","6,129","6,089"
TLE,Yorkshire and The Humber,49,Land transport,"2,628","2,891","2,749","2,928","2,799","2,805","2,668","2,474","2,687","2,927","2,818","2,477","2,660","2,840","2,618","2,775","2,954","2,633","2,652","2,548","2,353","2,415","1,954","2,132","2,507","2,430"
TLE,Yorkshire and The Humber,50,Water transport,270,303,339,318,293,344,486,466,333,214,274,181,164,231,259,290,230,219,196,223,183,180,63,81,122,116
TLE,Yorkshire and The Humber,51,Air transport,5,10,11,7,8,11,10,12,18,33,49,51,73,89,126,152,166,118,143,181,247,319,18,10,177,310
TLE,Yorkshire and The Humber,52,Warehousing and transport support activities,"1,983","2,219","2,117","1,960","2,102","2,241","2,591","2,367","2,612","2,666","2,737","2,088","2,220","2,231","2,194","2,182","2,328","2,327","2,405","2,417","2,421","2,461","2,180","2,259","2,389","2,360"
TLE,Yorkshire and The Humber,53,Postal and courier activities,"1,185","1,197","1,247","1,281","1,359","1,337","1,207","1,309","1,300","1,151","1,187","1,208","1,246","1,245","1,385","1,403","1,068",941,963,"1,017","1,071","1,035",985,973,934,874
TLE,Yorkshire and The Humber,I (55-56),Accommodation and food service activities,"3,764","3,773","3,688","3,550","3,670","3,865","4,126","4,158","4,136","4,056","3,879","3,554","3,582","3,573","3,577","3,867","3,689","3,669","3,669","4,147","4,085","4,108","2,634","3,632","4,272","4,053"
TLE,Yorkshire and The Humber,55,Accommodation,682,726,741,687,726,828,848,840,900,861,691,603,684,805,843,950,917,914,"1,005","1,067","1,075","1,135",455,709,891,774
TLE,Yorkshire and The Humber,56,Food and beverage service activities,"3,091","3,055","2,955","2,871","2,952","3,045","3,288","3,329","3,241","3,202","3,203","2,967","2,907","2,775","2,741","2,926","2,780","2,763","2,678","3,094","3,023","2,989","2,174","2,920","3,381","3,279"
TLE,Yorkshire and The Humber,J (58-63),Information and communication,271,337,470,539,644,787,918,967,"1,038","1,192","1,213","1,304","1,470","1,705","1,787","1,755","1,986","2,329","2,741","2,991","3,670","4,238","4,573","5,838","5,687","5,409"
TLE,Yorkshire and The Humber,58,Publishing activities,305,344,357,366,406,432,615,657,685,762,710,705,644,602,535,529,515,500,484,422,394,369,354,297,242,248
TLE,Yorkshire and The Humber,59,"Motion picture, video and TV programme production",216,189,158,135,99,104,128,144,148,116,112,127,189,206,190,217,235,303,248,208,202,211,112,244,257,261
TLE,Yorkshire and The Humber,60,Programming and broadcasting activities,82,67,63,62,59,67,85,100,110,114,131,121,101,84,80,77,67,77,115,118,108,118,100,136,134,89
TLE,Yorkshire and The Humber,61,Telecommunications,12,17,29,36,46,59,72,75,86,105,116,143,180,231,258,270,375,505,678,818,"1,184","1,419","1,913","2,163","2,232","2,327"
TLE,Yorkshire and The Humber,62,Computer programming and consultancy,506,546,661,751,913,"1,187","1,217","1,322","1,297","1,458","1,430","1,378","1,465","1,652","1,706","1,517","1,447","1,476","1,612","1,712","1,849","2,160","1,866","2,888","2,587","2,273"
TLE,Yorkshire and The Humber,63,Information service activities,178,212,292,313,325,297,278,250,286,325,260,208,193,209,236,228,175,158,161,142,146,156,179,129,236,212
TLE,Yorkshire and The Humber,K (64-66),Financial and insurance activities,"7,702","7,882","7,641","7,973","8,730","9,467","10,550","12,749","11,847","15,366","13,997","12,756","11,887","11,795","11,163","10,464","10,459","10,297","9,915","10,367","10,206","9,640","9,497","9,806","10,187","10,078"
TLE,Yorkshire and The Humber,64,Financial service activities,"4,923","4,868","4,739","5,473","6,792","7,634","9,234","9,696","9,984","11,532","12,265","11,539","10,503","10,544","9,953","9,449","8,666","8,255","8,108","8,093","7,169","6,741","6,116","5,595","5,653","5,671"
TLE,Yorkshire and The Humber,65,Insurance and pension funding,"2,117","2,211","2,084","1,872","1,482","1,416","1,342","2,316","1,677","2,606","1,296",641,790,760,694,510,615,630,585,550,"1,242","1,257","1,443","2,119","2,130","2,143"
TLE,Yorkshire and The Humber,66,Activities auxiliary to finance and insurance,512,607,640,556,731,852,768,693,717,828,"1,245","1,596","1,365","1,289","1,271","1,292","1,672","1,809","1,649","2,066","1,912","1,756","1,934","2,119","2,404","2,264"
TLE,Yorkshire and The Humber,L (68),Real estate activities,"12,125","12,392","12,498","12,632","12,712","13,404","13,216","13,263","13,100","13,457","12,807","13,796","13,726","14,500","15,191","15,082","15,174","15,365","15,503","16,146","16,303","16,979","17,050","17,499","17,874","17,628"
TLE,Yorkshire and The Humber,68IMP,Owner-occupiers' imputed rental,"9,498","9,808","10,045","10,225","10,271","10,608","10,663","10,345","10,200","10,359","9,652","10,015","9,689","9,917","10,239","10,107","10,105","10,370","10,800","11,321","11,676","12,174","12,369","12,578","12,816","12,763"
TLE,Yorkshire and The Humber,68,"Real estate activities, excluding imputed rental","2,687","2,640","2,505","2,460","2,494","2,832","2,605","2,943","2,922","3,114","3,159","3,780","4,010","4,524","4,880","4,898","4,987","4,923","4,664","4,794","4,625","4,805","4,695","4,924","5,058","4,865"
TLE,Yorkshire and The Humber,M (69-75),"Professional, scientific and technical activities","4,453","4,741","4,963","5,034","5,311","5,958","6,560","6,539","6,792","6,919","6,637","6,062","6,163","6,205","6,267","6,703","6,719","7,197","7,212","7,603","7,584","7,737","7,472","8,071","8,714","8,839"
TLE,Yorkshire and The Humber,69,Legal and accounting activities,"1,797","1,937","1,959","1,956","1,992","2,221","2,566","2,605","2,772","2,800","2,670","2,556","2,565","2,418","2,535","2,893","2,841","3,044","2,914","3,085","3,141","3,107","3,089","3,095","3,109","3,205"
TLE,Yorkshire and The Humber,70,Head offices and management consultancy,583,604,700,722,706,869,861,841,860,918,943,807,831,860,832,880,994,"1,023","1,043","1,108","1,208","1,396","1,299","1,313","1,694","1,658"
TLE,Yorkshire and The Humber,71,Architectural and engineering activities,734,808,861,840,913,995,"1,131","1,133","1,208","1,291","1,350","1,203","1,131","1,086","1,048","1,143","1,150","1,218","1,154","1,285","1,120","1,142","1,127","1,366","1,205","1,316"
TLE,Yorkshire and The Humber,72,Scientific research and development,572,637,558,607,713,748,853,796,701,729,631,594,796,813,709,494,569,667,793,717,766,708,578,679,967,922
TLE,Yorkshire and The Humber,73,Advertising and market research,312,329,387,416,492,564,577,566,605,546,434,383,415,466,511,518,437,492,437,359,405,401,368,605,608,591
TLE,Yorkshire and The Humber,74,"Other professional, scientific and technical activities",338,336,352,363,391,428,448,438,446,442,420,366,343,351,354,403,408,406,482,604,462,480,476,474,609,697
TLE,Yorkshire and The Humber,75,Veterinary activities,193,178,184,190,185,210,218,237,232,223,182,158,149,289,330,353,314,353,415,454,509,523,558,548,522,450
TLE,Yorkshire and The Humber,N (77-82),Administrative and support service activities,"3,096","3,218","3,371","3,341","3,490","3,785","3,942","4,091","4,210","4,605","4,822","4,643","4,623","4,600","4,756","5,534","5,944","6,517","6,680","6,763","6,741","6,310","5,635","6,657","7,481","8,078"
TLE,Yorkshire and The Humber,77,Rental and leasing activities,"1,020","1,097","1,300","1,317","1,389","1,354","1,292","1,453","1,513","1,602","1,556","1,529","1,385","1,186","1,307","1,631","1,712","1,977","1,987","2,242","2,085","1,932","1,766","1,717","1,623","1,766"
TLE,Yorkshire and The Humber,78,Employment activities,612,655,706,706,736,913,958,995,988,"1,079","1,181","1,066","1,143","1,196","1,140","1,289","1,477","1,737","1,771","1,661","1,851","1,821","1,750","2,108","2,603","2,366"
TLE,Yorkshire and The Humber,79,Travel agency and tour operator activities,754,714,510,374,282,241,254,302,366,458,473,408,388,388,334,317,365,390,472,494,514,465,103,270,539,628
TLE,Yorkshire and The Humber,80,Security and investigation activities,197,178,186,176,181,187,189,185,177,182,171,161,160,174,174,205,234,239,211,218,249,236,214,278,245,263
TLE,Yorkshire and The Humber,81,Services to buildings and landscape activities,259,277,274,266,290,315,367,352,349,379,463,466,489,540,543,613,575,597,554,619,621,671,669,717,845,906
TLE,Yorkshire and The Humber,82,Office administration and business support activities,661,673,656,697,767,895,982,931,970,"1,085","1,117","1,149","1,146","1,143","1,316","1,577","1,679","1,697","1,817","1,709","1,558","1,300","1,241","1,609","1,626","2,150"
TLE,Yorkshire and The Humber,O (84),Public administration and defence,"6,328","6,350","6,161","6,824","6,816","6,808","7,291","7,394","7,497","7,779","7,559","8,344","7,975","7,872","7,786","7,634","7,293","7,298","7,076","7,228","7,088","7,358","7,168","7,444","7,764","7,914"
TLE,Yorkshire and The Humber,P (85),Education,"9,719","9,564","9,780","10,245","10,038","9,944","9,860","9,853","9,726","9,706","9,349","8,999","8,627","8,980","9,532","9,545","9,762","9,973","9,726","9,628","10,100","10,215","8,441","10,253","10,631","10,888"
TLE,Yorkshire and The Humber,Q (86-88),Human health and social work activities,"11,427","11,259","11,200","12,812","12,916","13,529","14,196","14,016","13,964","13,905","14,161","13,977","14,469","14,500","14,595","14,403","14,536","14,919","15,163","15,222","15,297","15,306","10,984","14,052","14,400","14,210"
TLE,Yorkshire and The Humber,86,Human health activities,"8,869","8,746","8,750","10,234","10,007","10,452","10,938","11,004","11,012","11,046","11,390","11,041","11,449","11,519","11,767","11,195","11,272","11,416","11,391","11,387","11,759","11,815","6,732","9,520","9,529","8,925"
TLE,Yorkshire and The Humber,87,Residential care activities,"1,761","1,621","1,663","1,688","1,812","1,984","2,123","1,977","1,974","1,866","2,042","2,008","1,872","1,886","1,878","1,831","1,808","1,786","1,765","1,738","1,636","1,651","1,649","1,833","2,080","2,259"
TLE,Yorkshire and The Humber,88,Social work activities,"1,476","1,559","1,453","1,664","1,848","1,879","1,956","1,864","1,810","1,830","1,608","1,770","2,029","1,980","1,856","2,197","2,280","2,532","2,792","2,875","2,758","2,708","2,763","2,711","2,792","3,026"
TLE,Yorkshire and The Humber,R (90-93),"Arts, entertainment and recreation","1,587","1,563","1,668","1,684","1,732","1,901","2,136","2,042","2,068","1,932","1,937","1,777","1,742","1,828","1,817","1,742","1,672","1,603","1,540","1,628","1,696","1,672","1,177","1,359","1,673","1,704"
TLE,Yorkshire and The Humber,90,"Creative, arts and entertainment activities",272,272,320,275,289,286,335,344,403,365,292,242,220,230,194,151,113,109,123,105,119,149,59,80,156,167
TLE,Yorkshire and The Humber,91,"Libraries, archives, museums and other cultural activities",170,181,212,218,205,251,272,283,286,256,260,262,250,220,222,219,212,206,180,166,196,211,105,190,188,211
TLE,Yorkshire and The Humber,92,Gambling and betting activities,571,488,462,469,502,553,569,449,423,501,683,565,476,543,463,485,522,514,419,431,482,410,356,253,359,329
TLE,Yorkshire and The Humber,93,"Sports, amusement and recreation activities",616,640,669,722,744,816,960,946,930,804,720,714,790,838,933,887,830,780,820,927,902,904,657,836,971,996
TLE,Yorkshire and The Humber,S (94-96),Other service activities,"2,238","2,080","2,065","1,983","2,073","1,991","2,030","2,011","2,005","1,952","1,899","1,880","1,919","1,851","1,776","1,749","1,792","1,880","1,970","2,114","2,153","2,171","1,878","2,129","2,459","2,500"
TLE,Yorkshire and The Humber,94,Activities of membership organisations,673,588,528,491,536,536,525,544,568,552,537,442,484,471,409,428,389,382,404,468,471,491,333,374,483,572
TLE,Yorkshire and The Humber,95,"Repair of computers, personal and household goods",193,190,168,148,162,138,152,137,112,95,113,115,114,143,132,109,122,121,133,127,115,111,100,157,123,142
TLE,Yorkshire and The Humber,96,Other personal service activities,"1,342","1,280","1,354","1,330","1,358","1,300","1,338","1,312","1,305","1,286","1,230","1,317","1,310","1,228","1,232","1,203","1,280","1,379","1,434","1,513","1,561","1,561","1,445","1,600","1,854","1,787"
TLE,Yorkshire and The Humber,T (97-98),Activities of households ,238,280,313,291,206,136,159,210,153,152,154,93,108,99,116,117,142,135,165,129,103,125,82,90,130,104
TLF,East Midlands,Total,All industries,"89,683","92,036","94,714","97,179","98,322","101,177","103,927","106,376","110,419","111,372","111,507","105,453","109,042","110,398","112,294","114,917","117,171","118,599","119,971","121,846","124,434","125,899","115,406","125,857","128,254","128,538"
TLF,East Midlands,A-E,Production sector,"18,196","19,414","20,183","21,064","21,872","22,786","22,992","22,665","23,747","23,523","23,344","21,696","21,874","22,382","23,257","24,759","25,034","24,871","24,683","24,374","25,594","26,855","27,319","27,747","24,583","24,637"
TLF,East Midlands,A (1-3),"Agriculture, forestry and fishing","1,437","1,592","1,739","1,732","2,013","1,884","1,611","1,753","1,747","1,526","1,968","1,722","1,452","1,886","1,613","1,518","1,976","1,815","1,652","1,612","1,518","1,716","1,551","1,748","1,788","1,930"
TLF,East Midlands,1,Agriculture and hunting,"1,371","1,513","1,657","1,646","1,918","1,790","1,525","1,664","1,654","1,448","1,871","1,626","1,376","1,801","1,528","1,434","1,878","1,718","1,561","1,524","1,450","1,637","1,466","1,684","1,717","1,848"
TLF,East Midlands,2,Forestry and logging,99,134,127,136,135,157,167,142,158,123,149,167,111,104,114,114,105,111,105,97,70,82,90,56,65,75
TLF,East Midlands,3,Fishing and aquaculture,0,1,1,2,3,3,4,5,5,4,5,6,6,5,5,6,9,9,9,9,7,8,8,7,7,7
TLF,East Midlands,B (5-9),Mining and quarrying,629,540,541,511,482,496,458,432,561,467,324,288,226,258,388,434,435,423,399,391,510,532,470,586,560,504
TLF,East Midlands,5-8,"Mining and quarrying, excluding support activities",687,594,583,550,526,543,495,471,608,503,322,276,211,259,384,423,434,378,392,387,506,524,459,578,553,491
TLF,East Midlands,9,Mining support service activities,11,7,13,13,8,8,11,8,12,12,30,37,36,21,36,46,39,73,12,6,6,10,14,9,8,13
TLF,East Midlands,C (10-33),Manufacturing,"13,398","14,178","14,882","15,341","16,056","16,789","17,224","17,242","18,078","18,246","18,054","16,312","16,798","17,135","18,040","19,264","19,317","18,395","18,197","18,170","19,593","20,624","21,414","22,157","18,986","18,923"
TLF,East Midlands,CA (10-12),"Manufacture of food, beverages and tobacco","3,255","3,572","3,512","3,379","3,453","3,951","4,077","3,549","3,738","3,880","3,640","3,953","3,857","3,594","3,743","3,984","3,810","3,466","4,035","3,938","4,368","4,397","4,203","4,130","3,779","3,693"
TLF,East Midlands,10,Manufacture of food products,"2,561","2,740","2,775","2,705","2,732","3,130","3,201","2,808","2,935","3,075","2,927","3,245","3,064","2,807","2,989","3,191","3,158","3,273","3,830","3,698","4,134","4,205","4,003","3,925","3,645","3,563"
TLF,East Midlands,11-12,Manufacture of beverages and tobacco products,782,"1,030",848,750,829,940,"1,023",852,944,930,804,764,898,915,853,893,710,212,222,265,253,208,216,221,133,131
TLF,East Midlands,CB (13-15),"Manufacture of textiles, wearing apparel and leather",600,599,623,606,605,562,575,505,549,636,619,742,944,720,962,"1,082","1,144","1,168",939,"1,036","1,147","1,299",858,"1,153","1,025",902
TLF,East Midlands,13,Manufacture of textiles,228,232,242,249,235,195,174,161,188,245,240,303,306,243,328,364,343,353,420,428,491,621,333,495,461,405
TLF,East Midlands,14,Manufacture of wearing apparel,244,236,246,253,261,296,320,274,273,297,266,315,548,384,517,591,691,759,424,521,583,580,474,583,498,446
TLF,East Midlands,15,Manufacture of leather products,161,165,170,115,125,72,94,79,97,88,115,115,109,105,130,143,162,100,101,104,90,112,68,82,66,51
TLF,East Midlands,CC (16-18),Manufacture of wood and paper products and printing,722,756,801,843,939,"1,028","1,163","1,203","1,263","1,330","1,370","1,235","1,431","1,373","1,412","1,485","1,443","1,383","1,450","1,464","1,447","1,639","1,574","1,767","1,394","1,264"
TLF,East Midlands,16,"Manufacture of wood products, except furniture",305,349,359,377,373,396,470,435,449,454,405,302,412,419,446,409,418,471,511,529,603,649,585,441,409,361
TLF,East Midlands,17,Manufacture of paper products,166,174,171,195,263,281,325,325,308,395,381,391,542,459,458,535,543,489,517,545,498,572,652,711,506,473
TLF,East Midlands,18,Printing and reproduction of recorded media,291,291,326,327,343,388,421,470,523,506,577,516,477,502,522,535,485,445,450,419,404,472,375,613,479,430
TLF,East Midlands,CD-CE (19-20),"Manufacture of coke, refined petroleum and chemicals",457,479,537,534,685,700,557,638,627,622,601,506,456,331,483,496,519,712,601,588,667,801,"1,110",964,812,723
TLF,East Midlands,CF (21),Manufacture of pharmaceutical products,369,384,385,519,580,586,629,676,564,423,475,448,492,499,520,505,416,401,334,374,399,428,581,744,693,881
TLF,East Midlands,CG (22-23),"Manufacture of rubber, plastic and non-metallic minerals ","1,635","1,758","1,862","2,080","2,020","2,130","2,217","2,259","2,188","2,037","1,763","1,553","1,740","1,876","2,173","2,510","2,478","2,519","2,334","2,222","2,280","2,325","2,401","2,407","2,177","1,975"
TLF,East Midlands,22,Manufacture of rubber and plastic products,741,853,866,993,916,981,998,987,944,945,794,713,764,848,991,"1,211","1,110","1,227","1,065",977,980,"1,064","1,139","1,190","1,057",950
TLF,East Midlands,23,Manufacture of other non-metallic mineral products,915,898,"1,007","1,086","1,129","1,167","1,247","1,315","1,289","1,113",993,857,"1,005","1,050","1,204","1,298","1,400","1,297","1,280","1,263","1,321","1,274","1,272","1,214","1,120","1,025"
TLF,East Midlands,CH (24-25),Manufacture of basic and fabricated metal products,"1,870","2,042","2,181","2,095","2,117","2,135","1,956","1,945","1,819","1,892","1,904","1,333","1,470","1,502","1,767","1,817","1,840","1,838","1,914","1,818","1,966","2,070","2,293","2,367","2,354","2,442"
TLF,East Midlands,24,Manufacture of basic metals,601,698,769,838,748,731,623,607,480,477,464,268,238,213,288,230,294,355,416,478,515,300,410,460,512,516
TLF,East Midlands,25,Manufacture of fabricated metal products,"1,352","1,442","1,523","1,386","1,476","1,506","1,418","1,419","1,401","1,475","1,497","1,093","1,258","1,318","1,511","1,608","1,567","1,509","1,536","1,395","1,511","1,760","1,870","1,901","1,842","1,925"
TLF,East Midlands,CI (26),"Manufacture of computer, electronic and optical products",100,107,137,192,274,285,319,372,479,539,616,695,546,567,607,754,879,711,765,782,790,856,776,810,645,688
TLF,East Midlands,CJ (27),Manufacture of electrical equipment,407,454,530,658,735,815,707,665,724,732,807,605,532,601,621,523,504,430,417,471,418,484,703,513,431,433
TLF,East Midlands,CK (28),Manufacture of machinery and equipment,"1,304","1,261","1,189","1,240","1,224","1,367","1,557","1,616","1,806","1,911","1,939","1,435","1,602","1,926","1,955","2,096","2,041","1,915","1,717","1,771","1,967","1,783","1,785","1,887","1,469","1,395"
TLF,East Midlands,CL (29-30),Manufacture of transport equipment,"2,223","2,410","2,656","2,832","2,770","2,800","3,043","3,338","3,643","3,467","3,787","2,921","2,788","3,501","2,913","2,950","3,057","2,758","2,617","2,476","2,786","3,241","3,706","3,973","2,541","2,670"
TLF,East Midlands,29,Manufacture of motor vehicles,791,706,685,767,721,787,800,941,"1,011","1,012","1,338",976,"1,076","1,117","1,032","1,198","1,392","1,359","1,257","1,213","1,375","1,644","1,638","1,693","1,120","1,301"
TLF,East Midlands,30,Manufacture of other transport equipment,"1,317","1,616","1,899","1,975","1,966","1,915","2,149","2,283","2,510","2,337","2,324","1,837","1,639","2,311","1,817","1,703","1,623","1,368","1,325","1,230","1,373","1,553","2,062","2,286","1,421","1,370"
TLF,East Midlands,CM (31-33),"Other manufacturing, repair and installation","1,321","1,394","1,429","1,313","1,419","1,360","1,407","1,409","1,603","1,606","1,432","1,397","1,425","1,365","1,299","1,456","1,540","1,403","1,324","1,443","1,549","1,490","1,671","1,544","1,667","1,856"
TLF,East Midlands,31,Manufacture of furniture,352,356,413,422,413,402,375,393,438,486,458,435,498,502,431,499,517,400,429,477,502,514,466,486,536,500
TLF,East Midlands,32,Other manufacturing,228,255,239,244,270,336,380,359,429,420,408,400,361,397,387,387,437,499,409,517,491,457,546,490,376,403
TLF,East Midlands,33,Repair and installation of machinery and equipment,770,816,802,655,755,632,672,673,758,708,571,570,555,463,485,564,585,528,494,468,565,527,669,577,755,953
TLF,East Midlands,D (35),"Electricity, gas, steam and air conditioning supply","1,688","2,282","2,015","2,803","2,480","2,875","2,981","2,053","2,244","2,213","1,909","2,073","2,088","2,042","2,119","2,474","2,399","3,063","3,110","2,832","2,583","2,640","2,656","1,814","1,520","1,629"
TLF,East Midlands,E (36-39),Water supply; sewerage and waste management,"1,948","1,858","1,804","1,840","1,686","1,739","1,687","1,768","1,720","1,585","1,650","1,735","1,731","1,545","1,519","1,457","1,351","1,379","1,489","1,506","1,516","1,487","1,349","1,552","1,728","1,650"
TLF,East Midlands,36,Water supply,658,656,647,591,590,635,579,616,620,555,593,539,514,484,526,519,478,453,480,485,541,546,558,581,570,591
TLF,East Midlands,37,Sewerage activities,511,548,560,613,575,566,602,598,560,496,529,576,649,584,522,510,406,411,488,487,463,423,318,411,581,518
TLF,East Midlands,38,"Waste collection, treatment and disposal activities",860,674,598,636,515,538,507,554,541,530,529,623,559,471,462,420,457,505,508,523,501,509,471,549,561,524
TLF,East Midlands,39,Remediation and other waste management services,19,19,16,18,17,12,9,9,8,8,4,3,3,2,3,5,8,9,8,6,7,6,1,9,16,17
TLF,East Midlands,F (41-43),Construction,"8,967","9,440","9,479","9,220","9,195","8,692","9,064","9,342","9,312","8,835","8,113","6,703","7,058","7,500","7,367","7,665","7,858","8,444","8,253","8,493","8,334","8,592","7,578","8,850","9,783","10,154"
TLF,East Midlands,41,Construction of buildings,"2,827","3,192","3,203","3,174","3,410","3,501","3,716","3,653","3,662","3,298","2,385","1,741","2,093","2,158","1,957","2,104","2,154","2,433","2,400","2,246","2,494","2,408","2,161","2,663","3,270","3,148"
TLF,East Midlands,42,Civil engineering,"2,037","1,977","1,977","1,866","1,708","1,520","1,644","1,621","1,560","1,437","1,558","1,475","1,425","1,407","1,433","1,514","1,515","1,594","1,677","1,788","1,637","1,833","1,788","1,755","1,443","1,440"
TLF,East Midlands,43,Specialised construction activities,"4,164","4,325","4,353","4,232","4,134","3,733","3,758","4,134","4,164","4,176","4,188","3,492","3,538","3,943","3,985","4,053","4,199","4,432","4,183","4,470","4,209","4,367","3,642","4,440","5,070","5,566"
TLF,East Midlands,G-T,Services sector,"63,883","64,218","65,947","67,530","67,698","69,932","72,206","74,844","77,808","79,473","80,535","77,608","80,732","81,131","82,208","82,880","84,713","85,810","87,629","89,653","91,117","90,984","80,871","89,506","93,888","93,747"
TLF,East Midlands,G (45-47),Wholesale and retail trade; repair of motor vehicles,"12,489","12,093","12,982","12,988","12,621","12,715","12,944","13,879","14,670","14,973","15,093","13,622","15,217","15,635","15,751","16,005","16,760","17,015","17,007","17,455","17,075","16,040","13,896","15,554","15,948","15,842"
TLF,East Midlands,45,Motor trades,"2,262","2,012","2,034","2,156","2,242","2,181","2,347","2,507","2,452","2,421","2,215","1,847","2,444","2,460","2,743","2,920","2,884","2,870","2,607","3,029","3,097","2,669","1,978","2,357","2,467","2,838"
TLF,East Midlands,46,Wholesale trade,"4,232","4,103","4,503","4,409","4,147","4,276","4,232","4,726","5,235","5,633","6,299","6,098","6,674","6,385","6,369","6,607","7,407","7,118","7,174","6,892","6,650","6,375","5,159","6,187","6,292","6,063"
TLF,East Midlands,47,Retail trade,"6,080","6,024","6,442","6,464","6,335","6,327","6,467","6,727","7,050","6,999","6,660","5,760","6,222","6,867","6,725","6,617","6,669","7,131","7,294","7,596","7,397","7,038","6,791","7,013","7,189","6,941"
TLF,East Midlands,H (49-53),Transportation and storage,"4,501","4,606","4,466","4,713","4,595","4,978","4,915","4,935","5,393","5,521","5,446","5,005","5,273","5,293","5,398","5,568","5,529","5,170","5,261","5,280","5,451","5,739","5,551","5,768","6,067","5,906"
TLF,East Midlands,49,Land transport,"2,209","2,229","2,222","2,441","2,171","2,313","2,363","2,254","2,453","2,583","2,560","2,138","2,211","2,154","2,149","2,245","2,353","2,113","2,105","2,069","1,953","2,151","1,924","1,916","1,921","1,882"
TLF,East Midlands,50,Water transport,10,14,14,21,52,62,86,78,62,40,73,48,57,82,87,92,69,57,44,42,38,39,23,26,42,32
TLF,East Midlands,51,Air transport,29,32,34,23,24,36,35,33,45,50,43,48,56,54,61,83,70,51,66,83,120,113,15,8,58,87
TLF,East Midlands,52,Warehousing and transport support activities,"1,394","1,307","1,036","1,089","1,266","1,445","1,397","1,376","1,630","1,543","1,525","1,495","1,587","1,812","1,835","1,831","1,997","1,946","1,862","2,002","2,148","2,188","2,201","2,589","2,749","2,629"
TLF,East Midlands,53,Postal and courier activities,977,"1,117","1,179","1,187","1,183","1,194","1,085","1,282","1,272","1,348","1,292","1,335","1,427","1,277","1,357","1,399","1,128","1,089","1,254","1,161","1,281","1,329","1,472","1,362","1,297","1,276"
TLF,East Midlands,I (55-56),Accommodation and food service activities,"2,920","3,085","3,006","3,035","3,127","3,209","3,333","3,469","3,186","3,081","2,927","2,650","2,811","2,875","2,898","3,183","3,035","2,975","3,293","3,442","3,354","3,404","2,313","2,833","3,474","3,242"
TLF,East Midlands,55,Accommodation,473,591,594,586,646,666,675,717,697,664,614,517,636,735,771,830,775,780,876,858,886,918,437,781,930,762
TLF,East Midlands,56,Food and beverage service activities,"2,460","2,504","2,423","2,460","2,490","2,553","2,668","2,763","2,494","2,423","2,320","2,143","2,177","2,140","2,127","2,353","2,260","2,197","2,419","2,584","2,468","2,487","1,866","2,053","2,544","2,481"
TLF,East Midlands,J (58-63),Information and communication,496,555,728,857,956,"1,107","1,188","1,323","1,459","1,615","1,613","1,659","1,750","1,955","2,101","2,176","2,308","2,451","2,762","2,880","3,343","3,363","3,450","4,614","4,048","3,914"
TLF,East Midlands,58,Publishing activities,227,236,251,295,307,337,390,392,381,381,307,325,310,285,316,334,269,228,248,245,271,252,320,362,225,234
TLF,East Midlands,59,"Motion picture, video and TV programme production",95,93,90,80,73,82,86,68,74,70,85,105,111,133,137,138,113,119,114,98,94,79,80,138,84,93
TLF,East Midlands,60,Programming and broadcasting activities,171,135,136,114,96,126,131,124,123,103,98,79,69,73,63,67,55,54,89,85,64,64,90,102,115,78
TLF,East Midlands,61,Telecommunications,7,10,16,19,22,26,28,32,39,49,57,71,83,104,116,122,160,224,313,410,530,573,692,920,783,784
TLF,East Midlands,62,Computer programming and consultancy,614,552,620,768,879,"1,033",975,"1,176","1,319","1,507","1,461","1,366","1,343","1,426","1,504","1,512","1,633","1,638","1,691","1,557","1,733","1,753","1,731","2,585","2,237","2,073"
TLF,East Midlands,63,Information service activities,232,220,274,338,422,462,600,645,657,631,575,528,578,658,705,755,702,634,630,624,717,677,520,508,604,652
TLF,East Midlands,K (64-66),Financial and insurance activities,"3,987","3,740","3,923","4,195","4,605","4,854","5,434","5,857","6,290","7,520","7,711","6,314","6,030","5,371","5,340","4,892","4,922","4,850","4,643","4,846","4,829","4,800","4,572","4,759","4,789","4,551"
TLF,East Midlands,64,Financial service activities,"2,503","2,516","2,561","3,113","3,915","4,361","4,920","5,255","6,158","7,397","7,591","6,364","5,702","5,193","5,034","4,709","4,595","4,358","4,197","3,859","3,643","3,423","3,088","2,960","2,970","2,754"
TLF,East Midlands,65,Insurance and pension funding,"1,060",826,979,682,499,417,405,492,348,362,340,217,394,257,344,159,240,286,233,405,485,496,428,473,389,468
TLF,East Midlands,66,Activities auxiliary to finance and insurance,314,352,305,407,393,391,498,468,437,624,677,546,499,464,441,539,526,574,575,789,850,977,"1,097","1,339","1,430","1,329"
TLF,East Midlands,L (68),Real estate activities,"11,616","12,023","11,895","11,813","11,556","11,865","11,892","11,819","12,330","11,809","12,018","12,456","12,386","12,572","13,119","13,253","13,626","13,846","13,989","14,417","14,862","15,345","15,306","15,443","15,523","15,676"
TLF,East Midlands,68IMP,Owner-occupiers' imputed rental,"10,207","10,676","10,614","10,502","10,166","10,380","10,431","10,096","10,606","9,979","9,783","9,903","9,743","9,606","9,923","9,969","10,225","10,440","10,735","10,961","11,306","11,650","11,825","12,052","11,928","12,143"
TLF,East Midlands,68,"Real estate activities, excluding imputed rental","1,614","1,569","1,508","1,529","1,587","1,677","1,658","1,881","1,899","1,971","2,324","2,617","2,686","2,954","3,167","3,244","3,356","3,368","3,250","3,434","3,534","3,669","3,482","3,407","3,595","3,533"
TLF,East Midlands,M (69-75),"Professional, scientific and technical activities","4,476","4,371","4,424","4,308","4,470","4,690","5,068","5,202","5,675","5,756","5,583","5,345","5,674","5,519","5,593","5,681","6,012","6,075","6,351","6,498","6,641","6,848","6,492","6,849","7,554","7,545"
TLF,East Midlands,69,Legal and accounting activities,"1,161","1,195","1,200","1,212","1,258","1,374","1,549","1,578","1,715","1,686","1,516","1,485","1,581","1,604","1,695","1,745","1,822","1,829","1,807","1,793","1,727","1,617","1,626","1,765","2,097","2,095"
TLF,East Midlands,70,Head offices and management consultancy,911,673,710,608,618,656,626,663,698,764,867,758,776,803,766,907,"1,057","1,075","1,158","1,149","1,145","1,157","1,051","1,242","1,483","1,628"
TLF,East Midlands,71,Architectural and engineering activities,776,855,814,827,876,866,902,902,"1,027","1,048","1,076","1,020","1,072","1,009","1,131","1,232","1,288","1,280","1,291","1,300","1,205","1,287","1,243","1,315","1,249","1,153"
TLF,East Midlands,72,Scientific research and development,"1,115","1,035",997,909,914,897,"1,051","1,123","1,237","1,276","1,274","1,293","1,538","1,382","1,209",814,883,898,"1,018","1,135","1,466","1,634","1,560","1,430","1,533","1,499"
TLF,East Midlands,73,Advertising and market research,200,238,286,303,341,401,419,407,441,395,296,273,284,295,297,294,282,356,357,321,342,393,305,346,350,332
TLF,East Midlands,74,"Other professional, scientific and technical activities",317,316,339,342,341,352,396,420,472,471,407,383,378,385,396,422,424,359,405,443,422,433,403,403,461,509
TLF,East Midlands,75,Veterinary activities,141,165,168,159,161,170,189,193,172,216,253,258,224,179,172,205,195,217,264,316,317,309,287,344,380,328
TLF,East Midlands,N (77-82),Administrative and support service activities,"3,156","3,107","3,160","3,160","3,349","3,603","3,895","4,220","4,468","4,657","4,797","4,601","4,744","4,947","4,912","5,450","5,707","6,105","6,067","6,155","6,092","5,869","5,100","5,514","6,194","6,355"
TLF,East Midlands,77,Rental and leasing activities,"1,073",989,"1,125","1,133","1,356","1,532","1,653","1,865","1,920","1,924","1,776","1,805","1,771","1,610","1,558","1,808","1,904","2,105","2,215","2,175","2,039","1,944","1,968","1,647","1,462","1,655"
TLF,East Midlands,78,Employment activities,606,691,770,765,807,923,947,996,"1,095","1,222","1,350","1,221","1,312","1,491","1,528","1,695","1,861","1,998","1,914","1,941","1,932","1,834","1,766","1,805","2,113","1,828"
TLF,East Midlands,79,Travel agency and tour operator activities,812,802,535,433,349,297,299,336,398,418,371,287,293,316,290,285,341,355,393,404,355,303,133,175,361,383
TLF,East Midlands,80,Security and investigation activities,169,159,159,149,156,152,153,171,179,184,190,201,199,220,211,206,190,170,150,143,167,187,134,159,207,221
TLF,East Midlands,81,Services to buildings and landscape activities,270,263,254,259,262,245,290,299,312,328,374,379,367,404,371,403,389,429,481,492,521,597,426,585,712,728
TLF,East Midlands,82,Office administration and business support activities,660,615,566,620,600,643,760,796,812,816,908,874,954,994,"1,034","1,165","1,139","1,189","1,072","1,146","1,188","1,098",816,"1,187","1,339","1,539"
TLF,East Midlands,O (84),Public administration and defence,"4,796","4,890","4,628","4,951","4,986","4,756","5,174","5,406","5,782","6,136","6,288","6,391","6,159","5,718","5,452","5,215","5,106","5,082","5,237","5,119","5,101","5,400","5,233","5,728","5,991","5,956"
TLF,East Midlands,P (85),Education,"7,488","7,509","7,449","7,621","7,346","7,120","6,840","7,003","6,831","6,687","6,731","6,771","7,083","7,591","7,793","7,583","7,501","7,558","7,490","7,687","8,123","8,614","7,041","8,142","8,879","9,252"
TLF,East Midlands,Q (86-88),Human health and social work activities,"8,601","8,643","8,926","9,535","9,647","10,354","10,857","10,763","10,377","10,789","11,431","10,876","11,867","11,648","11,885","11,841","12,055","12,476","13,165","13,257","13,319","12,441","9,144","10,924","11,456","11,433"
TLF,East Midlands,86,Human health activities,"6,445","6,243","6,489","7,500","7,349","7,546","7,799","7,902","7,632","8,162","8,744","8,378","8,657","8,417","8,453","8,392","8,520","8,948","9,829","9,972","10,215","9,436","6,084","7,715","7,629","7,383"
TLF,East Midlands,87,Residential care activities,"1,313","1,430","1,484","1,211","1,271","1,485","1,571","1,488","1,470","1,442","1,441","1,374","1,655","1,807","1,720","1,446","1,518","1,536","1,417","1,444","1,408","1,468","1,567","1,672","1,773","1,816"
TLF,East Midlands,88,Social work activities,"1,095","1,223","1,216","1,140","1,323","1,607","1,773","1,671","1,565","1,513","1,605","1,473","1,892","1,745","2,026","2,303","2,318","2,329","2,355","2,296","2,199","1,984","1,596","1,564","2,055","2,234"
TLF,East Midlands,R (90-93),"Arts, entertainment and recreation","1,338","1,359","1,388","1,448","1,469","1,676","1,783","1,897","1,989","1,839","1,945","1,906","1,738","1,775","1,604","1,599","1,645","1,647","1,581","1,757","1,626","1,534","1,129","1,269","1,727","1,819"
TLF,East Midlands,90,"Creative, arts and entertainment activities",233,234,267,232,235,216,225,237,277,258,205,171,170,157,154,169,159,150,181,228,203,229,210,223,339,356
TLF,East Midlands,91,"Libraries, archives, museums and other cultural activities",141,138,146,144,159,186,179,187,187,183,187,184,191,179,142,113,94,98,103,98,117,100,57,98,113,123
TLF,East Midlands,92,Gambling and betting activities,343,323,240,306,204,326,450,471,434,429,425,547,459,613,526,634,756,761,570,741,664,526,347,251,350,322
TLF,East Midlands,93,"Sports, amusement and recreation activities",602,641,685,733,808,897,895,964,"1,043",926,"1,080",980,887,813,770,682,646,648,726,694,646,680,516,696,925,"1,019"
TLF,East Midlands,S (94-96),Other service activities,"1,822","1,670","1,713","1,704","1,726","1,687","1,707","1,736","1,804","1,770","1,832","1,966","1,905","1,802","1,805","1,818","1,857","1,893","1,957","2,140","2,264","2,260","1,917","1,988","2,163","2,198"
TLF,East Midlands,94,Activities of membership organisations,382,335,342,322,320,334,345,364,336,328,247,347,258,250,276,248,256,255,232,312,347,324,334,379,415,519
TLF,East Midlands,95,"Repair of computers, personal and household goods",124,118,127,121,149,143,166,163,187,168,212,230,271,294,218,205,232,227,213,226,242,185,172,118,132,130
TLF,East Midlands,96,Other personal service activities,"1,320","1,223","1,250","1,269","1,264","1,215","1,200","1,212","1,288","1,281","1,390","1,396","1,396","1,278","1,321","1,379","1,384","1,427","1,529","1,613","1,685","1,760","1,414","1,490","1,616","1,550"
TLF,East Midlands,T (97-98),Activities of households ,321,329,355,271,213,164,177,243,243,190,133,123,173,141,167,138,149,120,200,92,138,150,154,181,74,57
TLG,West Midlands,Total,All industries,"113,327","116,820","120,004","123,387","124,363","127,325","129,917","131,591","133,798","133,842","133,573","125,541","129,821","133,767","135,796","139,004","143,952","147,770","151,398","156,659","158,836","157,849","141,339","155,226","158,960","160,747"
TLG,West Midlands,A-E,Production sector,"22,871","23,832","24,974","26,256","25,838","26,142","25,259","24,333","25,557","24,939","24,892","22,171","22,401","23,727","24,071","25,643","27,952","29,352","29,052","29,787","30,433","29,235","28,359","29,599","27,143","28,414"
TLG,West Midlands,A (1-3),"Agriculture, forestry and fishing",711,860,828,809,"1,134","1,114",972,"1,159","1,113",922,"1,310","1,220","1,094","1,433","1,195","1,150","1,674","1,462","1,246","1,194","1,155","1,388","1,325","1,335","1,356","1,374"
TLG,West Midlands,1,Agriculture and hunting,675,816,787,760,"1,063","1,037",896,"1,077","1,032",857,"1,222","1,130","1,023","1,356","1,114","1,069","1,572","1,367","1,162","1,118","1,089","1,304","1,237","1,271","1,288","1,298"
TLG,West Midlands,2,Forestry and logging,28,38,32,68,104,141,196,166,170,124,155,170,105,88,107,110,105,107,92,82,68,90,91,57,60,68
TLG,West Midlands,3,Fishing and aquaculture,1,1,1,1,2,3,2,3,3,3,5,6,6,5,5,5,10,7,8,7,5,6,8,7,8,8
TLG,West Midlands,B (5-9),Mining and quarrying,275,267,239,248,229,208,190,159,183,154,125,106,78,93,105,94,87,82,72,72,85,92,98,100,105,81
TLG,West Midlands,5-8,"Mining and quarrying, excluding support activities",295,286,252,260,244,220,196,161,181,152,120,106,77,94,106,93,88,76,70,70,83,89,92,95,98,72
TLG,West Midlands,9,Mining support service activities,0,0,2,3,1,1,4,6,10,8,10,4,5,3,2,4,3,8,2,1,1,2,5,4,7,9
TLG,West Midlands,C (10-33),Manufacturing,"17,986","18,212","19,516","20,291","20,001","20,011","19,758","19,539","20,482","20,379","19,900","16,849","17,451","18,809","19,139","20,331","22,454","23,179","22,788","23,848","24,416","22,612","22,254","23,080","21,288","22,444"
TLG,West Midlands,CA (10-12),"Manufacture of food, beverages and tobacco","2,299","2,293","2,393","2,228","2,311","2,374","2,494","2,273","2,417","2,285","2,224","2,125","2,016","1,885","1,679","1,591","1,616","1,492","1,755","1,616","1,812","1,931","1,852","2,166","1,977","1,911"
TLG,West Midlands,10,Manufacture of food products,"1,836","1,761","1,774","1,668","1,734","1,821","2,033","1,835","2,037","2,028","1,946","1,912","1,833","1,717","1,539","1,464","1,492","1,353","1,607","1,483","1,706","1,832","1,766","1,970","1,843","1,793"
TLG,West Midlands,11-12,Manufacture of beverages and tobacco products,548,614,704,639,658,636,548,517,452,318,339,263,225,206,171,155,152,166,176,158,120,113,99,209,133,118
TLG,West Midlands,CB (13-15),"Manufacture of textiles, wearing apparel and leather",214,212,219,223,233,225,227,222,236,254,202,268,283,213,283,306,303,338,317,402,373,412,252,330,333,295
TLG,West Midlands,13,Manufacture of textiles,71,73,79,86,98,105,100,106,117,134,95,132,112,76,111,122,100,124,164,221,200,234,135,166,176,141
TLG,West Midlands,14,Manufacture of wearing apparel,104,101,102,102,95,87,88,79,75,72,60,73,121,98,122,135,166,187,114,137,129,125,89,123,121,122
TLG,West Midlands,15,Manufacture of leather products,36,34,32,26,30,20,29,25,31,32,43,54,51,44,50,48,54,37,37,41,42,50,28,44,36,32
TLG,West Midlands,CC (16-18),Manufacture of wood and paper products and printing,620,665,667,691,729,753,839,850,862,874,813,785,782,772,860,917,900,972,"1,079","1,093","1,153","1,200","1,307","1,427","1,083","1,008"
TLG,West Midlands,16,"Manufacture of wood products, except furniture",314,354,357,361,358,362,409,358,386,397,385,304,354,356,401,384,365,475,542,450,491,582,620,672,459,420
TLG,West Midlands,17,Manufacture of paper products,116,138,130,140,162,167,176,172,145,165,118,116,145,122,173,243,242,227,255,284,327,336,303,394,323,321
TLG,West Midlands,18,Printing and reproduction of recorded media,225,219,227,233,242,254,290,325,342,330,324,350,291,304,293,282,282,279,297,342,321,290,391,367,302,266
TLG,West Midlands,CD-CE (19-20),"Manufacture of coke, refined petroleum and chemicals",468,438,434,392,412,428,375,438,488,458,380,330,369,341,440,540,689,905,791,723,806,894,961,900,655,640
TLG,West Midlands,CF (21),Manufacture of pharmaceutical products,165,158,150,138,150,99,102,111,122,165,162,136,128,101,104,94,102,123,109,107,104,132,127,175,305,307
TLG,West Midlands,CG (22-23),"Manufacture of rubber, plastic and non-metallic minerals ","2,449","2,537","2,639","2,701","2,471","2,418","2,292","2,254","2,089","1,984","1,603","1,422","1,521","1,528","1,692","1,958","1,934","2,052","1,971","2,000","2,140","2,115","2,005","2,030","1,853","1,697"
TLG,West Midlands,22,Manufacture of rubber and plastic products,"1,272","1,377","1,340","1,409","1,240","1,267","1,204","1,167","1,041","1,027",848,815,858,910,"1,020","1,241","1,167","1,310","1,192","1,187","1,254","1,266","1,211","1,191","1,128","1,069"
TLG,West Midlands,23,Manufacture of other non-metallic mineral products,"1,219","1,192","1,352","1,339","1,285","1,190","1,124","1,126","1,089",991,781,624,684,630,682,714,779,742,777,813,886,847,793,844,724,629
TLG,West Midlands,CH (24-25),Manufacture of basic and fabricated metal products,"4,945","4,771","5,217","5,084","5,003","4,955","4,480","4,376","4,178","4,082","4,041","2,783","3,016","3,260","3,567","3,614","4,181","4,250","4,327","4,230","4,187","3,844","4,019","4,089","4,264","4,469"
TLG,West Midlands,24,Manufacture of basic metals,"1,654","1,853","2,000","2,061","1,785","1,854","1,635","1,631","1,356","1,464","1,307",660,647,599,837,584,830,982,"1,200","1,274","1,313",943,"1,351","1,217","1,132","1,177"
TLG,West Midlands,25,Manufacture of fabricated metal products,"3,559","3,251","3,571","3,405","3,512","3,420","3,120","3,023","3,034","2,867","2,933","2,184","2,421","2,710","2,797","3,023","3,358","3,299","3,220","3,078","3,011","2,936","2,728","2,887","3,132","3,292"
TLG,West Midlands,CI (26),"Manufacture of computer, electronic and optical products",201,224,268,358,411,412,451,482,627,630,584,786,624,601,470,609,637,506,644,721,716,703,774,676,824,756
TLG,West Midlands,CJ (27),Manufacture of electrical equipment,802,745,751,942,"1,056","1,035",858,821,888,904,904,765,693,668,797,709,742,707,677,659,707,786,"1,068",823,681,625
TLG,West Midlands,CK (28),Manufacture of machinery and equipment,"2,142","2,214","2,260","2,208","2,286","2,555","2,726","2,577","2,787","3,102","2,952","2,061","2,351","2,638","2,694","2,587","2,358","2,343","2,057","2,390","2,709","2,314","2,202","3,012","2,447","2,347"
TLG,West Midlands,CL (29-30),Manufacture of transport equipment,"3,051","3,087","3,643","4,283","3,731","3,545","3,548","3,734","4,093","3,854","4,403","3,554","3,930","5,349","5,140","6,006","7,404","8,132","7,605","8,341","8,084","6,707","6,280","5,984","5,173","6,639"
TLG,West Midlands,29,Manufacture of motor vehicles,"2,463","2,381","2,831","3,327","2,849","2,602","2,488","2,640","2,744","2,664","3,176","2,553","3,050","4,029","4,007","5,047","6,414","7,149","6,684","7,373","6,956","5,535","5,031","4,805","4,406","5,703"
TLG,West Midlands,30,Manufacture of other transport equipment,446,583,662,779,736,828,971,996,"1,263","1,106","1,132",923,842,"1,277","1,086",942,979,977,915,960,"1,125","1,174","1,277","1,204",767,936
TLG,West Midlands,CM (31-33),"Other manufacturing, repair and installation","1,262","1,389","1,393","1,338","1,364","1,365","1,394","1,369","1,585","1,688","1,728","1,629","1,682","1,653","1,572","1,584","1,760","1,592","1,588","1,619","1,673","1,670","1,617","1,572","1,694","1,749"
TLG,West Midlands,31,Manufacture of furniture,341,365,398,376,360,351,323,323,350,360,271,236,256,276,242,294,350,348,347,307,291,285,298,359,328,285
TLG,West Midlands,32,Other manufacturing,343,396,392,411,418,496,533,518,596,669,757,733,746,770,678,589,645,569,557,639,696,711,560,400,437,525
TLG,West Midlands,33,Repair and installation of machinery and equipment,597,648,619,562,601,531,561,550,668,696,769,731,749,676,712,740,804,703,710,710,731,720,788,818,929,939
TLG,West Midlands,D (35),"Electricity, gas, steam and air conditioning supply","2,534","3,557","2,752","3,758","3,241","3,894","3,218","2,005","2,407","2,054","1,978","2,039","2,039","1,959","2,147","2,513","2,345","2,872","3,085","2,762","2,809","3,139","2,790","2,574","1,890","2,141"
TLG,West Midlands,E (36-39),Water supply; sewerage and waste management,"2,731","2,584","2,855","2,679","2,420","2,412","2,217","2,124","1,976","2,015","2,204","2,335","2,143","1,963","1,930","1,926","1,964","2,094","2,113","2,138","2,192","2,216","2,098","2,687","2,505","2,373"
TLG,West Midlands,36,Water supply,964,937,953,938,989,"1,018",968,946,879,895,"1,075","1,111","1,180","1,136","1,116","1,108","1,041","1,106","1,196","1,106","1,179","1,137",898,"1,165","1,195","1,152"
TLG,West Midlands,37,Sewerage activities,715,725,935,837,763,576,528,441,405,340,350,278,289,271,272,324,334,315,323,362,323,293,541,503,462,435
TLG,West Midlands,38,"Waste collection, treatment and disposal activities","1,189","1,001","1,009",945,691,852,754,769,724,804,810,973,655,540,526,480,567,644,559,643,660,751,605,977,807,745
TLG,West Midlands,39,Remediation and other waste management services,26,27,25,25,24,15,13,12,9,11,8,9,7,6,8,11,20,29,28,25,29,34,40,41,41,41
TLG,West Midlands,F (41-43),Construction,"10,611","10,950","10,715","10,792","11,072","10,671","11,015","10,904","11,111","10,719","9,555","7,659","8,356","8,567","8,400","8,908","9,346","9,545","9,507","9,826","9,565","9,860","8,704","9,448","10,606","10,799"
TLG,West Midlands,41,Construction of buildings,"3,733","3,860","3,832","3,832","4,009","4,150","4,229","4,050","4,017","3,846","3,024","2,239","2,543","2,571","2,442","2,653","2,603","2,795","2,791","2,937","2,903","3,015","2,560","2,807","3,085","2,569"
TLG,West Midlands,42,Civil engineering,"2,155","2,226","2,080","2,059","2,011","1,737","1,809","1,711","1,771","1,702","1,653","1,582","1,414","1,360","1,375","1,429","1,575","1,576","1,526","1,677","1,978","1,956","1,696","1,791","2,406","2,280"
TLG,West Midlands,43,Specialised construction activities,"4,735","4,877","4,813","4,912","5,069","4,820","5,013","5,190","5,366","5,214","4,887","3,823","4,398","4,644","4,590","4,834","5,168","5,180","5,201","5,217","4,680","4,883","4,449","4,849","5,114","5,950"
TLG,West Midlands,G-T,Services sector,"81,019","83,133","85,084","86,880","88,157","91,121","94,431","97,189","97,928","98,944","99,845","96,428","99,829","102,194","104,028","105,075","107,098","109,250","113,296","117,544","119,324","119,293","104,601","116,395","121,211","121,535"
TLG,West Midlands,G (45-47),Wholesale and retail trade; repair of motor vehicles,"15,557","15,595","16,260","16,219","16,431","16,361","17,119","17,299","17,647","16,931","16,618","15,079","17,219","18,002","18,891","18,555","19,818","19,907","20,517","21,411","21,072","18,968","15,745","18,883","18,079","18,151"
TLG,West Midlands,45,Motor trades,"3,106","2,901","3,239","3,545","3,358","2,897","2,640","2,578","2,318","2,270","2,416","2,150","2,898","2,816","3,025","3,300","3,469","3,409","3,476","3,772","3,590","3,276","2,604","3,135","2,881","3,448"
TLG,West Midlands,46,Wholesale trade,"5,297","5,543","5,698","5,325","5,400","6,034","6,732","6,862","7,458","6,695","6,606","6,462","7,189","7,912","8,393","7,903","8,789","8,650","8,558","8,759","9,087","8,142","6,484","7,680","7,848","7,542"
TLG,West Midlands,47,Retail trade,"7,447","7,328","7,574","7,735","8,024","7,560","7,773","7,868","7,846","7,915","7,541","6,429","7,121","7,272","7,490","7,371","7,638","7,870","8,433","8,828","8,374","7,535","6,647","8,065","7,350","7,160"
TLG,West Midlands,H (49-53),Transportation and storage,"5,540","6,143","6,105","6,192","5,812","5,740","5,754","5,974","6,237","6,251","6,384","5,600","5,898","6,236","6,044","6,221","6,379","6,760","6,703","6,565","6,793","7,104","5,661","6,345","7,104","6,837"
TLG,West Midlands,49,Land transport,"2,746","3,041","3,057","3,098","2,822","2,669","2,327","2,303","2,446","2,685","2,733","2,341","2,383","2,336","2,261","2,370","2,467","2,412","2,516","2,398","2,640","2,818","1,750","2,359","2,725","2,688"
TLG,West Midlands,50,Water transport,81,98,121,139,121,132,195,188,130,100,165,109,117,123,147,153,116,99,72,65,53,46,22,31,49,28
TLG,West Midlands,51,Air transport,15,16,15,11,13,19,27,37,49,63,54,39,37,37,38,35,35,24,29,34,49,68,12,10,54,77
TLG,West Midlands,52,Warehousing and transport support activities,"1,612","1,778","1,575","1,523","1,409","1,530","1,874","2,009","2,084","1,956","1,951","1,732","1,958","2,353","2,043","2,160","2,448","2,885","2,625","2,444","2,425","2,536","2,199","2,124","2,558","2,470"
TLG,West Midlands,53,Postal and courier activities,"1,218","1,362","1,448","1,541","1,557","1,506","1,505","1,616","1,658","1,500","1,548","1,454","1,506","1,529","1,685","1,640","1,459","1,499","1,592","1,740","1,729","1,741","1,813","1,933","1,718","1,574"
TLG,West Midlands,I (55-56),Accommodation and food service activities,"4,165","3,955","4,086","4,106","4,288","4,740","5,004","5,343","5,284","5,268","5,029","4,480","4,647","4,791","4,688","4,944","4,466","4,393","4,674","4,930","4,714","4,761","2,791","3,415","4,242","4,065"
TLG,West Midlands,55,Accommodation,686,750,728,668,692,762,805,775,782,772,699,562,560,671,694,769,728,783,907,932,932,964,526,719,948,874
TLG,West Midlands,56,Food and beverage service activities,"3,457","3,182","3,334","3,415","3,571","3,950","4,171","4,544","4,476","4,471","4,309","3,903","4,075","4,106","3,980","4,161","3,725","3,600","3,762","3,992","3,775","3,792","2,260","2,693","3,293","3,192"
TLG,West Midlands,J (58-63),Information and communication,482,581,764,863,"1,020","1,260","1,395","1,551","1,624","1,777","1,889","1,981","2,161","2,325","2,399","2,500","2,889","3,323","3,960","4,242","5,035","5,626","6,045","6,137","6,367","6,334"
TLG,West Midlands,58,Publishing activities,298,320,335,354,365,358,368,345,328,341,306,265,259,252,265,283,263,278,264,266,283,267,289,188,314,325
TLG,West Midlands,59,"Motion picture, video and TV programme production",157,173,169,147,131,142,161,161,162,169,187,161,164,177,181,173,163,202,214,160,183,160,125,145,122,104
TLG,West Midlands,60,Programming and broadcasting activities,206,192,185,168,137,157,161,151,162,157,137,115,76,58,63,69,49,45,98,103,81,96,157,117,160,127
TLG,West Midlands,61,Telecommunications,13,19,32,39,47,55,68,80,95,112,131,167,195,233,253,276,383,516,731,870,"1,153","1,368","1,756","2,192","2,358","2,702"
TLG,West Midlands,62,Computer programming and consultancy,889,984,"1,027","1,111","1,426","2,102","2,165","2,433","2,359","2,478","2,585","2,406","2,564","2,589","2,555","2,596","2,780","2,865","3,089","3,126","3,511","3,880","3,691","3,226","3,191","2,871"
TLG,West Midlands,63,Information service activities,318,323,331,372,399,421,431,431,399,405,331,287,282,279,284,278,245,238,193,186,169,163,163,279,222,205
TLG,West Midlands,K (64-66),Financial and insurance activities,"7,075","7,170","7,322","7,097","7,125","7,309","7,882","9,072","8,058","9,862","10,782","10,711","10,816","10,285","10,350","9,726","9,062","9,056","9,784","9,614","9,755","9,553","9,402","9,251","9,581","9,311"
TLG,West Midlands,64,Financial service activities,"3,803","4,058","3,760","4,197","5,167","5,652","6,952","7,116","7,305","8,579","9,025","8,089","7,607","7,505","7,573","7,050","6,601","6,442","6,884","6,211","6,003","5,720","5,099","4,890","5,075","5,105"
TLG,West Midlands,65,Insurance and pension funding,"2,546","2,441","2,662","2,162","1,641","1,488","1,340","2,019","1,205","1,574","1,765","1,798","2,163","1,956","2,064","1,963","1,972","1,797","2,081","2,278","2,525","2,369","2,784","2,848","2,801","2,617"
TLG,West Midlands,66,Activities auxiliary to finance and insurance,883,891,"1,030",990,953,985,831,705,862,"1,052","1,279","1,715","1,592","1,422","1,292","1,228",923,"1,257","1,263","1,375","1,396","1,571","1,533","1,532","1,705","1,589"
TLG,West Midlands,L (68),Real estate activities,"15,387","15,608","15,578","15,262","15,519","15,664","15,439","15,096","15,463","15,020","15,211","15,398","15,609","15,957","16,869","16,742","17,549","17,596","18,077","18,375","18,732","19,456","19,209","19,542","19,623","19,736"
TLG,West Midlands,68IMP,Owner-occupiers' imputed rental,"13,268","13,506","13,619","13,490","13,494","13,377","13,234","12,740","13,010","12,411","12,212","12,121","11,957","11,784","12,238","12,133","12,493","12,562","13,169","13,378","13,743","14,253","14,253","14,350","14,238","14,448"
TLG,West Midlands,68,"Real estate activities, excluding imputed rental","2,398","2,389","2,258","2,083","2,310","2,533","2,454","2,577","2,674","2,797","3,149","3,410","3,737","4,190","4,621","4,597","5,010","4,992","4,905","4,992","5,000","5,212","4,987","5,206","5,385","5,288"
TLG,West Midlands,M (69-75),"Professional, scientific and technical activities","5,127","5,506","5,485","5,950","6,415","6,838","7,117","7,278","7,883","7,829","7,697","6,911","7,008","7,086","7,055","7,420","7,471","7,679","7,982","8,558","8,138","8,049","7,682","8,633","9,230","9,390"
TLG,West Midlands,69,Legal and accounting activities,"1,906","1,960","1,870","2,063","2,193","2,254","2,323","2,279","2,547","2,512","2,599","2,499","2,388","2,488","2,648","2,688","2,679","2,813","2,946","3,116","2,848","2,834","2,805","3,131","3,169","3,234"
TLG,West Midlands,70,Head offices and management consultancy,625,715,665,782,863,"1,025",906,930,"1,040","1,105","1,225",931,941,"1,009","1,018","1,263","1,433","1,449","1,525","1,637","1,521","1,406","1,432","1,772","1,820","1,918"
TLG,West Midlands,71,Architectural and engineering activities,959,"1,078","1,087","1,145","1,247","1,310","1,459","1,760","1,874","1,817","1,724","1,544","1,616","1,519","1,539","1,733","1,692","1,665","1,592","1,753","1,643","1,489","1,646","1,495","1,940","1,999"
TLG,West Midlands,72,Scientific research and development,620,740,814,908,"1,062","1,063","1,151",972,874,910,891,785,"1,028","1,036",798,520,476,533,672,565,593,675,481,618,633,644
TLG,West Midlands,73,Advertising and market research,472,523,566,574,630,721,763,719,835,774,587,467,445,446,411,405,376,477,454,534,570,553,441,613,496,438
TLG,West Midlands,74,"Other professional, scientific and technical activities",415,425,439,462,467,465,492,487,539,529,474,394,371,400,360,401,435,385,459,523,477,602,500,617,681,732
TLG,West Midlands,75,Veterinary activities,206,172,181,183,155,195,228,228,219,252,288,386,374,351,375,394,352,342,351,425,484,491,371,390,491,425
TLG,West Midlands,N (77-82),Administrative and support service activities,"3,787","4,005","3,905","4,306","4,314","4,321","4,680","4,798","5,073","5,394","5,599","5,238","5,326","5,447","5,612","6,226","6,962","7,344","7,384","8,022","7,656","7,690","6,810","7,560","7,993","8,592"
TLG,West Midlands,77,Rental and leasing activities,"1,405","1,549","1,595","1,756","1,760","1,736","1,761","1,992","2,169","2,345","2,324","2,285","2,015","1,740","1,644","1,864","1,952","1,994","1,959","2,132","2,018","2,241","1,598","1,588","1,601","1,843"
TLG,West Midlands,78,Employment activities,960,"1,019","1,030","1,056","1,052","1,171","1,290","1,252","1,273","1,360","1,431","1,295","1,278","1,337","1,377","1,510","1,801","1,951","1,887","1,989","1,957","1,909","2,077","2,201","2,274","2,184"
TLG,West Midlands,79,Travel agency and tour operator activities,635,652,467,379,269,228,253,283,342,373,394,324,315,335,361,339,422,457,549,478,433,417,77,296,476,536
TLG,West Midlands,80,Security and investigation activities,197,188,178,197,190,203,192,186,166,160,149,142,138,157,170,176,204,205,207,270,228,210,244,294,267,253
TLG,West Midlands,81,Services to buildings and landscape activities,317,347,342,376,401,424,476,456,447,458,548,590,727,904,926,"1,003",937,889,"1,011","1,174","1,168","1,243","1,101","1,019",975,"1,021"
TLG,West Midlands,82,Office administration and business support activities,730,723,649,877,927,798,953,925,"1,028","1,090","1,120",930,"1,093","1,113","1,254","1,484","1,808","2,022","1,906","2,118","1,971","1,829","1,777","2,177","2,399","2,755"
TLG,West Midlands,O (84),Public administration and defence,"6,265","6,298","6,146","6,384","6,157","6,445","6,597","6,679","6,619","6,965","7,167","7,114","6,539","6,742","6,355","6,592","6,209","6,315","6,694","6,912","7,050","7,380","7,128","7,101","7,654","7,779"
TLG,West Midlands,P (85),Education,"10,358","10,410","10,429","10,375","10,273","9,970","10,234","10,152","9,689","9,600","9,470","9,476","9,564","9,518","9,594","9,206","9,119","9,203","9,202","9,474","10,096","10,581","8,902","10,348","10,848","11,336"
TLG,West Midlands,Q (86-88),Human health and social work activities,"11,374","11,320","11,247","12,406","12,159","13,093","13,607","14,438","14,277","13,748","13,785","13,636","14,165","14,741","15,104","15,369","14,870","14,998","15,364","15,903","16,346","15,839","11,557","14,319","15,393","15,066"
TLG,West Midlands,86,Human health activities,"8,528","8,461","8,480","9,322","9,100","9,935","10,102","10,680","10,705","10,772","10,746","10,579","10,891","11,501","11,903","11,588","11,392","11,238","11,291","12,002","12,430","12,266","7,429","9,971","10,588","9,853"
TLG,West Midlands,87,Residential care activities,"1,809","1,792","1,748","1,968","1,868","1,939","2,106","2,181","2,090","1,779","1,896","1,750","1,773","1,915","1,744","1,773","1,679","1,760","1,910","1,859","1,827","1,874","1,920","1,911","2,004","2,133"
TLG,West Midlands,88,Social work activities,"1,551","1,579","1,531","1,679","1,737","1,820","2,002","2,211","2,125","1,869","1,812","1,962","2,177","2,030","2,188","2,660","2,459","2,620","2,752","2,715","2,803","2,449","2,353","2,445","2,802","3,081"
TLG,West Midlands,R (90-93),"Arts, entertainment and recreation","1,606","1,594","1,645","1,584","1,714","1,976","2,111","2,173","2,240","2,087","2,007","1,814","1,874","2,053","1,967","2,224","2,328","2,191","2,118","2,305","2,156","2,202","1,373","1,924","1,903","1,870"
TLG,West Midlands,90,"Creative, arts and entertainment activities",360,347,395,339,318,284,291,319,359,308,268,209,232,232,178,195,193,217,259,335,336,369,94,205,300,334
TLG,West Midlands,91,"Libraries, archives, museums and other cultural activities",170,185,211,193,210,217,211,229,213,216,181,211,225,176,175,194,178,185,188,203,201,166,79,182,186,205
TLG,West Midlands,92,Gambling and betting activities,490,467,399,431,472,562,637,610,651,586,494,397,387,680,656,796,907,728,567,772,728,796,653,676,515,446
TLG,West Midlands,93,"Sports, amusement and recreation activities",581,584,599,597,692,902,971,"1,003","1,012",966,"1,047",970,998,968,963,"1,050","1,068","1,069","1,102","1,001",897,878,551,862,902,884
TLG,West Midlands,S (94-96),Other service activities,"2,752","2,629","2,573","2,478","2,484","2,489","2,573","2,536","2,585","2,573","2,436","2,472","2,412","2,344","2,430","2,600","2,736","2,863","2,923","3,217","3,336","3,054","2,702","2,852","3,046","2,988"
TLG,West Midlands,94,Activities of membership organisations,688,609,654,631,648,673,700,726,747,716,591,574,608,549,570,642,646,661,752,883,948,842,767,729,846,840
TLG,West Midlands,95,"Repair of computers, personal and household goods",345,336,307,226,200,148,194,178,224,203,235,218,217,251,225,241,270,301,367,364,370,298,325,350,378,346
TLG,West Midlands,96,Other personal service activities,"1,714","1,685","1,608","1,620","1,635","1,666","1,675","1,626","1,608","1,650","1,615","1,687","1,588","1,554","1,643","1,720","1,829","1,915","1,814","1,970","2,013","1,910","1,607","1,774","1,822","1,802"
TLG,West Midlands,T (97-98),Activities of households ,247,249,246,193,146,144,169,173,158,133,124,145,159,162,193,138,123,135,145,202,218,276,164,141,148,78
TLH,East,Total,All industries,"119,888","124,102","131,125","135,234","136,638","141,989","143,366","148,455","152,252","154,759","155,785","148,304","151,009","151,373","153,741","157,639","164,496","167,327","171,040","180,176","180,461","183,978","165,281","181,286","187,608","189,294"
TLH,East,A-E,Production sector,"18,812","19,401","20,415","21,545","22,254","23,018","22,519","23,501","25,599","25,695","27,099","24,354","23,496","23,532","23,566","24,205","25,631","25,055","24,723","24,960","24,810","25,409","25,739","26,439","26,200","26,857"
TLH,East,A (1-3),"Agriculture, forestry and fishing","1,750","2,009","2,093","2,082","2,490","2,365","1,981","2,191","2,017","1,865","2,558","2,256","1,696","2,140","1,886","1,802","2,222","1,925","1,762","1,684","1,566","1,965","1,822","2,018","2,059","2,201"
TLH,East,1,Agriculture and hunting,"1,657","1,899","1,986","1,965","2,357","2,229","1,859","2,060","1,890","1,746","2,397","2,076","1,564","2,008","1,747","1,665","2,072","1,785","1,632","1,562","1,471","1,849","1,693","1,913","1,928","2,063"
TLH,East,2,Forestry and logging,98,131,114,124,132,176,185,150,157,144,222,306,196,161,185,178,133,138,130,115,86,106,114,81,109,115
TLH,East,3,Fishing and aquaculture,12,12,10,15,16,15,16,21,21,20,21,27,24,20,19,21,33,27,26,25,18,21,26,22,22,23
TLH,East,B (5-9),Mining and quarrying,135,132,132,134,145,107,110,108,146,122,75,74,69,87,129,136,149,173,149,129,140,159,121,144,141,123
TLH,East,5-8,"Mining and quarrying, excluding support activities",129,129,102,120,152,112,102,114,150,123,55,55,62,98,143,134,146,129,139,122,134,144,105,132,127,99
TLH,East,9,Mining support service activities,62,58,80,66,51,39,54,38,54,49,54,53,31,14,22,35,39,80,15,9,8,20,21,10,15,24
TLH,East,C (10-33),Manufacturing,"13,152","13,356","14,289","15,087","15,537","16,250","16,469","17,103","18,992","19,560","20,596","17,917","17,853","17,913","18,025","18,878","19,956","19,095","18,675","18,922","18,994","19,106","19,536","20,296","19,705","20,135"
TLH,East,CA (10-12),"Manufacture of food, beverages and tobacco","2,529","2,400","2,496","2,429","2,542","2,786","2,865","2,450","2,678","2,725","2,731","2,723","2,690","2,609","2,575","2,677","3,028","2,797","2,815","2,687","2,806","2,723","2,588","2,544","2,609","2,617"
TLH,East,10,Manufacture of food products,"2,365","2,200","2,255","2,190","2,239","2,402","2,436","2,066","2,170","2,175","2,145","2,204","2,194","2,169","2,169","2,233","2,486","2,158","2,252","2,062","2,135","2,198","2,391","2,232","2,369","2,357"
TLH,East,11-12,Manufacture of beverages and tobacco products,219,239,273,269,327,402,441,392,518,558,592,524,502,441,407,446,550,641,554,616,663,518,207,319,240,260
TLH,East,CB (13-15),"Manufacture of textiles, wearing apparel and leather",103,113,115,130,139,142,132,141,148,151,121,161,232,166,222,219,198,208,199,211,238,282,141,307,354,329
TLH,East,13,Manufacture of textiles,28,33,36,47,55,65,58,63,71,78,57,73,107,73,99,96,71,69,101,103,123,166,75,204,257,229
TLH,East,14,Manufacture of wearing apparel,55,57,54,61,61,62,61,65,58,54,47,71,106,76,100,101,109,130,81,92,105,105,57,85,81,81
TLH,East,15,Manufacture of leather products,31,35,38,32,33,19,17,17,22,18,22,21,23,21,28,29,36,30,29,31,26,29,18,24,17,19
TLH,East,CC (16-18),Manufacture of wood and paper products and printing,958,"1,063","1,054","1,112","1,120","1,231","1,272","1,394","1,443","1,432","1,360","1,278","1,246","1,223","1,215","1,319","1,428","1,402","1,563","1,690","1,599","1,519","1,335","1,392","1,211","1,087"
TLH,East,16,"Manufacture of wood products, except furniture",298,353,364,414,400,426,494,475,496,484,484,373,363,397,392,402,381,432,505,522,644,552,377,291,381,353
TLH,East,17,Manufacture of paper products,202,240,212,226,251,267,269,299,264,304,295,296,332,335,373,429,460,418,412,475,410,434,491,479,341,293
TLH,East,18,Printing and reproduction of recorded media,473,497,512,524,513,579,578,664,720,686,633,627,571,527,479,510,594,574,676,715,616,581,477,610,489,440
TLH,East,CD-CE (19-20),"Manufacture of coke, refined petroleum and chemicals",788,719,741,727,755,825,810,848,834,800,766,876,985,693,768,894,"1,172","1,439","1,161","1,132","1,252","1,430","1,365","1,288","1,307","1,278"
TLH,East,CF (21),Manufacture of pharmaceutical products,"1,186","1,466","1,469","1,607","1,592","1,668","1,612","1,925","2,522","2,871","3,666","3,089","2,589","2,337","1,997","2,045","2,035","1,839","1,651","1,547","1,461","1,629","2,209","2,532","2,498","3,051"
TLH,East,CG (22-23),"Manufacture of rubber, plastic and non-metallic minerals ","1,380","1,423","1,575","1,643","1,507","1,601","1,582","1,568","1,560","1,456","1,193","1,141","1,252","1,218","1,419","1,598","1,618","1,688","1,505","1,633","1,635","1,591","1,637","1,358","1,324","1,209"
TLH,East,22,Manufacture of rubber and plastic products,839,917,961,"1,020",883,922,916,881,870,817,690,688,743,698,805,943,946,"1,041",842,894,910,860,804,702,707,637
TLH,East,23,Manufacture of other non-metallic mineral products,530,474,599,601,626,688,672,702,708,654,512,456,515,534,632,663,684,646,667,747,731,740,847,659,617,572
TLH,East,CH (24-25),Manufacture of basic and fabricated metal products,"1,729","1,669","1,903","1,744","1,716","1,810","1,771","1,897","1,883","1,754","1,667","1,276","1,347","1,459","1,778","1,856","2,033","2,022","2,104","2,150","2,053","1,911","1,962","1,840","2,054","2,112"
TLH,East,24,Manufacture of basic metals,297,342,400,351,323,328,305,355,269,294,218,140,121,134,170,116,175,229,247,280,312,228,382,296,314,346
TLH,East,25,Manufacture of fabricated metal products,"1,471","1,377","1,564","1,445","1,438","1,526","1,504","1,590","1,642","1,499","1,468","1,143","1,228","1,327","1,612","1,724","1,848","1,795","1,862","1,885","1,771","1,688","1,608","1,547","1,740","1,766"
TLH,East,CI (26),"Manufacture of computer, electronic and optical products",310,309,364,522,689,661,692,832,"1,191","1,334","1,563","1,520","1,456","1,552","1,467","1,676","1,849","1,521","1,745","1,798","1,819","2,006","2,153","2,054","1,840","1,795"
TLH,East,CJ (27),Manufacture of electrical equipment,610,598,634,784,880,815,648,687,822,831,925,697,669,794,841,687,542,476,519,570,525,556,835,639,391,396
TLH,East,CK (28),Manufacture of machinery and equipment,"1,636","1,704","1,771","1,881","2,095","2,148","2,370","2,387","2,478","2,665","2,647","1,677","2,030","2,363","2,459","2,491","2,504","2,377","2,186","2,166","2,238","1,995","2,067","2,546","2,255","2,282"
TLH,East,CL (29-30),Manufacture of transport equipment,"1,788","1,738","1,947","2,021","1,746","1,802","1,949","2,010","2,246","2,462","3,114","2,284","2,071","2,450","2,199","2,188","2,238","2,070","1,870","1,880","1,731","1,677","1,726","1,762","1,923","2,058"
TLH,East,29,Manufacture of motor vehicles,"1,052",906,"1,003","1,084",892,899,920,987,"1,071","1,325","1,930","1,371","1,311","1,363","1,314","1,387","1,423","1,281","1,055","1,045",864,764,800,"1,011","1,213","1,467"
TLH,East,30,Manufacture of other transport equipment,727,865,985,958,885,943,"1,090","1,076","1,242","1,192","1,245",950,806,"1,163",948,872,887,854,857,877,909,956,967,759,709,591
TLH,East,CM (31-33),"Other manufacturing, repair and installation","1,324","1,428","1,525","1,547","1,579","1,633","1,603","1,723","1,915","1,844","1,808","1,620","1,779","1,664","1,653","1,730","1,667","1,583","1,631","1,755","1,899","2,003","1,768","2,093","1,938","1,921"
TLH,East,31,Manufacture of furniture,363,371,416,449,408,416,379,442,480,470,442,349,396,389,337,409,434,445,466,432,474,447,310,319,336,282
TLH,East,32,Other manufacturing,400,478,514,579,587,644,639,659,766,779,787,710,746,688,679,585,536,551,461,591,563,631,562,789,557,556
TLH,East,33,Repair and installation of machinery and equipment,595,610,623,531,607,595,615,644,697,622,612,604,677,619,678,750,702,593,689,731,849,914,886,992,"1,046","1,082"
TLH,East,D (35),"Electricity, gas, steam and air conditioning supply","2,384","2,685","2,322","2,719","2,344","2,538","2,005","1,893","2,068","1,847","1,677","1,610","1,387","1,256","1,422","1,403","1,279","1,599","1,685","1,649","1,465","1,641","1,404","1,136","1,497","1,681"
TLH,East,E (36-39),Water supply; sewerage and waste management,"2,562","2,503","2,540","2,654","2,599","2,669","2,385","2,604","2,592","2,405","2,365","2,644","2,594","2,270","2,192","2,067","2,139","2,271","2,431","2,529","2,564","2,498","2,773","2,752","2,798","2,716"
TLH,East,36,Water supply,"1,073","1,017",998,"1,002","1,002",973,771,743,767,681,692,710,719,694,704,698,705,729,844,888,984,950,917,"1,014","1,075","1,041"
TLH,East,37,Sewerage activities,591,664,735,800,845,877,941,"1,093","1,167","1,114","1,062","1,165","1,147",942,846,831,752,823,908,867,814,722,"1,087",942,872,815
TLH,East,38,"Waste collection, treatment and disposal activities",998,867,835,876,765,837,690,779,666,615,620,774,725,628,627,530,666,695,648,754,745,802,715,760,809,812
TLH,East,39,Remediation and other waste management services,24,27,21,25,25,19,12,17,12,14,9,12,14,12,16,16,23,31,30,27,31,37,49,36,42,48
TLH,East,F (41-43),Construction,"14,028","14,746","14,771","14,887","15,172","14,769","14,156","14,033","13,998","13,507","12,485","11,092","12,120","13,257","12,809","13,586","14,831","15,789","15,678","16,499","16,248","16,145","14,125","15,291","17,174","17,767"
TLH,East,41,Construction of buildings,"5,020","5,182","5,248","5,365","5,908","4,999","4,867","5,237","5,352","5,253","4,400","3,215","3,763","4,128","3,789","4,204","4,388","4,720","4,483","4,791","4,890","5,124","4,236","5,035","5,643","5,257"
TLH,East,42,Civil engineering,"2,500","2,680","2,696","2,635","2,451","2,878","2,815","2,610","2,558","2,371","2,306","2,389","2,371","2,617","2,612","2,603","2,912","3,196","3,520","3,502","3,486","3,276","3,478","3,063","3,186","3,330"
TLH,East,43,Specialised construction activities,"6,577","6,960","6,903","6,962","6,898","6,927","6,497","6,240","6,149","5,962","5,826","5,525","6,028","6,557","6,452","6,836","7,585","7,923","7,700","8,237","7,899","7,754","6,435","7,192","8,345","9,180"
TLH,East,G-T,Services sector,"88,001","91,069","96,823","99,447","99,820","104,560","106,934","111,034","112,692","115,487","116,094","112,711","115,275","114,579","117,308","119,832","124,034","126,611","130,811","138,976","139,675","142,709","125,583","139,574","144,234","144,671"
TLH,East,G (45-47),Wholesale and retail trade; repair of motor vehicles,"16,889","16,837","19,407","19,849","20,100","21,444","21,809","22,138","23,025","22,831","22,728","20,098","21,994","21,600","20,558","20,853","22,549","23,316","23,805","25,095","23,984","23,429","19,976","22,744","22,277","22,144"
TLH,East,45,Motor trades,"2,753","2,774","3,432","3,999","4,189","4,281","4,036","3,909","3,659","3,940","3,814","3,111","4,021","3,553","3,665","3,859","4,242","4,436","4,359","4,542","3,972","3,607","2,869","3,335","3,657","4,253"
TLH,East,46,Wholesale trade,"5,039","5,283","6,253","6,003","5,801","6,978","7,667","7,944","8,956","8,411","8,272","7,324","7,742","7,748","7,178","7,572","8,783","8,401","8,062","8,666","8,602","8,930","7,684","9,237","9,528","9,236"
TLH,East,47,Retail trade,"9,360","8,962","9,930","10,242","10,609","10,516","10,319","10,462","10,541","10,597","10,762","9,769","10,393","10,421","9,822","9,613","9,873","10,704","11,487","12,011","11,515","10,975","9,485","10,196","9,092","8,655"
TLH,East,H (49-53),Transportation and storage,"5,880","6,425","6,706","6,577","6,347","6,700","6,687","6,745","6,950","6,951","7,137","6,367","6,523","6,593","6,803","6,864","6,774","6,407","6,575","6,840","7,131","7,096","5,233","5,751","8,308","8,170"
TLH,East,49,Land transport,"2,972","3,231","3,143","3,130","2,886","2,965","2,819","2,752","3,039","3,281","3,324","2,981","2,909","2,964","2,896","3,029","3,159","2,874","2,920","2,945","2,862","2,711","1,649","2,101","2,865","2,913"
TLH,East,50,Water transport,494,594,814,816,988,"1,140","1,608","1,423","1,022",723,787,454,490,764,831,964,771,713,626,644,593,585,131,212,465,252
TLH,East,51,Air transport,59,98,157,125,132,167,167,177,201,258,215,184,225,208,278,365,440,298,379,444,628,785,149,202,728,"1,003"
TLH,East,52,Warehousing and transport support activities,"2,866","2,895","2,633","2,636","2,538","2,505","2,235","2,342","2,501","2,434","2,663","2,505","2,636","2,520","2,633","2,355","2,443","2,558","2,569","2,737","2,903","2,956","2,888","2,717","2,928","2,677"
TLH,East,53,Postal and courier activities,"1,407","1,518","1,668","1,658","1,493","1,582","1,551","1,725","1,731","1,598","1,602","1,521","1,563","1,509","1,561","1,539","1,278","1,236","1,312","1,336","1,437","1,374","1,380","1,386","1,322","1,325"
TLH,East,I (55-56),Accommodation and food service activities,"4,291","4,228","4,382","4,471","4,468","4,601","4,743","4,739","4,615","4,487","4,440","4,161","4,258","4,465","4,639","5,041","4,881","4,852","5,160","5,445","5,330","5,092","3,516","4,468","4,999","4,775"
TLH,East,55,Accommodation,851,848,870,864,920,989,"1,020",990,"1,069","1,093","1,039",851,996,"1,147","1,245","1,260","1,292","1,272","1,430","1,586","1,546","1,594",910,"1,250","1,374","1,283"
TLH,East,56,Food and beverage service activities,"3,455","3,394","3,527","3,622","3,561","3,624","3,736","3,763","3,552","3,395","3,406","3,323","3,264","3,318","3,395","3,779","3,585","3,576","3,731","3,863","3,788","3,509","2,603","3,220","3,625","3,492"
TLH,East,J (58-63),Information and communication,738,924,"1,228","1,391","1,565","1,879","1,925","2,247","2,455","2,742","2,743","2,781","2,905","3,176","3,504","3,885","4,582","5,025","5,628","6,044","6,593","7,504","7,636","8,213","8,068","7,606"
TLH,East,58,Publishing activities,571,612,660,689,704,761,798,815,827,889,868,918,843,703,662,710,702,761,798,813,770,795,816,969,775,656
TLH,East,59,"Motion picture, video and TV programme production",141,156,186,171,147,163,183,192,199,202,235,259,250,330,379,436,400,426,428,312,334,338,353,350,355,310
TLH,East,60,Programming and broadcasting activities,99,97,114,110,109,130,135,137,158,159,146,122,110,92,84,81,64,63,198,207,89,84,122,142,177,139
TLH,East,61,Telecommunications,24,35,55,66,82,106,116,154,183,219,224,246,268,320,388,480,657,788,919,"1,156","1,508","1,920","2,210","2,346","2,388","2,525"
TLH,East,62,Computer programming and consultancy,"1,661","1,823","2,054","2,288","2,474","2,911","2,715","2,920","2,983","3,213","3,239","2,985","3,130","3,308","3,445","3,447","3,764","3,806","4,097","4,014","3,885","4,214","3,635","3,739","3,642","3,295"
TLH,East,63,Information service activities,460,437,516,533,516,498,488,472,404,344,219,164,163,162,188,219,224,239,262,290,365,354,506,670,732,682
TLH,East,K (64-66),Financial and insurance activities,"8,723","8,388","8,249","7,818","7,546","7,682","7,835","9,221","8,306","10,705","10,915","10,394","9,460","8,312","8,863","8,719","8,509","8,134","8,351","9,690","9,852","9,867","9,827","9,813","9,328","9,101"
TLH,East,64,Financial service activities,"2,721","2,821","2,741","3,045","3,821","4,167","5,432","5,429","6,217","6,949","6,919","6,578","5,645","5,340","5,808","5,631","5,160","5,036","4,286","4,341","4,021","3,789","3,166","2,552","2,475","2,541"
TLH,East,65,Insurance and pension funding,"4,834","4,674","4,537","3,927","3,005","2,753","2,353","3,392","2,196","3,188","2,991","2,141","2,328","1,924","2,011","1,730","2,060","1,830","2,019","2,824","3,354","3,181","3,618","4,240","3,780","3,659"
TLH,East,66,Activities auxiliary to finance and insurance,"1,136",904,982,961,"1,262","1,486","1,322","1,089","1,396","1,644","2,105","2,885","2,276","1,852","1,943","2,287","1,939","1,961","2,502","2,815","2,666","2,994","3,028","3,051","3,073","2,901"
TLH,East,L (68),Real estate activities,"18,186","18,455","18,436","18,455","18,090","18,650","18,581","18,811","18,705","18,433","18,810","20,176","20,800","20,840","21,955","22,675","23,241","23,765","24,843","26,191","26,455","27,038","26,697","27,137","27,176","27,509"
TLH,East,68IMP,Owner-occupiers' imputed rental,"15,885","16,206","16,275","16,315","15,839","16,221","16,157","16,200","16,019","15,602","15,627","16,635","16,798","16,352","16,597","16,593","17,148","17,465","18,951","20,044","20,214","20,622","20,550","21,040","20,915","21,342"
TLH,East,68,"Real estate activities, excluding imputed rental","2,644","2,605","2,527","2,510","2,587","2,757","2,749","2,917","2,975","3,085","3,392","3,749","4,149","4,541","5,306","5,937","5,969","6,163","5,865","6,129","6,218","6,389","6,143","6,110","6,260","6,167"
TLH,East,M (69-75),"Professional, scientific and technical activities","8,851","8,980","9,213","9,530","9,970","10,503","11,217","11,440","11,903","11,674","11,627","10,361","10,937","10,421","10,924","10,880","11,452","11,564","11,711","12,729","12,196","12,564","11,471","13,631","13,815","14,059"
TLH,East,69,Legal and accounting activities,"1,586","1,644","1,801","1,981","1,907","2,114","2,366","2,278","2,477","2,347","2,250","2,309","2,426","2,711","3,013","3,032","3,334","3,354","3,475","3,904","3,833","3,938","3,145","3,384","3,210","3,076"
TLH,East,70,Head offices and management consultancy,"1,134","1,122","1,290","1,489","1,718","1,700","1,597","1,559","1,612","1,628","1,925","1,721","1,744","1,979","2,040","2,236","2,534","2,394","2,397","2,338","2,322","2,590","2,946","3,605","3,570","3,760"
TLH,East,71,Architectural and engineering activities,"1,641","1,601","1,621","1,733","1,835","1,851","1,920","1,803","1,983","1,991","2,445","2,409","2,552","2,578","3,087","3,138","3,289","3,409","3,392","3,884","3,580","3,369","3,216","3,285","3,400","3,602"
TLH,East,72,Scientific research and development,"4,950","4,954","4,310","3,920","3,935","4,141","4,636","5,446","5,072","5,056","4,395","3,063","3,312","1,606",998,417,237,268,235,179,178,199,387,563,637,622
TLH,East,73,Advertising and market research,479,537,632,644,747,880,971,906,"1,051",905,742,630,666,695,671,622,578,724,718,797,836,907,594,"1,029","1,128","1,105"
TLH,East,74,"Other professional, scientific and technical activities",518,524,603,616,682,743,785,761,793,766,729,705,717,785,789,867,931,848,865,963,805,916,611,974,"1,013","1,089"
TLH,East,75,Veterinary activities,268,322,379,368,351,346,386,449,527,595,493,467,545,522,562,615,559,568,630,644,632,639,565,793,857,805
TLH,East,N (77-82),Administrative and support service activities,"4,958","5,013","5,078","5,529","5,830","5,782","5,855","6,042","6,115","6,330","6,590","6,306","6,369","6,565","6,575","7,319","8,045","8,864","9,146","10,094","10,221","10,773","9,371","10,025","11,062","11,439"
TLH,East,77,Rental and leasing activities,"1,534","1,810","2,028","2,159","2,212","2,147","2,018","2,113","1,993","1,942","1,700","1,676","1,564","1,361","1,368","1,651","1,713","1,987","2,009","2,328","2,253","2,357","1,950","2,052","1,884","2,088"
TLH,East,78,Employment activities,"1,257","1,160","1,175","1,308","1,324","1,422","1,552","1,676","1,778","1,941","2,209","2,181","2,151","2,265","2,236","2,436","2,672","2,899","2,954","3,344","3,375","3,725","4,264","4,378","4,586","4,303"
TLH,East,79,Travel agency and tour operator activities,"1,524","1,412",991,777,545,436,412,465,592,664,709,641,716,767,763,631,714,638,644,679,721,807,326,291,734,784
TLH,East,80,Security and investigation activities,174,180,186,215,222,220,204,217,217,228,224,213,199,220,219,230,265,318,353,390,407,372,318,343,327,306
TLH,East,81,Services to buildings and landscape activities,460,450,444,487,548,540,617,606,630,652,753,759,826,883,850,989,"1,078","1,246","1,320","1,329","1,450","1,617","1,281","1,615","1,880","1,939"
TLH,East,82,Office administration and business support activities,879,837,850,"1,066","1,370","1,357","1,333","1,253","1,170","1,151","1,152",955,"1,011","1,108","1,192","1,465","1,671","1,868","1,949","2,155","2,106","1,980","1,300","1,407","1,651","2,019"
TLH,East,O (84),Public administration and defence,"5,835","6,500","6,576","7,021","7,145","7,243","7,422","7,462","7,659","7,707","7,824","8,221","7,798","7,536","7,539","7,196","7,056","7,103","7,351","7,113","7,199","7,640","7,121","7,341","7,645","7,883"
TLH,East,P (85),Education,"9,994","10,167","10,362","10,293","9,596","9,735","10,010","10,239","10,311","10,244","9,908","9,804","9,509","9,980","10,417","9,944","9,674","9,780","9,918","10,053","10,696","11,498","9,154","11,129","11,528","11,967"
TLH,East,Q (86-88),Human health and social work activities,"10,825","11,233","11,506","12,246","11,892","12,151","12,640","13,106","13,556","13,608","13,584","13,185","13,757","13,396","13,657","14,178","14,482","14,993","15,240","16,454","16,374","15,841","11,611","14,542","14,493","14,382"
TLH,East,86,Human health activities,"7,577","7,888","8,005","8,277","7,964","8,565","9,107","9,730","9,983","10,120","9,963","9,504","9,614","9,533","10,401","10,727","10,973","11,293","11,427","12,382","12,698","12,465","7,448","9,962","9,585","9,422"
TLH,East,87,Residential care activities,"1,871","1,911","2,192","2,459","2,364","1,928","1,893","1,944","2,102","2,031","1,890","1,907","2,027","1,937","1,814","1,841","1,817","1,770","1,930","1,888","1,866","1,881","1,910","1,863","2,070","2,278"
TLH,East,88,Social work activities,"1,798","1,871","1,757","1,970","2,004","2,145","2,166","2,005","2,055","2,054","2,301","2,307","2,647","2,450","2,036","2,212","2,309","2,555","2,507","2,866","2,576","2,283","2,384","2,736","2,837","2,682"
TLH,East,R (90-93),"Arts, entertainment and recreation","2,498","2,491","2,383","2,339","2,246","2,558","2,834","2,852","2,707","2,563","2,541","2,419","2,423","2,684","2,451","2,460","2,320","2,247","2,229","2,506","2,491","2,811","2,429","2,075","2,128","2,127"
TLH,East,90,"Creative, arts and entertainment activities",334,367,490,417,416,375,421,470,521,475,381,340,356,351,341,304,294,337,366,372,436,487,320,489,676,693
TLH,East,91,"Libraries, archives, museums and other cultural activities",76,81,89,91,101,136,147,167,171,164,182,247,240,211,162,171,142,146,150,159,164,165,137,91,121,142
TLH,East,92,Gambling and betting activities,"1,686","1,574","1,201","1,180","1,002","1,172","1,293","1,149",928,946,980,929,880,"1,137",864,843,800,711,540,797,873,974,"1,006",714,443,437
TLH,East,93,"Sports, amusement and recreation activities",622,655,683,735,772,935,"1,040","1,104","1,093",996,"1,017",915,952,"1,016","1,095","1,152","1,095","1,060","1,168","1,181","1,026","1,193",973,785,888,855
TLH,East,S (94-96),Other service activities,"2,772","2,565","2,633","2,631","2,616","2,455","2,610","2,619","2,594","2,533","2,541","2,834","2,885","2,732","2,702","2,833","2,902","2,942","2,951","3,001","2,969","2,980","2,421","2,975","3,203","3,378"
TLH,East,94,Activities of membership organisations,510,430,442,448,450,471,526,512,513,449,470,551,528,502,418,423,416,442,389,391,420,429,435,437,373,466
TLH,East,95,"Repair of computers, personal and household goods",370,328,300,267,276,225,252,257,310,272,261,243,274,263,212,231,295,308,374,384,371,347,393,635,585,658
TLH,East,96,Other personal service activities,"1,855","1,779","1,862","1,889","1,861","1,729","1,799","1,817","1,738","1,783","1,780","2,000","2,048","1,934","2,048","2,156","2,177","2,175","2,186","2,223","2,173","2,196","1,584","1,902","2,245","2,254"
TLH,East,T (97-98),Activities of households ,353,373,487,530,451,344,335,382,316,265,249,256,288,283,321,363,448,345,381,405,390,301,287,301,204,130
TLI,London,Total,All industries,"291,424","301,911","324,406","328,952","334,055","347,791","357,516","378,745","392,788","421,240","422,128","398,270","411,224","423,693","437,373","450,399","469,765","476,078","495,864","505,319","515,106","521,458","455,122","490,253","529,771","531,531"
TLI,London,A-E,Production sector,"13,394","14,595","15,077","15,866","15,677","15,122","15,173","14,705","15,798","15,716","14,862","14,893","14,176","13,514","13,558","14,168","13,598","13,959","13,812","13,988","14,779","15,410","15,943","16,780","16,293","16,474"
TLI,London,A (1-3),"Agriculture, forestry and fishing",55,71,72,89,80,73,71,81,76,71,86,95,73,77,87,95,100,100,94,89,75,87,84,64,80,76
TLI,London,1,Agriculture and hunting,18,23,22,29,28,23,20,26,24,21,20,21,20,23,21,18,25,23,20,21,20,23,19,17,20,20
TLI,London,2,Forestry and logging,16,24,28,32,29,47,67,56,53,54,86,95,53,53,74,91,74,79,76,69,53,62,63,43,55,52
TLI,London,3,Fishing and aquaculture,4,4,5,5,3,2,2,1,2,2,2,4,3,3,2,3,4,4,4,4,3,4,3,4,5,4
TLI,London,B (5-9),Mining and quarrying,259,208,159,122,128,145,207,242,388,312,350,260,256,176,229,178,152,254,211,188,223,316,603,557,424,288
TLI,London,5-8,"Mining and quarrying, excluding support activities",37,32,29,31,35,40,27,33,53,30,16,14,18,41,74,59,46,38,49,42,49,43,77,40,34,22
TLI,London,9,Mining support service activities,229,182,135,96,99,112,190,220,354,297,356,259,248,135,157,122,106,210,144,130,155,253,491,519,389,266
TLI,London,C (10-33),Manufacturing,"8,933","9,710","9,819","9,988","9,970","9,581","9,708","9,661","10,476","10,098","9,364","9,132","8,936","8,527","8,936","9,388","9,237","8,874","8,551","8,976","9,712","9,753","9,001","10,269","10,180","9,893"
TLI,London,CA (10-12),"Manufacture of food, beverages and tobacco","1,852","2,070","2,161","2,276","2,407","2,307","2,363","2,265","2,416","2,336","2,197","2,515","2,214","2,061","2,239","2,354","2,315","2,157","2,347","2,476","2,903","3,105","2,699","3,148","3,407","3,322"
TLI,London,10,Manufacture of food products,"1,629","1,765","1,793","1,883","1,996","1,918","1,998","1,924","2,061","2,011","1,862","1,766","1,527","1,412","1,579","1,686","1,651","1,442","1,618","1,571","1,876","2,049","1,685","1,815","2,041","2,026"
TLI,London,11-12,Manufacture of beverages and tobacco products,247,313,361,385,403,382,366,343,359,330,337,755,696,661,668,672,669,724,731,924,"1,044","1,074","1,026","1,342","1,366","1,296"
TLI,London,CB (13-15),"Manufacture of textiles, wearing apparel and leather",330,350,344,343,374,380,391,419,437,481,324,449,559,414,595,668,660,831,613,712,721,781,470,662,581,559
TLI,London,13,Manufacture of textiles,38,45,48,54,67,74,67,76,81,101,84,131,138,104,154,151,110,140,167,163,168,190,105,85,98,87
TLI,London,14,Manufacture of wearing apparel,229,238,236,235,247,255,269,286,291,307,168,226,340,247,360,442,502,651,393,503,505,533,329,542,450,433
TLI,London,15,Manufacture of leather products,60,63,50,38,44,26,34,33,41,43,55,56,46,36,40,40,45,33,34,33,34,42,27,44,33,39
TLI,London,CC (16-18),Manufacture of wood and paper products and printing,"1,206","1,294","1,313","1,318","1,360","1,411","1,463","1,514","1,580","1,541","1,371","1,297","1,173","1,154","1,128","1,206","1,011",773,936,"1,041","1,043",887,851,852,668,577
TLI,London,16,"Manufacture of wood products, except furniture",206,234,231,234,229,231,242,224,209,223,201,131,141,176,203,211,187,157,147,115,97,114,219,137,69,72
TLI,London,17,Manufacture of paper products,131,160,146,149,171,172,178,154,114,140,137,104,113,103,105,92,68,51,49,56,54,49,59,80,27,26
TLI,London,18,Printing and reproduction of recorded media,901,940,973,974,993,"1,040","1,077","1,149","1,249","1,187","1,045","1,045",915,885,841,926,777,586,751,868,885,727,606,650,572,479
TLI,London,CD-CE (19-20),"Manufacture of coke, refined petroleum and chemicals",634,717,723,637,595,575,537,524,559,428,370,259,230,152,169,189,248,333,334,284,254,268,344,449,300,278
TLI,London,CF (21),Manufacture of pharmaceutical products,822,"1,279","1,279","1,278","1,377",985,811,776,"1,002",756,557,551,586,494,451,477,336,336,297,312,331,439,610,687,725,724
TLI,London,CG (22-23),"Manufacture of rubber, plastic and non-metallic minerals ",606,676,681,719,650,622,641,622,617,578,471,424,460,476,476,506,502,557,471,448,528,569,572,496,501,426
TLI,London,22,Manufacture of rubber and plastic products,380,441,423,453,399,388,405,392,372,346,260,225,248,263,273,309,306,353,260,254,334,349,344,214,241,206
TLI,London,23,Manufacture of other non-metallic mineral products,220,225,251,259,247,228,230,224,242,229,209,199,211,212,200,188,187,191,199,183,180,206,214,285,260,220
TLI,London,CH (24-25),Manufacture of basic and fabricated metal products,"1,046","1,143","1,169","1,235","1,214","1,172",980,943,842,834,841,585,649,592,707,631,727,764,702,702,812,707,969,902,757,744
TLI,London,24,Manufacture of basic metals,300,350,448,500,444,452,407,413,300,388,499,225,260,176,257,131,165,198,221,217,310,153,205,152,164,183
TLI,London,25,Manufacture of fabricated metal products,789,848,809,837,854,808,657,617,596,531,469,400,434,456,501,517,580,586,503,507,539,555,765,750,593,561
TLI,London,CI (26),"Manufacture of computer, electronic and optical products",172,161,198,282,306,270,335,362,497,502,509,565,561,479,441,444,439,436,443,430,483,459,355,514,486,430
TLI,London,CJ (27),Manufacture of electrical equipment,390,398,403,437,393,419,370,340,366,332,323,236,206,253,283,286,305,334,276,299,269,253,163,207,213,221
TLI,London,CK (28),Manufacture of machinery and equipment,641,725,685,659,586,564,651,643,646,624,552,354,328,347,289,284,299,264,267,303,359,272,360,193,382,330
TLI,London,CL (29-30),Manufacture of transport equipment,903,733,644,612,462,525,702,672,789,924,"1,108",877,885,"1,079","1,057","1,227","1,369","1,166",846,799,795,736,456,628,713,886
TLI,London,29,Manufacture of motor vehicles,831,621,513,459,284,329,450,404,534,729,982,794,817,986,988,"1,168","1,320","1,100",776,725,685,615,290,480,567,731
TLI,London,30,Manufacture of other transport equipment,70,91,102,118,130,143,184,195,187,151,112,80,71,95,77,74,69,77,72,75,108,119,175,147,146,154
TLI,London,CM (31-33),"Other manufacturing, repair and installation",928,"1,055","1,037",951,924,918,920,965,"1,099","1,107","1,160","1,213","1,301","1,308","1,347","1,378","1,241","1,084","1,113","1,270","1,322","1,358","1,207","1,524","1,447","1,395"
TLI,London,31,Manufacture of furniture,263,276,278,277,249,243,223,245,255,262,266,251,300,317,300,310,298,276,267,307,294,259,163,144,318,256
TLI,London,32,Other manufacturing,399,467,437,458,476,504,505,520,583,589,516,536,527,520,501,446,395,357,347,427,437,477,367,540,507,506
TLI,London,33,Repair and installation of machinery and equipment,282,330,340,226,210,182,207,213,281,274,386,441,475,469,544,608,532,437,482,521,573,606,655,823,622,633
TLI,London,D (35),"Electricity, gas, steam and air conditioning supply","1,613","2,321","2,666","3,883","3,501","3,246","3,155","2,006","2,364","2,687","2,406","2,607","2,328","2,275","2,040","2,239","1,977","2,533","2,799","2,513","2,653","3,123","4,154","3,841","3,605","4,316"
TLI,London,E (36-39),Water supply; sewerage and waste management,"2,484","2,208","2,645","2,608","2,593","2,638","2,458","2,757","2,431","2,560","2,700","2,848","2,675","2,551","2,361","2,351","2,234","2,217","2,160","2,162","2,056","2,124","2,235","2,121","2,004","1,901"
TLI,London,36,Water supply,238,208,208,205,166,171,179,165,119,72,70,69,72,70,89,101,96,87,97,94,103,114,122,70,78,77
TLI,London,37,Sewerage activities,804,724,"1,067","1,125","1,343","1,303","1,263","1,343","1,297","1,432","1,709","1,828","1,860","1,766","1,491","1,456","1,342","1,282","1,209","1,136","1,053","1,085","1,308","1,168",740,655
TLI,London,38,"Waste collection, treatment and disposal activities","1,604","1,416","1,437","1,321","1,103","1,177","1,031","1,260","1,023","1,072",964,998,753,723,761,770,769,824,839,927,892,918,780,867,"1,155","1,137"
TLI,London,39,Remediation and other waste management services,29,26,28,33,28,37,33,37,29,24,11,9,9,11,15,17,20,20,15,14,17,17,19,19,31,32
TLI,London,F (41-43),Construction,"18,634","19,716","20,589","20,649","19,230","18,692","17,861","16,901","17,813","18,662","18,844","15,921","18,290","19,499","20,387","21,686","22,472","23,110","22,800","23,819","23,747","23,279","18,636","20,180","22,261","20,743"
TLI,London,41,Construction of buildings,"7,270","8,231","9,013","9,541","8,953","8,867","8,187","7,113","7,080","7,591","8,441","6,610","8,191","9,169","9,354","10,688","11,091","11,839","11,629","12,323","12,378","12,090","9,542","10,341","11,625","8,718"
TLI,London,42,Civil engineering,"3,610","3,555","3,618","3,311","2,917","2,482","2,517","2,447","2,490","2,645","2,767","2,950","3,205","3,436","3,915","3,725","3,910","3,915","3,946","3,686","4,070","3,583","3,029","3,129","3,538","3,699"
TLI,London,43,Specialised construction activities,"7,851","8,009","8,031","7,866","7,434","7,452","7,245","7,410","8,330","8,513","7,713","6,377","6,888","6,875","7,083","7,259","7,452","7,357","7,220","7,817","7,294","7,600","6,069","6,717","7,098","8,325"
TLI,London,G-T,Services sector,"260,285","268,364","289,543","292,982","299,257","313,948","324,223","346,655","358,638","386,348","388,006","367,049","378,500","390,621","403,458","414,598","433,933","439,244","459,508","467,785","476,813","483,017","420,731","453,476","491,217","494,315"
TLI,London,G (45-47),Wholesale and retail trade; repair of motor vehicles,"33,358","32,133","35,638","34,135","33,590","32,504","33,670","36,901","39,332","40,503","39,503","33,719","35,912","36,120","35,693","34,964","39,356","38,923","38,538","40,004","39,225","40,493","32,471","36,294","41,046","40,119"
TLI,London,45,Motor trades,"3,858","3,809","4,036","3,839","3,340","3,188","2,753","2,753","2,753","2,827","2,548","1,836","2,555","2,392","2,552","2,385","2,557","2,584","2,321","2,449","2,083","1,889","1,428","1,538","2,406","2,536"
TLI,London,46,Wholesale trade,"12,881","12,138","14,154","13,209","12,318","12,662","13,535","16,485","18,349","18,624","18,498","16,112","16,793","16,686","15,691","14,252","16,186","15,162","14,852","15,875","15,571","16,084","13,734","17,370","18,767","17,732"
TLI,London,47,Retail trade,"17,920","17,547","18,717","18,363","19,294","17,808","18,449","18,567","19,146","19,978","19,362","16,550","17,430","17,871","18,159","18,787","21,126","21,514","21,626","22,025","21,870","22,803","17,515","17,411","19,874","19,851"
TLI,London,H (49-53),Transportation and storage,"15,321","15,560","16,265","14,529","13,082","13,999","14,854","15,812","16,511","17,592","18,040","15,679","17,132","17,387","17,555","18,091","19,530","17,552","18,223","19,195","19,110","20,168","8,902","9,760","15,996","16,220"
TLI,London,49,Land transport,"6,333","6,641","6,837","6,412","5,414","5,519","5,620","6,169","6,255","6,872","7,203","6,697","7,687","7,912","8,581","8,966","9,894","9,005","9,458","9,638","9,057","9,390","2,711","4,264","6,680","6,613"
TLI,London,50,Water transport,"1,580","1,945","1,980","1,779","1,103","1,113","1,517","1,975","1,896","1,748","2,582","1,493","1,612","2,041","2,143","2,571","2,418","2,431","2,253","2,473","2,333","2,402","1,193","1,132","1,620","1,208"
TLI,London,51,Air transport,990,990,"1,147",785,803,937,"1,129","1,304","1,452","1,787","1,317",955,"1,359","1,480","1,489","1,704","2,112","1,533","2,002","2,563","3,316","3,878",196,175,"1,078","1,736"
TLI,London,52,Warehousing and transport support activities,"8,439","7,856","7,680","7,401","6,862","7,172","7,285","6,874","7,428","7,613","7,990","7,377","7,462","7,213","6,466","6,009","6,488","6,042","5,775","5,578","5,367","5,451","3,572","3,566","4,482","4,545"
TLI,London,53,Postal and courier activities,"3,070","3,247","3,329","3,324","3,096","3,385","3,127","3,177","3,067","2,821","2,910","2,798","2,613","2,377","2,526","2,595","2,540","2,219","2,167","2,287","2,164","2,375","2,521","2,033","2,136","2,118"
TLI,London,I (55-56),Accommodation and food service activities,"11,908","12,383","12,028","12,063","12,444","12,357","13,052","13,708","13,038","13,225","13,307","12,059","12,784","13,984","14,146","15,038","14,820","14,199","15,076","15,844","16,222","16,584","9,485","11,114","16,012","15,387"
TLI,London,55,Accommodation,"2,605","2,819","2,761","2,459","2,489","2,701","2,751","3,203","3,569","3,566","3,325","2,828","3,006","3,313","3,664","3,853","4,211","4,369","4,460","4,504","5,015","4,963","2,221","2,376","4,696","4,501"
TLI,London,56,Food and beverage service activities,"9,355","9,615","9,316","9,652","10,007","9,704","10,358","10,541","9,458","9,653","9,994","9,256","9,804","10,699","10,513","11,218","10,630","9,866","10,642","11,360","11,228","11,633","7,236","8,693","11,316","10,886"
TLI,London,J (58-63),Information and communication,"9,543","10,897","13,696","14,575","15,566","17,582","19,550","21,284","21,991","25,115","27,053","27,520","28,736","31,403","32,459","34,363","37,818","40,289","44,497","45,594","48,304","51,489","51,047","54,300","59,783","59,352"
TLI,London,58,Publishing activities,"4,059","4,202","4,660","4,793","5,144","5,750","6,134","6,329","6,136","7,014","6,698","7,215","7,314","7,218","6,983","7,767","7,642","7,544","7,395","7,236","7,325","7,321","7,287","6,604","6,909","6,987"
TLI,London,59,"Motion picture, video and TV programme production","4,110","4,967","5,194","5,074","4,818","5,299","6,157","6,997","6,733","7,079","8,291","8,125","7,605","7,968","8,521","9,178","8,580","9,633","10,115","10,210","10,664","10,511","9,202","9,536","10,655","10,717"
TLI,London,60,Programming and broadcasting activities,"3,895","4,358","4,904","5,540","5,804","5,497","5,259","5,223","6,120","6,314","7,358","7,441","7,572","7,547","7,567","7,968","8,090","8,276","8,261","7,008","6,242","6,400","5,199","5,534","5,572","4,956"
TLI,London,61,Telecommunications,63,85,141,161,204,259,312,333,376,464,515,625,755,"1,023","1,172","1,285","1,703","2,123","2,745","3,398","4,273","5,359","6,735","7,060","7,726","8,315"
TLI,London,62,Computer programming and consultancy,"4,395","4,513","5,262","5,882","5,927","7,043","7,794","8,906","8,810","10,649","10,988","9,935","10,443","11,517","11,342","10,949","13,158","13,135","15,298","15,522","16,494","18,035","18,161","20,079","22,576","21,394"
TLI,London,63,Information service activities,"2,711","2,607","3,325","3,083","2,894","2,735","2,916","3,353","3,443","3,780","3,906","3,516","3,563","3,459","3,522","3,949","4,316","4,272","4,621","4,829","4,889","4,832","4,542","5,485","6,344","6,982"
TLI,London,K (64-66),Financial and insurance activities,"67,584","65,546","71,028","70,534","76,494","79,750","79,113","89,473","94,237","111,773","111,740","102,640","101,249","100,889","99,274","93,858","92,951","87,373","98,283","103,611","101,324","99,676","98,475","102,440","99,618","100,496"
TLI,London,64,Financial service activities,"62,710","58,150","60,479","63,049","70,788","73,715","74,978","82,762","97,266","111,068","102,088","86,154","81,392","82,703","77,174","72,318","64,246","61,252","68,977","68,870","63,575","59,667","52,584","48,987","49,340","51,620"
TLI,London,65,Insurance and pension funding,"7,940","7,903","8,818","7,271","5,824","5,737","4,988","7,899","4,119","6,348","7,384","7,853","8,785","7,465","8,884","7,618","10,504","8,451","9,540","11,292","11,056","11,207","13,733","15,479","13,893","13,944"
TLI,London,66,Activities auxiliary to finance and insurance,"7,954","9,579","12,137","11,181","12,934","13,975","13,548","12,553","12,913","14,647","17,983","19,542","20,236","20,410","21,135","21,421","22,067","21,984","24,637","27,327","29,391","30,714","32,653","37,940","36,385","34,933"
TLI,London,L (68),Real estate activities,"30,497","32,734","33,153","35,054","36,433","39,987","41,490","43,782","44,865","48,777","49,294","47,339","51,283","52,270","59,826","64,364","68,000","71,494","71,182","67,155","71,386","68,771","67,085","68,682","68,386","67,209"
TLI,London,68IMP,Owner-occupiers' imputed rental,"21,747","24,407","24,973","26,675","27,106","30,168","32,203","33,547","34,348","37,313","36,423","33,691","35,715","34,415","38,288","41,407","43,587","46,200","45,750","42,327","44,967","41,953","41,963","42,157","41,505","41,389"
TLI,London,68,"Real estate activities, excluding imputed rental","9,322","8,980","8,852","9,105","10,033","10,638","10,242","11,186","11,487","12,514","13,722","14,314","16,152","18,103","21,674","23,127","24,575","25,493","25,610","24,932","26,528","26,834","25,216","26,556","26,881","25,820"
TLI,London,M (69-75),"Professional, scientific and technical activities","31,072","33,466","37,206","37,930","38,561","41,009","42,464","44,032","47,309","50,269","49,281","47,219","47,974","48,216","49,448","53,557","55,763","60,071","62,338","62,965","63,694","65,068","60,490","64,697","70,987","71,278"
TLI,London,69,Legal and accounting activities,"13,560","15,203","16,939","16,766","17,125","17,885","19,232","19,840","22,045","23,102","22,764","22,778","23,374","23,431","24,375","26,235","26,809","27,836","28,712","28,127","28,571","30,028","29,187","29,466","30,855","30,638"
TLI,London,70,Head offices and management consultancy,"4,297","4,249","5,224","6,038","5,996","6,581","5,880","5,999","6,482","7,861","8,857","8,280","8,539","8,633","8,285","8,742","9,346","9,566","10,775","11,070","10,869","11,234","9,771","11,855","13,410","12,991"
TLI,London,71,Architectural and engineering activities,"3,350","3,652","3,905","3,655","3,943","3,995","4,313","4,106","4,191","4,286","4,279","4,098","4,084","3,819","3,806","4,260","4,739","4,936","4,998","5,428","5,527","5,367","4,395","4,605","4,744","4,796"
TLI,London,72,Scientific research and development,"2,633","2,464","2,420","2,258","2,425","2,425","2,615","2,525","2,095","2,305","2,471","2,415","2,228","1,639","1,405",860,881,915,"1,128","1,227","1,336","1,219","1,237","1,353","1,959","1,950"
TLI,London,73,Advertising and market research,"5,474","5,983","6,515","6,881","6,739","7,708","7,927","8,806","9,524","9,782","8,028","7,111","7,263","8,052","9,079","10,191","10,227","13,247","13,053","13,189","13,319","12,716","12,594","13,824","15,813","16,154"
TLI,London,74,"Other professional, scientific and technical activities","2,268","2,245","2,479","2,564","2,619","2,678","2,838","3,036","3,145","3,181","3,270","2,968","2,869","2,827","2,611","3,148","3,593","3,238","3,368","3,561","3,642","4,136","3,107","3,376","3,892","4,480"
TLI,London,75,Veterinary activities,188,240,246,217,199,199,167,215,197,209,174,173,184,198,226,254,253,266,308,296,377,315,231,233,315,269
TLI,London,N (77-82),Administrative and support service activities,"17,990","17,763","18,508","18,921","17,738","17,559","17,669","17,980","18,333","19,455","19,920","18,173","19,659","21,860","22,927","25,745","27,568","28,973","28,980","29,063","29,875","30,761","23,999","25,150","29,790","32,949"
TLI,London,77,Rental and leasing activities,"3,589","3,551","3,826","3,893","3,712","3,391","3,397","3,757","3,671","3,815","3,549","3,637","4,218","5,212","5,012","5,524","5,401","5,242","4,765","5,015","5,064","5,752","5,412","4,920","4,951","5,450"
TLI,London,78,Employment activities,"4,386","4,653","5,054","5,247","4,689","5,143","5,433","5,364","5,483","5,639","6,190","5,641","5,973","5,897","6,221","7,222","7,750","8,323","7,847","8,804","9,140","9,062","7,012","7,580","7,424","6,804"
TLI,London,79,Travel agency and tour operator activities,"5,465","4,744","4,166","3,343","2,489","2,256","2,145","2,207","2,275","2,543","2,587","1,837","1,783","2,419","2,868","3,324","4,057","4,364","4,704","4,523","4,331","4,106","1,868","1,799","3,558","3,837"
TLI,London,80,Security and investigation activities,763,749,833,872,811,806,745,731,765,881,921,921,923,"1,009","1,058","1,133","1,210","1,172","1,108","1,098","1,160","1,162",986,"1,140","1,253","1,221"
TLI,London,81,Services to buildings and landscape activities,"1,348","1,303","1,342","1,410","1,418","1,389","1,526","1,535","1,519","1,574","1,745","1,744","1,900","1,958","1,901","2,224","2,136","2,317","2,513","2,696","2,741","2,956","2,312","2,278","2,617","2,805"
TLI,London,82,Office administration and business support activities,"4,653","4,494","4,594","4,999","5,156","4,937","4,676","4,715","4,956","5,415","5,139","4,439","4,972","5,760","6,263","6,699","7,346","7,780","8,185","6,978","7,463","7,841","6,696","7,589","9,987","12,832"
TLI,London,O (84),Public administration and defence,"14,947","15,939","15,224","15,452","15,487","16,529","16,648","18,107","17,727","16,363","15,006","15,336","15,172","15,646","16,594","16,611","17,121","16,954","18,454","18,957","19,634","19,657","18,935","19,554","20,898","20,735"
TLI,London,P (85),Education,"19,034","19,624","20,038","20,258","19,592","19,578","19,600","19,313","18,515","18,025","18,110","18,501","18,441","19,973","20,668","20,115","21,147","21,409","20,612","20,795","21,760","22,823","17,859","20,786","24,337","25,209"
TLI,London,Q (86-88),Human health and social work activities,"18,750","19,152","20,075","21,883","22,319","23,585","24,113","24,844","26,134","25,689","25,207","24,567","24,656","25,546","27,541","28,112","28,058","29,238","30,846","32,477","32,191","31,966","20,849","26,121","26,841","26,602"
TLI,London,86,Human health activities,"14,216","15,027","15,695","17,413","18,016","19,007","19,716","20,245","21,100","20,818","19,884","19,710","19,893","21,174","23,452","24,034","24,212","25,488","26,729","28,277","27,951","27,923","16,229","21,317","21,680","21,411"
TLI,London,87,Residential care activities,"2,785","2,546","2,736","2,699","2,502","2,549","2,412","2,401","2,667","2,545","2,866","2,735","2,567","2,688","2,440","2,275","2,140","2,070","2,226","2,111","2,258","2,312","2,165","1,967","2,142","2,218"
TLI,London,88,Social work activities,"2,251","2,093","2,181","2,373","2,437","2,696","2,695","2,921","3,107","3,061","3,104","2,794","2,886","2,416","2,486","2,669","2,608","2,665","2,898","3,174","3,040","2,825","2,644","2,848","3,019","2,972"
TLI,London,R (90-93),"Arts, entertainment and recreation","7,394","7,689","7,726","8,244","9,056","9,479","9,406","10,130","9,952","9,637","9,461","8,675","8,514","9,095","8,719","9,123","9,493","9,600","9,234","9,671","9,990","10,792","7,391","8,696","9,597","10,268"
TLI,London,90,"Creative, arts and entertainment activities","3,354","3,590","3,828","3,801","4,321","3,883","3,701","4,251","4,477","4,762","4,323","4,131","4,211","4,683","4,588","5,026","5,119","5,331","5,007","5,101","5,376","5,982","3,877","4,424","4,383","4,770"
TLI,London,91,"Libraries, archives, museums and other cultural activities",662,740,816,897,863,974,969,"1,015",907,742,706,629,616,645,682,697,717,677,717,759,704,640,362,574,623,651
TLI,London,92,Gambling and betting activities,"2,101","1,953","1,517","1,696","1,700","2,229","2,266","2,254","1,987","2,063","2,020","1,554","1,105","1,218",993,"1,145","1,334","1,133",705,870,957,894,860,929,"1,284","1,340"
TLI,London,93,"Sports, amusement and recreation activities","1,559","1,611","1,613","1,941","2,242","2,583","2,674","2,793","2,729","2,253","2,593","2,478","2,628","2,600","2,481","2,282","2,367","2,489","2,803","2,945","2,960","3,280","2,291","2,769","3,307","3,508"
TLI,London,S (94-96),Other service activities,"7,368","6,867","6,813","6,400","6,810","6,200","6,208","6,087","6,260","6,273","6,404","6,625","6,689","6,673","6,746","7,011","7,222","7,040","7,221","7,547","7,829","7,878","6,090","6,843","7,458","8,053"
TLI,London,94,Activities of membership organisations,"2,454","2,249","2,191","2,011","2,186","2,044","2,237","2,148","2,433","2,485","2,573","2,721","2,819","2,909","2,942","3,210","3,410","3,351","3,145","3,509","3,698","3,825","3,079","3,464","3,327","3,884"
TLI,London,95,"Repair of computers, personal and household goods",601,528,538,496,550,471,507,480,467,371,412,387,379,449,416,458,508,401,481,456,466,351,312,254,295,256
TLI,London,96,Other personal service activities,"4,449","4,222","4,219","4,024","4,209","3,804","3,567","3,564","3,446","3,496","3,498","3,589","3,552","3,363","3,434","3,373","3,326","3,297","3,647","3,604","3,680","3,702","2,691","3,113","3,836","3,913"
TLI,London,T (97-98),Activities of households ,553,556,537,471,386,337,361,370,390,330,397,346,490,466,437,566,597,525,753,644,734,809,570,598,469,438
TLJ,South East,Total,All industries,"202,977","211,394","222,556","226,412","230,958","236,583","238,867","246,620","251,963","258,454","263,852","253,869","265,012","270,609","276,794","281,399","289,698","297,771","298,435","305,231","310,794","321,149","301,562","318,069","326,144","326,057"
TLJ,South East,A-E,Production sector,"25,985","27,996","28,947","29,837","32,023","33,641","32,718","32,927","33,698","33,690","34,003","31,348","31,292","31,329","32,076","32,963","33,618","34,736","34,656","35,843","37,462","39,262","41,967","40,351","35,488","34,398"
TLJ,South East,A (1-3),"Agriculture, forestry and fishing",778,896,909,880,"1,267","1,237","1,065","1,142","1,182","1,098","1,516","1,411","1,154","1,507","1,282","1,200","1,623","1,453","1,319","1,301","1,233","1,456","1,406","1,419","1,560","1,441"
TLJ,South East,1,Agriculture and hunting,649,745,757,706,"1,042",992,840,904,956,895,"1,257","1,132",943,"1,284","1,051",972,"1,344","1,188","1,072","1,061","1,045","1,236","1,140","1,215","1,323","1,180"
TLJ,South East,2,Forestry and logging,207,260,261,343,402,521,485,397,356,308,385,467,280,245,286,283,249,271,256,238,179,212,252,175,208,226
TLJ,South East,3,Fishing and aquaculture,11,9,9,14,16,19,24,37,34,30,32,38,36,30,28,31,52,40,38,39,28,31,40,28,29,36
TLJ,South East,B (5-9),Mining and quarrying,353,329,347,416,424,363,339,369,455,362,241,226,258,318,469,494,502,476,447,367,497,556,500,454,367,338
TLJ,South East,5-8,"Mining and quarrying, excluding support activities",365,366,304,353,417,341,302,361,448,353,191,171,192,294,439,441,469,373,415,348,484,533,474,429,355,308
TLJ,South East,9,Mining support service activities,36,20,61,80,49,52,58,41,49,41,65,71,84,55,76,92,81,125,37,21,13,24,27,25,13,30
TLJ,South East,C (10-33),Manufacturing,"17,994","19,380","20,277","20,791","22,290","22,972","23,053","23,255","24,152","24,361","24,775","21,822","22,293","22,287","22,846","23,560","23,644","23,397","23,475","24,975","26,546","27,630","28,736","29,063","24,755","24,253"
TLJ,South East,CA (10-12),"Manufacture of food, beverages and tobacco","3,100","3,170","3,150","2,829","2,887","2,931","2,948","2,979","3,009","2,804","2,621","2,272","2,360","2,426","2,386","2,470","2,307","2,128","2,608","2,969","3,455","3,524","4,030","4,065","3,354","3,105"
TLJ,South East,10,Manufacture of food products,"2,025","2,129","2,124","1,894","1,898","1,926","1,954","1,946","1,946","1,814","1,702","1,431","1,487","1,533","1,497","1,655","1,608","1,464","1,769","1,747","1,840","1,734","1,838","1,909","1,688","1,704"
TLJ,South East,11-12,Manufacture of beverages and tobacco products,951,848,825,768,858,872,842,912,965,898,826,809,838,854,861,706,551,538,700,"1,163","1,578","1,784","2,196","2,160","1,667","1,401"
TLJ,South East,CB (13-15),"Manufacture of textiles, wearing apparel and leather",96,105,103,99,112,105,117,119,138,159,138,191,169,119,141,155,192,225,207,279,304,361,294,262,282,254
TLJ,South East,13,Manufacture of textiles,40,46,47,48,60,62,64,66,80,94,81,117,91,63,72,77,87,111,128,176,187,238,202,159,172,135
TLJ,South East,14,Manufacture of wearing apparel,41,41,38,35,34,30,37,37,40,43,35,45,57,38,50,58,88,101,61,81,95,94,67,88,97,106
TLJ,South East,15,Manufacture of leather products,16,17,18,14,15,8,13,11,13,13,16,18,17,16,18,19,24,15,14,16,17,20,17,16,14,14
TLJ,South East,CC (16-18),Manufacture of wood and paper products and printing,"1,228","1,358","1,308","1,395","1,539","1,567","1,646","1,707","1,769","1,925","1,929","1,754","1,667","1,530","1,549","1,714","1,685","1,696","1,880","1,671","1,938","1,947","1,486","1,769","1,594","1,483"
TLJ,South East,16,"Manufacture of wood products, except furniture",349,416,395,427,438,441,521,474,466,463,410,270,281,352,377,334,333,442,498,357,450,562,575,528,324,313
TLJ,South East,17,Manufacture of paper products,402,475,420,461,589,601,562,552,506,604,478,411,530,390,416,517,511,435,406,476,510,478,403,715,525,484
TLJ,South East,18,Printing and reproduction of recorded media,562,573,592,615,617,630,695,776,868,928,"1,055","1,040",842,806,779,862,842,848,"1,007",828,980,945,575,576,745,686
TLJ,South East,CD-CE (19-20),"Manufacture of coke, refined petroleum and chemicals","1,647","1,734","1,916","1,751","1,795","1,877","1,725","1,711","1,855","1,673","1,456","1,557","1,649","1,473","1,752","1,741","2,014","2,499","2,173","2,069","2,172","2,165","2,347","1,986","1,799","1,515"
TLJ,South East,CF (21),Manufacture of pharmaceutical products,"3,141","3,783","3,866","3,725","4,298","4,494","4,332","3,848","3,188","3,219","3,386","2,202","2,291","2,225","1,913","1,872","1,863","2,057","2,016","2,651","2,816","3,182","3,793","4,000","2,323","2,585"
TLJ,South East,CG (22-23),"Manufacture of rubber, plastic and non-metallic minerals ","1,662","1,800","1,869","1,992","1,768","1,854","1,880","1,875","1,716","1,725","1,564","1,513","1,282","1,100","1,246","1,486","1,483","1,434","1,382","1,380","1,495","1,585","1,515","1,511","1,358","1,212"
TLJ,South East,22,Manufacture of rubber and plastic products,947,"1,039","1,037","1,133",957,"1,011","1,024",994,888,938,912,913,711,581,661,844,815,785,758,734,759,916,911,930,793,714
TLJ,South East,23,Manufacture of other non-metallic mineral products,697,735,826,840,816,844,857,892,845,793,646,588,575,531,597,639,672,654,628,655,748,669,603,574,565,498
TLJ,South East,CH (24-25),Manufacture of basic and fabricated metal products,"2,542","2,488","2,380","2,484","2,319","2,387","2,194","2,357","2,240","2,166","2,237","1,784","1,971","1,889","2,045","1,986","1,907","2,023","2,218","2,319","2,412","2,697","2,538","2,478","1,944","2,006"
TLJ,South East,24,Manufacture of basic metals,401,418,422,494,391,424,362,391,268,318,259,122,122,120,141,111,132,180,200,198,253,191,354,228,260,264
TLJ,South East,25,Manufacture of fabricated metal products,"2,229","2,161","2,051","2,099","2,014","2,055","1,911","2,052","2,033","1,920","2,035","1,689","1,877","1,795","1,933","1,897","1,797","1,871","2,049","2,151","2,203","2,526","2,205","2,238","1,684","1,742"
TLJ,South East,CI (26),"Manufacture of computer, electronic and optical products",599,637,789,"1,074","1,481","1,413","1,645","1,697","2,277","2,371","2,854","2,805","2,992","3,296","3,340","3,627","3,469","3,326","3,573","3,732","3,604","3,536","3,841","4,040","4,004","4,168"
TLJ,South East,CJ (27),Manufacture of electrical equipment,850,955,987,"1,124","1,229","1,354","1,181","1,189","1,191","1,237","1,289","1,062",964,939,974,"1,059","1,023",960,915,971,"1,003","1,177","1,302","1,412",873,829
TLJ,South East,CK (28),Manufacture of machinery and equipment,"1,939","2,059","2,059","2,018","1,967","2,083","2,315","2,307","2,376","2,496","2,090","1,845","2,121","2,324","2,395","2,409","2,145","1,768","1,671","1,796","1,973","2,010","2,109","2,193","2,103","2,086"
TLJ,South East,CL (29-30),Manufacture of transport equipment,"1,482","1,521","1,672","1,664","1,801","2,037","2,063","2,232","2,392","2,361","2,906","2,221","2,124","2,494","2,214","2,129","2,270","2,111","1,952","2,178","2,237","2,276","2,114","2,299","2,235","2,015"
TLJ,South East,29,Manufacture of motor vehicles,664,530,622,670,768,851,813,896,940,973,"1,452","1,050","1,038","1,185","1,203","1,271","1,490","1,434","1,282","1,414","1,366","1,341","1,043","1,461","1,380","1,286"
TLJ,South East,30,Manufacture of other transport equipment,795,"1,001","1,050",974,"1,004","1,157","1,235","1,315","1,434","1,368","1,429","1,139","1,063","1,285",992,856,788,690,672,765,874,936,"1,102",835,855,730
TLJ,South East,CM (31-33),"Other manufacturing, repair and installation","2,165","2,474","2,539","2,456","2,531","2,517","2,412","2,576","2,901","3,071","3,102","3,008","3,093","2,884","3,179","3,189","3,478","3,233","2,906","2,966","3,190","3,235","3,397","3,136","2,885","2,994"
TLJ,South East,31,Manufacture of furniture,566,561,594,611,552,509,458,508,562,613,538,467,476,383,333,369,418,422,386,327,309,350,343,336,265,229
TLJ,South East,32,Other manufacturing,628,764,767,847,915,"1,025","1,039","1,109","1,248","1,310","1,274","1,207","1,150","1,206","1,330","1,144","1,302","1,346","1,086","1,021","1,093","1,216","1,153","1,046",857,850
TLJ,South East,33,Repair and installation of machinery and equipment,986,"1,171","1,199","1,001","1,077",998,938,981,"1,116","1,170","1,324","1,374","1,493","1,348","1,589","1,709","1,801","1,524","1,462","1,634","1,803","1,699","1,915","1,765","1,762","1,915"
TLJ,South East,D (35),"Electricity, gas, steam and air conditioning supply","3,795","4,789","4,322","5,195","5,410","6,464","5,125","4,190","4,300","4,065","3,747","4,176","4,113","3,913","4,284","4,473","4,170","5,257","5,206","5,035","4,749","5,045","6,777","4,419","3,981","3,686"
TLJ,South East,E (36-39),Water supply; sewerage and waste management,"4,416","4,029","4,134","3,897","3,928","4,605","4,185","4,700","4,216","4,333","4,272","4,206","3,906","3,785","3,670","3,710","4,208","4,447","4,466","4,325","4,589","4,762","4,744","5,053","4,823","4,679"
TLJ,South East,36,Water supply,"1,803","1,632","1,467","1,258","1,238","1,086",945,"1,018",825,902,967,855,742,706,723,825,850,938,"1,057","1,131","1,245","1,213","1,121","1,233","1,096",882
TLJ,South East,37,Sewerage activities,"1,101","1,084","1,343","1,506","1,811","2,421","2,392","2,484","2,370","2,153","2,031","2,035","1,983","2,046","2,013","1,943","2,178","2,198","2,276","2,097","2,162","2,308","2,266","2,118","2,229","2,286"
TLJ,South East,38,"Waste collection, treatment and disposal activities","1,698","1,428","1,385","1,141",857,"1,069",831,"1,166",993,"1,224","1,203","1,233","1,081",937,827,825,"1,010","1,075",885,876,930,962,"1,094","1,428","1,179","1,208"
TLJ,South East,39,Remediation and other waste management services,40,41,36,41,34,28,14,17,12,15,29,41,50,54,83,94,145,218,211,187,220,245,236,271,319,304
TLJ,South East,F (41-43),Construction,"19,308","20,888","20,899","21,145","21,416","20,791","20,085","20,189","19,941","20,278","18,913","16,020","17,771","19,022","18,740","19,914","20,416","21,322","20,585","21,288","20,772","21,745","20,586","21,474","21,434","22,034"
TLJ,South East,41,Construction of buildings,"6,592","7,449","7,652","7,768","8,404","8,557","8,368","8,346","7,959","7,911","6,164","4,269","5,280","5,649","5,464","6,081","6,107","6,777","6,546","7,027","6,943","7,253","6,020","6,017","6,833","6,329"
TLJ,South East,42,Civil engineering,"3,804","3,993","3,930","3,743","3,458","3,044","2,961","2,856","2,866","3,065","3,274","3,505","3,626","3,680","3,869","4,046","3,814","3,873","3,400","3,626","3,759","3,878","3,684","3,974","3,851","3,740"
TLJ,South East,43,Specialised construction activities,"8,960","9,486","9,353","9,670","9,603","9,268","8,827","9,077","9,197","9,354","9,433","8,171","8,767","9,602","9,306","9,680","10,415","10,609","10,603","10,587","10,015","10,558","10,884","11,506","10,750","11,965"
TLJ,South East,G-T,Services sector,"159,944","164,867","174,867","177,490","179,414","183,689","187,387","194,726","199,456","205,561","211,832","207,208","216,754","221,213","226,849","229,492","236,679","242,772","244,216","249,135","253,526","261,113","239,761","256,736","269,223","269,624"
TLJ,South East,G (45-47),Wholesale and retail trade; repair of motor vehicles,"32,607","33,193","36,364","36,262","36,310","35,458","34,688","36,076","38,426","38,357","38,262","33,960","37,749","38,792","39,747","38,813","41,107","41,685","41,059","41,466","41,501","42,305","35,520","36,967","38,198","37,448"
TLJ,South East,45,Motor trades,"7,315","7,229","8,458","9,500","9,932","9,627","8,571","8,027","8,248","8,530","8,851","6,989","8,622","8,165","8,579","8,533","9,456","10,598","9,312","8,793","8,628","8,320","5,019","4,502","7,045","7,482"
TLJ,South East,46,Wholesale trade,"11,037","11,180","12,513","11,638","11,467","11,562","11,304","12,542","14,670","14,443","14,358","13,259","14,563","16,208","16,962","16,825","17,996","17,378","17,850","18,054","17,026","18,339","14,978","15,109","14,856","14,563"
TLJ,South East,47,Retail trade,"14,244","14,748","15,383","15,508","15,417","14,673","15,111","15,619","15,547","15,426","15,087","13,755","14,692","14,577","14,438","13,762","14,131","14,225","14,336","14,959","16,067","15,839","15,617","17,468","16,296","15,403"
TLJ,South East,H (49-53),Transportation and storage,"9,860","10,488","10,671","10,280","9,812","9,978","10,284","10,632","11,076","10,765","11,339","9,985","10,773","11,289","11,781","12,019","12,002","11,155","11,151","11,169","11,830","11,825","8,488","9,081","12,137","11,953"
TLJ,South East,49,Land transport,"3,228","3,594","3,449","3,386","3,142","3,087","2,967","2,909","3,380","3,421","3,159","2,764","3,023","3,113","3,124","3,183","3,554","3,328","3,226","3,057","3,073","3,056","2,032","2,204","3,284","3,344"
TLJ,South East,50,Water transport,"1,824","2,144","2,771","2,847","2,701","2,761","3,888","3,986","2,993","2,140","3,135","2,066","2,330","2,964","3,035","3,481","3,145","3,001","2,842","2,814","2,878","2,619","1,241","1,453","1,627","1,614"
TLJ,South East,51,Air transport,279,257,265,177,180,198,197,202,272,368,353,285,377,414,490,531,600,428,545,680,882,"1,119",58,124,656,723
TLJ,South East,52,Warehousing and transport support activities,"4,469","4,503","4,035","3,986","3,857","3,927","3,560","3,829","4,220","4,386","4,610","4,599","4,850","4,802","5,032","4,840","4,913","4,613","4,698","4,605","4,822","4,922","4,113","4,053","4,451","4,281"
TLJ,South East,53,Postal and courier activities,"1,941","2,100","2,296","2,250","2,162","2,244","2,097","2,278","2,368","2,176","2,104","2,024","2,012","1,985","2,150","2,131","1,815","1,711","1,663","1,772","2,007","1,953","2,297","2,330","2,119","1,989"
TLJ,South East,I (55-56),Accommodation and food service activities,"7,282","7,634","7,883","7,572","7,810","7,943","8,258","8,251","8,050","8,124","8,111","7,675","7,863","8,253","8,086","8,726","8,293","8,309","8,693","9,067","9,017","9,236","6,028","7,943","9,287","9,047"
TLJ,South East,55,Accommodation,"1,470","1,681","1,577","1,440","1,585","1,677","1,755","1,702","1,730","1,736","1,583","1,442","1,664","1,883","2,012","2,271","2,274","2,191","2,361","2,464","2,477","2,684","1,425","2,173","2,670","2,287"
TLJ,South East,56,Food and beverage service activities,"5,823","5,961","6,313","6,139","6,229","6,268","6,503","6,554","6,319","6,388","6,538","6,247","6,196","6,364","6,069","6,452","6,014","6,108","6,327","6,597","6,534","6,555","4,587","5,765","6,617","6,760"
TLJ,South East,J (58-63),Information and communication,"2,390","3,035","4,103","4,477","5,006","5,896","6,592","7,530","8,124","8,973","9,437","10,156","10,927","12,496","13,315","14,096","15,440","16,895","18,065","18,341","20,558","23,102","25,845","26,772","26,307","25,265"
TLJ,South East,58,Publishing activities,"1,166","1,278","1,293","1,418","1,493","1,658","1,905","1,960","2,007","2,163","2,174","2,403","2,685","2,851","3,001","3,367","2,995","2,675","2,431","2,209","2,034","2,120","2,276","2,249","2,131","1,814"
TLJ,South East,59,"Motion picture, video and TV programme production",440,425,448,417,397,421,461,496,532,530,590,612,620,689,696,835,894,949,824,616,602,614,494,913,"1,112","1,140"
TLJ,South East,60,Programming and broadcasting activities,248,240,274,269,267,298,349,385,432,416,407,348,295,255,238,231,195,212,372,344,215,217,293,375,374,271
TLJ,South East,61,Telecommunications,43,69,118,130,155,179,247,301,365,407,478,609,713,952,"1,083","1,240","1,647","2,133","2,556","2,787","3,993","4,949","7,079","7,561","6,896","7,163"
TLJ,South East,62,Computer programming and consultancy,"4,864","5,373","6,330","7,013","7,704","9,612","9,483","10,745","10,808","12,109","12,212","11,785","12,004","12,696","13,007","12,760","12,910","13,193","13,562","13,898","13,894","15,123","14,745","14,696","14,943","14,076"
TLJ,South East,63,Information service activities,"1,152","1,193","1,352","1,393","1,491","1,498","1,343","1,361","1,352","1,408","1,122","1,038","1,067","1,115","1,219","1,331","1,271","1,212","1,193",990,"1,064","1,013",961,918,851,802
TLJ,South East,K (64-66),Financial and insurance activities,"13,791","14,176","14,447","13,576","13,130","12,892","12,991","14,768","13,176","18,341","19,354","19,101","19,306","17,068","18,245","18,122","18,487","17,732","16,764","18,615","17,967","16,501","17,784","18,761","17,632","17,699"
TLJ,South East,64,Financial service activities,"5,824","5,821","5,544","6,039","7,515","8,390","10,481","10,481","11,751","13,053","12,669","10,998","9,923","9,260","8,816","8,111","8,444","8,645","7,819","7,877","7,494","6,384","5,981","5,836","5,353","5,636"
TLJ,South East,65,Insurance and pension funding,"7,801","8,334","8,324","6,844","5,470","4,650","4,013","5,593","3,614","6,058","6,636","6,325","7,146","6,310","7,151","7,209","7,581","6,571","6,231","6,940","6,566","5,947","6,303","6,218","6,619","6,348"
TLJ,South East,66,Activities auxiliary to finance and insurance,"1,583","1,403","1,932","2,173","2,308","2,492","2,026","1,411","1,745","2,135","2,514","3,617","3,333","2,589","3,025","3,303","2,938","3,344","3,397","4,321","4,378","4,454","5,557","6,609","5,659","5,714"
TLJ,South East,L (68),Real estate activities,"35,501","35,828","35,333","35,752","35,630","36,343","36,452","36,783","37,592","35,709","38,087","38,334","40,037","40,737","42,763","43,408","44,350","46,111","47,881","47,192","47,357","48,648","48,933","49,009","49,354","49,671"
TLJ,South East,68IMP,Owner-occupiers' imputed rental,"31,209","31,842","31,356","31,711","31,089","31,317","31,698","31,796","32,643","30,647","32,283","32,068","32,918","32,562","33,769","33,912","34,289","35,851","37,357","36,567","37,217","38,286","37,966","38,038","38,109","38,599"
TLJ,South East,68,"Real estate activities, excluding imputed rental","4,890","4,620","4,597","4,666","5,090","5,526","5,291","5,506","5,500","5,530","6,241","6,659","7,428","8,319","9,085","9,537","10,049","10,273","10,555","10,621","10,204","10,433","10,982","10,986","11,245","11,072"
TLJ,South East,M (69-75),"Professional, scientific and technical activities","17,744","18,527","19,063","19,769","20,115","21,635","23,089","23,465","24,426","23,851","22,968","22,308","23,783","23,509","23,702","23,945","24,868","25,545","24,165","23,729","24,525","25,131","26,622","26,903","27,859","27,477"
TLJ,South East,69,Legal and accounting activities,"3,077","3,427","3,568","3,543","3,305","3,483","3,688","4,006","4,294","4,038","4,025","4,276","4,293","4,174","4,153","4,371","4,320","4,500","4,651","4,769","4,729","4,605","4,569","5,024","5,284","5,120"
TLJ,South East,70,Head offices and management consultancy,"2,568","2,759","3,117","3,234","2,910","3,533","3,833","3,953","4,295","4,204","3,997","3,550","3,575","3,839","3,845","4,463","4,793","4,533","4,160","4,102","4,318","4,860","4,892","5,353","4,988","5,124"
TLJ,South East,71,Architectural and engineering activities,"3,507","3,600","3,645","3,755","3,922","4,042","4,291","4,091","4,222","4,072","4,029","4,045","4,133","3,833","3,829","4,185","4,365","4,595","4,409","4,343","4,111","4,195","4,131","4,092","4,417","4,341"
TLJ,South East,72,Scientific research and development,"6,143","5,638","4,634","4,891","5,936","6,214","6,952","6,781","6,119","6,614","6,780","6,610","8,285","7,951","8,082","6,333","6,995","7,335","6,280","5,819","6,390","6,517","7,495","7,130","7,758","7,721"
TLJ,South East,73,Advertising and market research,"1,579","1,790","2,080","2,291","2,369","2,783","2,869","2,921","3,277","2,970","2,381","2,158","2,315","2,430","2,462","2,391","2,187","2,423","2,066","2,198","2,439","2,403","2,694","2,258","2,346","2,001"
TLJ,South East,74,"Other professional, scientific and technical activities","1,228","1,281","1,401","1,469","1,437","1,342","1,352","1,476","1,569","1,498","1,421","1,265","1,220","1,254","1,323","1,550","1,717","1,652","1,903","1,703","1,650","1,739","1,863","1,993","2,067","2,287"
TLJ,South East,75,Veterinary activities,322,354,424,419,427,394,388,472,573,603,597,657,609,595,602,647,578,606,672,746,880,790,975,"1,077",999,883
TLJ,South East,N (77-82),Administrative and support service activities,"9,883","9,853","10,016","10,291","10,486","10,445","10,416","10,788","11,007","11,557","12,232","11,761","11,581","11,842","12,831","13,691","14,678","15,853","16,075","16,870","16,618","17,274","14,793","15,546","16,624","17,493"
TLJ,South East,77,Rental and leasing activities,"3,135","2,904","2,850","3,061","3,443","3,568","3,424","3,560","3,515","3,730","3,753","3,792","3,576","3,207","3,253","3,671","3,987","4,697","4,514","5,033","5,062","5,078","4,966","4,897","4,453","4,913"
TLJ,South East,78,Employment activities,"2,231","2,380","2,596","2,613","2,566","2,686","2,636","2,654","2,671","2,729","2,930","2,850","2,885","3,098","3,307","3,517","3,798","3,964","3,954","4,122","4,119","4,208","3,514","4,024","3,620","3,352"
TLJ,South East,79,Travel agency and tour operator activities,"2,162","1,948","1,518","1,256",974,824,846,"1,016","1,275","1,469","1,667","1,392","1,315","1,442","1,508","1,392","1,651","1,806","2,127","2,134","2,116","2,300",804,821,"1,494","1,573"
TLJ,South East,80,Security and investigation activities,319,337,380,390,366,373,352,369,354,368,354,328,307,365,387,388,407,439,507,625,698,749,722,624,537,537
TLJ,South East,81,Services to buildings and landscape activities,886,929,950,973,974,947,"1,059","1,040","1,017","1,024","1,210","1,145","1,153","1,245","1,283","1,398","1,299","1,391","1,479","1,519","1,643","1,760","1,751","1,914","2,719","2,796"
TLJ,South East,82,Office administration and business support activities,"1,978","1,994","2,049","2,202","2,297","2,141","2,153","2,255","2,325","2,456","2,501","2,410","2,440","2,456","3,051","3,316","3,574","3,698","3,543","3,550","3,094","3,255","3,216","3,391","3,803","4,321"
TLJ,South East,O (84),Public administration and defence,"15,497","13,496","13,328","13,252","12,673","12,512","12,359","12,653","12,946","13,239","14,415","14,697","14,607","14,685","13,798","13,559","13,357","13,202","13,045","13,540","13,584","14,276","13,661","14,005","15,115","15,362"
TLJ,South East,P (85),Education,"17,945","18,453","18,518","18,689","18,316","17,603","17,934","17,190","16,908","17,102","16,844","16,651","16,828","17,199","17,451","17,230","17,021","17,442","17,610","17,842","18,112","19,226","16,585","19,542","21,761","22,335"
TLJ,South East,Q (86-88),Human health and social work activities,"16,862","16,465","17,489","19,130","19,812","20,297","20,519","21,051","21,383","21,658","22,400","22,530","23,228","23,349","22,669","22,466","22,678","23,865","24,046","24,882","24,875","25,476","17,681","22,513","23,930","24,578"
TLJ,South East,86,Human health activities,"11,545","11,464","11,828","13,193","14,202","14,501","14,845","15,376","15,372","16,302","17,128","17,463","17,346","17,304","17,129","16,268","16,687","17,705","17,569","18,573","18,126","18,941","11,112","15,426","15,760","16,073"
TLJ,South East,87,Residential care activities,"3,140","2,933","3,442","3,340","3,093","3,115","3,015","3,239","3,556","3,293","3,385","3,380","3,651","3,697","3,481","3,619","3,457","3,147","3,371","3,420","3,406","3,347","3,507","3,517","3,635","3,784"
TLJ,South East,88,Social work activities,"2,837","2,712","2,892","3,342","3,337","3,515","3,520","3,336","3,343","3,047","2,946","2,781","3,303","3,419","3,126","3,518","3,526","4,076","4,120","4,017","4,368","4,331","3,320","3,609","4,535","4,722"
TLJ,South East,R (90-93),"Arts, entertainment and recreation","3,408","3,456","3,683","3,839","4,323","4,831","4,837","5,137","5,141","4,706","4,596","4,245","4,134","4,479","4,276","4,409","4,454","4,293","4,184","4,687","4,731","4,646","3,554","4,242","4,800","4,851"
TLJ,South East,90,"Creative, arts and entertainment activities",784,823,953,881,"1,016","1,016",990,"1,083","1,145","1,230","1,120","1,040","1,014","1,070","1,145","1,167",967,"1,003",863,993,"1,024",952,"1,037",937,"1,280","1,187"
TLJ,South East,91,"Libraries, archives, museums and other cultural activities",253,227,253,273,285,320,314,347,360,345,380,399,435,402,337,346,343,343,357,368,403,355,367,331,339,367
TLJ,South East,92,Gambling and betting activities,601,689,604,591,716,818,832,989,901,884,774,593,516,693,620,832,"1,006",716,538,795,636,598,267,509,409,387
TLJ,South East,93,"Sports, amusement and recreation activities","1,784","1,754","1,868","2,089","2,314","2,698","2,726","2,758","2,756","2,273","2,330","2,196","2,139","2,304","2,160","2,069","2,163","2,236","2,415","2,530","2,658","2,730","1,880","2,466","2,772","2,909"
TLJ,South East,S (94-96),Other service activities,"5,318","4,978","5,094","4,910","5,043","4,797","4,792","4,730","4,873","5,017","5,101","5,134","5,105","4,828","4,931","5,014","5,307","5,485","5,514","5,905","5,986","6,073","5,305","5,532","5,812","6,133"
TLJ,South East,94,Activities of membership organisations,"1,003",875,882,866,952,972,"1,032","1,033","1,081","1,068",975,"1,061","1,020",920,933,971,950,935,850,928,725,816,815,"1,278","1,098","1,282"
TLJ,South East,95,"Repair of computers, personal and household goods",742,689,670,606,581,467,514,472,530,487,509,464,465,605,658,692,911,935,963,902,899,709,594,702,579,592
TLJ,South East,96,Other personal service activities,"3,548","3,399","3,528","3,425","3,493","3,339","3,221","3,200","3,234","3,436","3,601","3,580","3,596","3,296","3,337","3,346","3,470","3,645","3,744","4,105","4,413","4,580","3,915","3,549","4,134","4,259"
TLJ,South East,T (97-98),Activities of households ,727,709,831,814,702,616,609,730,698,571,634,446,548,607,527,580,583,660,690,736,792,701,553,482,407,313
TLK,South West,Total,All industries,"113,879","117,991","122,300","126,845","128,564","131,337","134,230","136,608","138,899","141,274","142,557","136,591","141,600","142,295","143,799","144,861","150,594","151,429","153,973","159,266","160,105","163,301","148,165","165,780","170,624","170,832"
TLK,South West,A-E,Production sector,"18,873","20,344","20,742","21,814","23,313","24,139","24,366","24,790","26,333","25,985","26,089","23,878","23,266","23,365","23,070","22,889","24,101","23,752","23,379","24,111","24,622","25,376","25,629","25,815","25,002","25,406"
TLK,South West,A (1-3),"Agriculture, forestry and fishing","1,038","1,228","1,193","1,211","1,773","1,696","1,518","1,920","1,851","1,488","2,117","2,070","1,824","2,387","2,008","1,927","2,943","2,485","2,040","2,227","2,033","2,369","2,245","2,076","2,145","2,037"
TLK,South West,1,Agriculture and hunting,953,"1,126","1,096","1,080","1,619","1,533","1,350","1,728","1,673","1,323","1,917","1,834","1,634","2,212","1,804","1,725","2,682","2,248","1,830","2,018","1,867","2,166","1,984","1,884","1,953","1,829"
TLK,South West,2,Forestry and logging,112,157,154,162,162,214,262,235,226,208,264,320,209,176,225,219,176,196,176,159,123,156,180,113,117,125
TLK,South West,3,Fishing and aquaculture,33,34,30,54,63,65,70,82,74,70,78,96,84,69,69,70,110,88,78,80,62,74,102,80,75,83
TLK,South West,B (5-9),Mining and quarrying,"2,598","2,523","1,970","1,670","1,852","1,482","1,276","1,140","1,024",873,709,605,566,531,737,711,664,681,797,689,"1,067","1,044","1,070",927,611,534
TLK,South West,5-8,"Mining and quarrying, excluding support activities","2,665","2,609","2,002","1,701","1,905","1,521","1,299","1,168","1,040",884,704,593,541,523,732,697,657,640,789,685,"1,063","1,035","1,057",915,601,520
TLK,South West,9,Mining support service activities,15,10,16,12,7,7,10,6,10,9,16,20,26,16,17,22,17,40,8,5,5,9,13,12,10,14
TLK,South West,C (10-33),Manufacturing,"11,463","12,322","12,959","13,610","14,472","15,027","15,703","15,916","17,351","17,229","17,245","15,637","15,675","15,785","15,665","15,480","15,857","15,233","15,129","15,982","16,609","16,780","17,553","18,740","17,885","18,253"
TLK,South West,CA (10-12),"Manufacture of food, beverages and tobacco","3,194","3,163","3,019","2,871","2,821","2,975","3,307","2,875","3,126","2,988","2,657","2,556","2,078","2,054","2,129","2,059","2,248","1,820","2,007","1,864","2,273","2,245","2,300","2,573","2,046","1,915"
TLK,South West,10,Manufacture of food products,"2,462","2,357","2,291","2,233","2,216","2,357","2,583","2,182","2,357","2,203","1,904","1,854","1,389","1,400","1,485","1,450","1,668","1,513","1,698","1,532","1,908","1,908","2,057","2,278","1,797","1,643"
TLK,South West,11-12,Manufacture of beverages and tobacco products,710,801,717,616,579,584,694,677,759,788,768,711,719,671,652,613,567,309,309,332,358,332,247,297,250,271
TLK,South West,CB (13-15),"Manufacture of textiles, wearing apparel and leather",126,135,146,147,171,146,148,166,167,191,198,229,262,193,255,256,281,335,287,332,355,350,235,276,350,333
TLK,South West,13,Manufacture of textiles,37,43,48,56,68,70,65,74,80,102,107,134,133,94,125,116,114,168,193,221,236,230,118,157,233,206
TLK,South West,14,Manufacture of wearing apparel,55,57,59,57,62,63,69,76,68,67,56,53,82,65,89,103,134,153,72,91,112,106,56,78,82,95
TLK,South West,15,Manufacture of leather products,62,64,73,60,73,26,30,32,35,36,53,57,76,56,69,71,79,49,41,43,33,40,77,51,35,32
TLK,South West,CC (16-18),Manufacture of wood and paper products and printing,771,804,833,800,851,879,896,998,973,983,929,848,965,870,886,973,957,929,928,"1,067","1,082",996,"1,253","1,174",922,876
TLK,South West,16,"Manufacture of wood products, except furniture",287,344,348,343,343,351,374,361,340,289,227,166,227,205,208,249,256,255,281,318,390,350,400,209,298,284
TLK,South West,17,Manufacture of paper products,153,170,161,166,210,225,240,260,232,277,233,214,279,252,256,262,241,261,262,290,286,326,351,377,309,296
TLK,South West,18,Printing and reproduction of recorded media,359,342,374,342,342,348,337,408,421,421,446,429,434,389,399,443,444,398,379,452,421,329,503,556,315,297
TLK,South West,CD-CE (19-20),"Manufacture of coke, refined petroleum and chemicals",306,345,371,336,380,399,360,421,476,432,451,414,429,342,412,419,519,620,555,523,593,710,742,850,700,642
TLK,South West,CF (21),Manufacture of pharmaceutical products,311,434,498,474,549,482,550,640,"1,024","1,109","1,444","1,361","1,261","1,204","1,083",920,933,"1,148","1,038",864,726,683,707,"1,072","1,083","1,280"
TLK,South West,CG (22-23),"Manufacture of rubber, plastic and non-metallic minerals ","1,240","1,354","1,332","1,334","1,251","1,250","1,290","1,291","1,200","1,139","1,045",987,"1,016",969,"1,051","1,180","1,280","1,296","1,088","1,154","1,301","1,155","1,183","1,341","1,040",938
TLK,South West,22,Manufacture of rubber and plastic products,727,841,806,801,717,711,730,719,656,639,613,596,585,535,562,692,762,802,576,633,725,624,563,626,505,452
TLK,South West,23,Manufacture of other non-metallic mineral products,505,480,505,514,532,540,562,579,556,506,431,386,433,444,508,487,512,480,509,514,565,526,621,719,535,487
TLK,South West,CH (24-25),Manufacture of basic and fabricated metal products,"1,406","1,395","1,419","1,450","1,575","1,595","1,526","1,475","1,388","1,375","1,429","1,145","1,347","1,334","1,467","1,584","1,523","1,662","1,738","1,720","1,743","1,576","1,596","1,456","1,606","1,685"
TLK,South West,24,Manufacture of basic metals,283,323,322,366,338,379,320,303,248,255,204,134,152,155,215,180,202,231,224,232,246,225,170,204,212,205
TLK,South West,25,Manufacture of fabricated metal products,"1,146","1,103","1,128","1,125","1,265","1,253","1,232","1,195","1,155","1,137","1,227","1,006","1,189","1,173","1,249","1,387","1,309","1,420","1,496","1,474","1,487","1,343","1,408","1,254","1,394","1,480"
TLK,South West,CI (26),"Manufacture of computer, electronic and optical products",282,319,404,571,705,690,846,921,"1,172","1,206","1,135","1,367","1,390","1,522","1,520","1,597","1,543","1,368","1,314","1,469","1,503","1,473","1,711","2,027","1,768","1,785"
TLK,South West,CJ (27),Manufacture of electrical equipment,638,688,707,788,914,938,769,768,859,821,841,630,572,661,741,752,806,702,692,817,829,967,"1,185","1,011",758,700
TLK,South West,CK (28),Manufacture of machinery and equipment,"1,121","1,164","1,231","1,286","1,400","1,522","1,668","1,705","1,749","1,813","1,716","1,362","1,590","1,543","1,509","1,414","1,371","1,327","1,208","1,461","1,483","1,431","1,512","1,780","1,693","1,683"
TLK,South West,CL (29-30),Manufacture of transport equipment,"1,956","2,138","2,381","2,763","2,812","3,278","3,431","3,472","3,862","3,761","4,383","3,576","3,410","3,792","3,289","3,059","3,150","2,713","3,000","3,412","3,388","3,834","3,938","3,709","4,270","4,810"
TLK,South West,29,Manufacture of motor vehicles,496,438,495,710,776,840,853,898,"1,014","1,091","1,312","1,019","1,047",952,987,"1,029","1,207","1,102","1,106","1,183","1,023","1,034","1,028",713,"1,012","1,114"
TLK,South West,30,Manufacture of other transport equipment,"1,430","1,683","1,865","1,993","1,969","2,371","2,511","2,505","2,769","2,598","2,990","2,477","2,307","2,778","2,270","2,025","1,961","1,638","1,892","2,222","2,354","2,781","2,894","3,006","3,258","3,696"
TLK,South West,CM (31-33),"Other manufacturing, repair and installation","1,603","1,855","1,857","1,736","1,837","1,785","1,745","1,847","1,996","1,999","1,696","1,535","1,723","1,720","1,618","1,558","1,518","1,577","1,477","1,475","1,509","1,508","1,415","1,560","1,648","1,606"
TLK,South West,31,Manufacture of furniture,270,315,348,355,330,321,295,352,389,432,337,299,330,366,308,285,275,298,320,364,382,369,333,413,447,391
TLK,South West,32,Other manufacturing,281,358,364,382,395,448,458,518,571,588,625,658,737,767,733,626,610,684,583,554,511,540,566,551,539,587
TLK,South West,33,Repair and installation of machinery and equipment,"1,133","1,260","1,208","1,034","1,167","1,056","1,038","1,007","1,065",992,757,607,689,614,612,671,658,626,589,567,617,604,527,598,662,628
TLK,South West,D (35),"Electricity, gas, steam and air conditioning supply","3,571","4,143","3,374","4,422","4,274","5,157","4,597","4,312","4,442","4,461","3,740","3,279","2,790","2,307","2,449","2,570","2,410","2,951","2,856","2,573","2,452","2,840","2,369","1,659","1,609","1,834"
TLK,South West,E (36-39),Water supply; sewerage and waste management,"2,877","2,821","2,925","2,811","2,633","2,669","2,539","2,483","2,418","2,586","2,721","2,682","2,761","2,643","2,535","2,532","2,587","2,681","2,806","2,760","2,692","2,622","2,635","2,562","2,752","2,747"
TLK,South West,36,Water supply,"1,127","1,093","1,014","1,034","1,125","1,135","1,049",989,995,915,839,720,773,752,760,757,768,795,903,965,"1,022",959,"1,332","1,101",873,846
TLK,South West,37,Sewerage activities,700,744,904,846,772,829,897,831,824,"1,086","1,395","1,374","1,459","1,386","1,235","1,205","1,179","1,197","1,209","1,137","1,053","1,027",579,702,995,"1,005"
TLK,South West,38,"Waste collection, treatment and disposal activities","1,115","1,009","1,002",920,718,697,586,649,582,580,494,591,513,482,500,525,584,633,638,604,566,584,686,725,842,858
TLK,South West,39,Remediation and other waste management services,26,29,24,25,21,9,8,8,8,5,5,6,6,14,20,23,33,33,31,29,29,30,38,34,42,39
TLK,South West,F (41-43),Construction,"9,709","10,574","10,570","11,139","11,273","11,189","10,988","10,615","10,310","9,932","9,104","7,978","8,922","9,180","9,067","9,542","10,003","10,764","10,454","11,110","10,562","10,576","9,290","11,045","11,461","11,466"
TLK,South West,41,Construction of buildings,"3,484","3,620","3,793","3,774","4,209","4,501","4,383","4,205","4,122","3,874","3,191","2,458","2,891","2,845","2,687","2,904","3,004","3,445","3,430","3,677","3,444","3,286","3,069","3,878","3,733","3,208"
TLK,South West,42,Civil engineering,"1,811","2,000","1,943","2,165","1,893","1,731","1,811","1,621","1,543","1,553","1,464","1,291","1,419","1,428","1,544","1,518","1,430","1,539","1,543","1,581","1,621","1,564","1,372","1,372","1,647","1,652"
TLK,South West,43,Specialised construction activities,"4,377","4,919","4,796","5,161","5,145","4,945","4,767","4,782","4,643","4,488","4,425","4,226","4,600","4,901","4,825","5,116","5,580","5,797","5,494","5,868","5,509","5,748","4,856","5,788","6,081","6,606"
TLK,South West,G-T,Services sector,"86,177","87,834","91,750","94,654","94,582","96,522","99,328","101,566","102,600","105,606","107,578","104,935","109,624","109,981","111,907","112,748","116,788","117,294","120,571","124,494","125,351","127,784","113,575","129,038","134,161","133,960"
TLK,South West,G (45-47),Wholesale and retail trade; repair of motor vehicles,"14,403","14,060","15,479","15,923","15,628","15,515","15,743","16,263","16,977","16,801","15,949","14,708","16,374","16,252","16,592","15,982","17,298","17,864","17,752","18,785","18,799","18,607","15,107","18,013","16,764","16,728"
TLK,South West,45,Motor trades,"2,741","2,859","3,001","3,279","3,219","3,111","3,108","3,237","2,970","2,969","2,742","2,298","3,111","2,738","2,981","3,039","3,310","3,392","3,093","3,508","3,547","3,125","2,444","3,102","2,212","2,625"
TLK,South West,46,Wholesale trade,"3,898","3,406","3,806","3,997","3,742","3,769","3,695","4,306","5,112","5,097","5,126","4,996","5,132","5,491","5,660","5,164","5,597","5,763","5,617","6,013","6,259","6,686","5,239","5,710","6,213","5,930"
TLK,South West,47,Retail trade,"7,604","7,806","8,639","8,639","8,709","8,650","8,968","8,680","8,806","8,650","8,000","7,345","8,080","7,964","7,912","7,722","8,337","8,642","8,905","9,170","8,927","8,699","7,346","9,173","8,339","8,173"
TLK,South West,H (49-53),Transportation and storage,"4,357","4,798","4,891","5,020","4,642","4,655","4,868","4,760","4,974","5,110","5,299","4,892","5,084","5,256","5,004","4,957","4,840","4,560","4,407","4,358","4,432","4,354","3,461","4,199","4,873","4,804"
TLK,South West,49,Land transport,"2,093","2,312","2,336","2,431","2,182","2,177","2,195","2,066","2,216","2,386","2,312","2,045","2,175","2,239","2,061","2,124","2,215","1,915","1,821","1,808","1,796","1,710","1,215","1,544","1,858","1,818"
TLK,South West,50,Water transport,99,134,184,178,131,148,205,206,150,119,232,205,241,344,386,410,341,283,241,263,243,227,121,162,176,159
TLK,South West,51,Air transport,28,30,30,19,23,29,34,46,64,86,73,56,69,78,108,115,126,80,93,97,137,174,11,33,139,240
TLK,South West,52,Warehousing and transport support activities,"1,367","1,575","1,494","1,483","1,369","1,344","1,483","1,410","1,436","1,467","1,592","1,530","1,591","1,695","1,502","1,396","1,427","1,574","1,494","1,461","1,471","1,526","1,333","1,525","1,710","1,643"
TLK,South West,53,Postal and courier activities,"1,235","1,284","1,380","1,488","1,457","1,451","1,473","1,521","1,545","1,428","1,538","1,499","1,453","1,374","1,389","1,344","1,138","1,095","1,115","1,079","1,130","1,067","1,057","1,188",990,944
TLK,South West,I (55-56),Accommodation and food service activities,"4,727","4,947","4,902","4,902","5,137","5,402","5,552","5,525","5,222","5,316","5,205","5,046","5,233","5,545","5,515","5,971","5,839","5,573","5,955","6,566","6,082","6,236","3,956","5,524","6,020","5,614"
TLK,South West,55,Accommodation,"1,295","1,421","1,287","1,307","1,436","1,588","1,648","1,641","1,662","1,630","1,547","1,473","1,605","1,748","1,904","2,092","2,154","2,159","2,403","2,512","2,413","2,614","1,409","2,203","2,563","2,171"
TLK,South West,56,Food and beverage service activities,"3,434","3,526","3,615","3,595","3,697","3,809","3,898","3,878","3,545","3,675","3,652","3,569","3,615","3,783","3,599","3,867","3,669","3,405","3,549","4,044","3,661","3,622","2,532","3,313","3,457","3,443"
TLK,South West,J (58-63),Information and communication,489,576,746,913,"1,080","1,314","1,429","1,529","1,646","1,854","1,819","1,984","2,116","2,394","2,522","2,660","3,181","3,475","3,990","4,244","4,599","4,808","5,900","6,476","6,450","6,357"
TLK,South West,58,Publishing activities,358,390,420,463,510,564,624,630,642,674,620,671,627,570,617,693,686,600,607,588,541,551,620,594,738,767
TLK,South West,59,"Motion picture, video and TV programme production",126,153,197,170,157,173,200,207,205,220,245,316,309,302,290,307,302,365,378,327,386,420,291,370,451,436
TLK,South West,60,Programming and broadcasting activities,113,105,114,108,122,155,196,206,236,241,226,198,162,124,97,83,68,77,135,122,110,122,211,291,275,221
TLK,South West,61,Telecommunications,12,16,24,37,51,66,75,79,91,110,115,147,177,245,280,301,425,544,674,834,"1,067","1,205","1,588","2,140","2,395","2,498"
TLK,South West,62,Computer programming and consultancy,931,"1,005","1,153","1,267","1,347","1,690","1,697","1,885","1,894","2,101","2,047","1,968","2,061","2,188","2,193","2,249","2,536","2,448","2,676","2,582","2,393","2,380","3,076","2,841","2,298","2,134"
TLK,South West,63,Information service activities,314,345,420,413,379,356,369,424,471,500,380,326,274,218,195,207,189,211,248,281,332,280,249,278,293,301
TLK,South West,K (64-66),Financial and insurance activities,"7,525","7,889","8,252","8,024","8,190","8,254","8,314","9,849","8,518","11,594","13,068","12,554","13,108","11,245","11,531","10,650","10,655","10,117","10,658","11,166","11,155","10,918","10,303","10,089","10,218","10,067"
TLK,South West,64,Financial service activities,"3,935","4,073","4,069","4,592","5,784","5,910","6,779","6,853","7,634","8,757","10,525","9,716","9,151","8,286","8,673","7,499","6,568","7,309","7,351","6,707","6,206","5,645","4,923","4,776","4,792","4,912"
TLK,South West,65,Insurance and pension funding,"3,278","3,372","3,597","2,898","2,497","2,363","2,063","3,013","1,784","2,865","2,997","2,806","3,563","2,550","2,535","2,368","3,025","2,016","2,115","2,760","3,289","3,322","3,399","3,038","3,005","2,871"
TLK,South West,66,Activities auxiliary to finance and insurance,707,856,972,"1,059",849,996,870,819,822,"1,134","1,239","1,505","1,294","1,354","1,363","1,569","1,285","1,580","1,925","2,115","1,941","2,122","2,064","2,290","2,421","2,283"
TLK,South West,L (68),Real estate activities,"19,681","19,444","19,133","19,231","18,714","18,707","18,430","18,243","18,742","17,876","18,716","18,714","19,614","20,097","20,587","20,964","21,375","21,418","22,655","23,386","23,954","25,227","25,324","25,766","26,307","26,378"
TLK,South West,68IMP,Owner-occupiers' imputed rental,"17,419","17,271","17,101","17,181","16,515","16,084","15,729","15,404","15,863","14,951","15,236","15,191","15,482","15,387","15,653","15,866","15,941","15,985","17,172","17,485","18,046","19,070","19,106","19,609","19,939","20,226"
TLK,South West,68,"Real estate activities, excluding imputed rental","2,683","2,601","2,471","2,490","2,583","2,917","2,970","3,083","3,134","3,141","3,649","3,687","4,233","4,733","4,943","5,097","5,396","5,397","5,484","5,864","5,892","6,148","6,204","6,163","6,368","6,151"
TLK,South West,M (69-75),"Professional, scientific and technical activities","5,872","6,099","6,574","6,972","7,141","7,469","8,175","8,355","8,466","8,719","8,508","8,038","8,823","8,587","8,869","9,379","9,866","9,867","9,688","9,578","9,509","9,914","9,526","10,948","12,289","11,763"
TLK,South West,69,Legal and accounting activities,"1,734","1,735","1,856","1,858","1,683","1,883","2,079","2,174","2,241","2,261","2,178","2,219","2,460","2,382","2,424","2,826","2,842","2,906","2,959","2,948","2,877","3,167","3,052","3,796","4,095","4,040"
TLK,South West,70,Head offices and management consultancy,700,684,785,"1,048",983,946,927,922,912,"1,022","1,070","1,027","1,065","1,014","1,044","1,144","1,227","1,198","1,154","1,045","1,085","1,239","1,120","1,277","1,263","1,096"
TLK,South West,71,Architectural and engineering activities,"1,064","1,127","1,159","1,146","1,214","1,248","1,419","1,422","1,524","1,663","1,684","1,560","1,560","1,413","1,519","1,721","1,901","1,962","1,750","1,888","1,770","1,849","1,745","1,958","2,089","2,071"
TLK,South West,72,Scientific research and development,"1,255","1,327","1,375","1,597","1,961","2,054","2,392","2,429","2,130","2,142","2,134","1,885","2,379","2,373","2,551","2,000","2,147","1,866","2,001","1,636","1,625","1,421","1,532","1,478","2,201","2,003"
TLK,South West,73,Advertising and market research,383,435,547,552,610,647,651,627,732,733,650,582,592,563,534,527,512,654,538,645,670,731,644,674,782,722
TLK,South West,74,"Other professional, scientific and technical activities",492,503,532,528,538,569,607,622,645,628,576,540,537,643,628,753,852,774,770,839,829,855,749,975,965,"1,023"
TLK,South West,75,Veterinary activities,257,315,323,317,348,328,372,443,439,399,346,320,453,440,445,481,457,513,572,577,658,648,687,805,895,808
TLK,South West,N (77-82),Administrative and support service activities,"3,419","3,701","3,899","4,261","4,019","4,282","4,626","4,766","4,839","5,298","5,486","5,408","5,630","6,111","6,496","7,321","8,016","8,478","8,458","8,661","8,454","8,314","7,678","8,766","8,981","9,554"
TLK,South West,77,Rental and leasing activities,896,"1,126","1,278","1,451","1,465","1,590","1,681","1,752","1,753","1,919","1,843","1,961","1,959","2,579","3,226","4,036","4,611","4,905","4,873","5,263","4,999","4,937","4,705","4,649","4,363","4,618"
TLK,South West,78,Employment activities,715,806,894,937,871,982,"1,031","1,012","1,017","1,055","1,060",958,"1,013","1,065","1,007","1,057","1,159","1,282","1,217","1,225","1,322","1,326","1,342","1,447","1,606","1,458"
TLK,South West,79,Travel agency and tour operator activities,810,769,587,494,349,297,317,339,394,460,462,369,328,336,338,347,395,383,429,402,336,279,109,133,309,343
TLK,South West,80,Security and investigation activities,131,128,141,171,157,159,173,170,165,175,173,159,151,156,150,156,180,194,199,192,213,197,161,193,173,170
TLK,South West,81,Services to buildings and landscape activities,304,319,325,352,326,340,412,434,438,477,574,562,556,545,512,571,552,589,627,670,644,656,588,819,941,"1,043"
TLK,South West,82,Office administration and business support activities,718,662,655,772,732,769,843,895,913,"1,060","1,177","1,228","1,427","1,320","1,262","1,252","1,281","1,294","1,272","1,122","1,112","1,089",960,"1,578","1,588","1,922"
TLK,South West,O (84),Public administration and defence,"9,608","9,774","9,875","9,904","9,832","9,905","10,131","9,930","10,425","9,939","10,463","10,696","10,607","10,638","10,205","10,040","10,020","9,759","10,134","10,408","10,465","10,657","10,336","10,631","11,501","11,662"
TLK,South West,P (85),Education,"9,175","9,560","9,645","9,912","9,323","9,073","9,399","9,190","9,030","9,136","9,166","8,722","8,528","8,658","9,095","8,957","9,062","9,066","9,155","9,110","9,323","10,016","8,311","9,904","10,903","11,081"
TLK,South West,Q (86-88),Human health and social work activities,"11,163","10,760","10,983","11,564","12,322","12,559","13,154","13,640","13,638","13,786","13,911","13,396","13,946","14,383","14,599","14,752","14,958","15,369","15,481","15,678","15,566","15,424","10,796","14,291","14,938","14,940"
TLK,South West,86,Human health activities,"7,926","7,501","7,601","8,080","9,199","9,231","9,518","10,057","10,162","10,348","10,471","10,217","10,438","10,597","10,878","10,873","11,384","11,903","11,802","11,936","11,841","11,791","7,111","10,070","10,437","10,400"
TLK,South West,87,Residential care activities,"1,885","1,867","1,987","1,922","1,816","1,931","2,153","2,161","2,094","2,089","2,125","2,111","2,182","2,370","2,254","2,165","2,131","1,942","2,011","1,822","1,927","1,888","2,022","1,864","1,975","2,199"
TLK,South West,88,Social work activities,"1,700","1,727","1,735","1,922","1,746","1,831","1,923","1,895","1,868","1,848","1,823","1,574","1,838","1,935","2,002","2,232","2,028","2,160","2,270","2,524","2,396","2,352","1,788","2,362","2,526","2,341"
TLK,South West,R (90-93),"Arts, entertainment and recreation","1,485","1,534","1,709","1,735","1,782","2,018","2,190","2,153","2,250","2,037","2,001","2,019","1,823","1,746","1,686","1,764","1,870","1,748","1,600","1,695","1,704","1,688","1,044","1,608","1,838","1,893"
TLK,South West,90,"Creative, arts and entertainment activities",321,342,455,427,463,417,428,440,528,538,499,550,532,498,423,388,337,341,295,367,363,332,138,362,510,504
TLK,South West,91,"Libraries, archives, museums and other cultural activities",199,190,209,186,185,246,265,283,303,264,272,291,254,222,225,225,229,233,254,292,291,303,373,191,327,347
TLK,South West,92,Gambling and betting activities,331,359,321,345,349,470,527,510,430,378,305,260,219,250,215,259,300,237,163,243,207,227,120,226,161,145
TLK,South West,93,"Sports, amusement and recreation activities",655,672,726,793,800,916,"1,009",953,"1,004",870,926,910,808,773,818,893,"1,010",938,884,792,840,825,416,829,839,897
TLK,South West,S (94-96),Other service activities,"2,253","2,198","2,301","2,308","2,387","2,272","2,281","2,267","2,297","2,174","2,187","2,278","2,229","2,054","2,101","2,128","2,199","2,236","2,426","2,684","2,744","2,763","2,276","2,593","2,819","2,755"
TLK,South West,94,Activities of membership organisations,467,437,468,474,486,503,538,550,566,450,440,475,435,364,397,416,396,389,358,403,362,417,388,391,426,499
TLK,South West,95,"Repair of computers, personal and household goods",254,209,201,187,204,171,175,156,166,147,175,155,167,198,170,161,165,167,199,203,212,196,105,164,212,182
TLK,South West,96,Other personal service activities,"1,515","1,538","1,615","1,631","1,680","1,579","1,547","1,539","1,543","1,564","1,560","1,632","1,616","1,491","1,527","1,541","1,632","1,676","1,873","2,081","2,177","2,153","1,779","2,038","2,181","2,075"
TLK,South West,T (97-98),Activities of households ,421,429,537,562,403,318,312,398,350,328,370,245,375,339,353,338,344,353,454,460,574,651,379,341,259,365
TLL,Wales,Total,All industries,"52,766","53,843","56,205","57,651","58,663","60,787","62,499","63,224","65,271","65,835","63,979","62,030","63,113","64,951","66,019","67,089","68,096","69,625","71,332","72,688","74,542","75,779","68,578","72,608","74,977","74,903"
TLL,Wales,A-E,Production sector,"10,911","11,489","12,390","12,554","13,014","13,547","13,692","13,532","14,611","14,422","13,774","13,525","13,375","13,801","13,970","14,649","15,276","16,231","16,204","16,214","16,628","16,828","16,912","15,711","15,609","15,682"
TLL,Wales,A (1-3),"Agriculture, forestry and fishing",702,801,978,920,"1,094","1,181","1,107",921,695,626,713,745,583,788,594,664,"1,151","1,029",924,"1,067",990,913,995,895,981,"1,072"
TLL,Wales,1,Agriculture and hunting,630,721,887,819,975,"1,051",981,807,593,533,605,615,478,688,479,550,"1,006",903,794,947,892,809,880,805,891,978
TLL,Wales,2,Forestry and logging,68,81,88,122,167,209,204,182,176,159,200,264,198,153,173,174,141,133,147,104,85,93,103,72,70,69
TLL,Wales,3,Fishing and aquaculture,14,14,12,16,15,13,15,19,20,18,19,22,22,19,21,20,34,25,24,23,16,18,21,19,20,24
TLL,Wales,B (5-9),Mining and quarrying,286,273,280,253,225,188,219,186,211,163,142,132,135,160,243,260,230,268,195,108,164,175,188,224,231,175
TLL,Wales,5-8,"Mining and quarrying, excluding support activities",352,336,335,303,274,227,259,222,251,188,143,141,144,180,266,264,234,212,181,100,151,151,160,196,205,145
TLL,Wales,9,Mining support service activities,2,2,6,6,3,3,7,5,6,7,19,12,12,6,14,28,24,61,14,8,15,30,35,29,27,29
TLL,Wales,C (10-33),Manufacturing,"7,424","7,751","8,439","8,437","8,552","8,853","9,333","9,411","10,698","10,763","10,357","10,137","10,335","10,616","10,893","11,365","11,699","12,173","12,173","12,088","12,607","12,613","12,621","12,037","11,657","11,822"
TLL,Wales,CA (10-12),"Manufacture of food, beverages and tobacco",994,990,"1,075","1,062","1,110","1,189","1,354","1,300","1,432","1,495","1,393","1,566","1,368","1,288","1,319","1,432","1,443","1,544","1,595","1,615","1,971","1,929","1,913","1,727","1,749","1,685"
TLL,Wales,10,Manufacture of food products,897,886,961,966,997,"1,080","1,193","1,084","1,168","1,219","1,089","1,286","1,152","1,064","1,083","1,169","1,119","1,144","1,258","1,272","1,612","1,636","1,550","1,449","1,397","1,338"
TLL,Wales,11-12,Manufacture of beverages and tobacco products,114,120,131,116,132,132,179,220,266,278,300,279,219,226,237,265,330,404,338,344,359,302,361,283,352,348
TLL,Wales,CB (13-15),"Manufacture of textiles, wearing apparel and leather",79,77,80,77,77,74,77,72,74,88,74,99,101,75,90,93,85,115,108,128,152,160,101,188,209,213
TLL,Wales,13,Manufacture of textiles,27,27,29,32,35,38,40,50,55,68,56,76,73,53,66,70,58,84,86,101,117,125,77,150,170,165
TLL,Wales,14,Manufacture of wearing apparel,53,51,52,46,43,37,38,20,16,16,14,18,24,19,20,18,25,31,19,25,33,32,18,27,32,38
TLL,Wales,15,Manufacture of leather products,5,4,5,4,5,3,4,3,4,3,4,5,5,5,5,5,7,4,4,4,5,6,8,12,7,10
TLL,Wales,CC (16-18),Manufacture of wood and paper products and printing,449,481,494,501,548,590,630,645,579,621,564,567,712,637,717,818,790,822,944,929,974,"1,009",997,840,705,660
TLL,Wales,16,"Manufacture of wood products, except furniture",209,206,209,197,196,209,236,243,240,254,213,167,182,178,222,259,261,331,398,340,372,357,361,334,364,323
TLL,Wales,17,Manufacture of paper products,157,177,165,177,218,237,241,235,199,234,206,222,343,291,334,396,363,311,291,303,311,358,337,329,281,281
TLL,Wales,18,Printing and reproduction of recorded media,102,109,129,127,125,134,147,159,140,137,139,155,149,139,136,135,139,169,244,258,268,260,268,159,60,56
TLL,Wales,CD-CE (19-20),"Manufacture of coke, refined petroleum and chemicals",675,633,690,710,732,848,975,881,844,834,716,679,687,508,607,732,872,"1,462","1,589","1,504","1,252","1,351","1,197",801,"1,069","1,013"
TLL,Wales,CF (21),Manufacture of pharmaceutical products,283,224,192,206,248,216,251,301,418,449,525,516,511,557,531,534,555,575,495,544,629,644,742,891,"1,131","1,277"
TLL,Wales,CG (22-23),"Manufacture of rubber, plastic and non-metallic minerals ",845,833,859,895,823,854,897,927,967,935,738,582,643,759,840,947,897,889,783,743,847,884,834,864,828,716
TLL,Wales,22,Manufacture of rubber and plastic products,486,476,477,520,474,479,515,549,575,563,432,371,403,489,542,606,556,588,474,407,498,514,466,531,497,452
TLL,Wales,23,Manufacture of other non-metallic mineral products,373,370,399,388,363,392,396,390,404,382,315,216,246,275,303,348,351,305,311,342,356,377,375,332,331,265
TLL,Wales,CH (24-25),Manufacture of basic and fabricated metal products,"2,160","2,550","2,668","2,216","1,917","1,876","1,748","1,731","2,176","2,200","1,948","1,797","1,816","1,663","1,802","1,678","1,861","2,259","2,145","1,768","1,751","1,823","2,206","2,011","1,397","1,380"
TLL,Wales,24,Manufacture of basic metals,"1,670","2,142","2,280","1,612","1,226","1,155",925,905,"1,413","1,583","1,122","1,106","1,241",900,"1,128",938,"1,198","1,762","1,671","1,481","1,211","1,080","1,517","1,205",805,767
TLL,Wales,25,Manufacture of fabricated metal products,756,781,797,822,802,810,843,843,869,785,873,749,693,795,754,765,755,746,709,537,660,777,819,820,592,614
TLL,Wales,CI (26),"Manufacture of computer, electronic and optical products",137,146,189,246,305,303,356,356,446,477,498,636,667,758,669,640,648,687,853,972,889,856,878,965,914,940
TLL,Wales,CJ (27),Manufacture of electrical equipment,412,414,443,503,575,626,543,531,569,531,509,439,386,391,445,435,403,368,339,364,353,446,539,535,374,321
TLL,Wales,CK (28),Manufacture of machinery and equipment,417,427,475,513,459,409,448,454,485,470,400,362,408,486,428,371,333,365,405,458,532,455,562,456,488,470
TLL,Wales,CL (29-30),Manufacture of transport equipment,918,934,"1,123","1,087","1,067","1,234","1,373","1,450","1,824","1,699","2,127","1,553","1,505","2,028","1,727","1,918","2,079","1,823","1,788","1,823","1,975","1,973","1,859","2,023","1,819","2,095"
TLL,Wales,29,Manufacture of motor vehicles,436,431,478,490,494,603,653,720,829,895,"1,185",793,747,803,749,930,"1,076",866,658,568,590,569,586,624,440,458
TLL,Wales,30,Manufacture of other transport equipment,490,516,681,616,586,630,728,726,"1,016",798,924,742,737,"1,244",983,997,"1,012",966,"1,114","1,245","1,375","1,395","1,254","1,381","1,379","1,636"
TLL,Wales,CM (31-33),"Other manufacturing, repair and installation",980,"1,086","1,156","1,148","1,258","1,208","1,167","1,280","1,533","1,563","1,558","1,842","2,031","2,049","2,262","2,280","2,235","1,739","1,537","1,479","1,448","1,319","1,099",908,972,"1,052"
TLL,Wales,31,Manufacture of furniture,161,161,180,170,149,140,120,145,153,145,138,127,123,120,128,152,178,181,146,179,160,183,198,179,153,128
TLL,Wales,32,Other manufacturing,350,397,429,415,477,519,495,551,676,767,757,737,737,804,757,641,574,508,477,523,496,498,551,496,394,351
TLL,Wales,33,Repair and installation of machinery and equipment,419,478,483,512,590,480,500,515,631,562,580,936,"1,136","1,090","1,344","1,443","1,430","1,001",877,753,763,620,356,246,426,572
TLL,Wales,D (35),"Electricity, gas, steam and air conditioning supply","1,524","1,793","1,671","1,990","1,979","2,148","1,689","1,586","1,680","1,635","1,360","1,302","1,145","1,149","1,202","1,361","1,228","1,618","1,717","1,697","1,603","1,883","2,029","1,204","1,304","1,200"
TLL,Wales,E (36-39),Water supply; sewerage and waste management,"1,495","1,432","1,432","1,549","1,831","1,910","1,749","1,765","1,487","1,361","1,311","1,324","1,320","1,256","1,186","1,160","1,168","1,263","1,265","1,309","1,286","1,270","1,119","1,351","1,437","1,414"
TLL,Wales,36,Water supply,421,373,373,435,762,775,729,666,583,463,562,567,619,606,590,579,517,501,506,520,551,492,486,550,573,554
TLL,Wales,37,Sewerage activities,388,433,442,485,525,509,485,432,416,364,250,131,155,198,213,200,185,198,235,245,247,251,152,275,252,228
TLL,Wales,38,"Waste collection, treatment and disposal activities",770,673,662,669,579,653,563,685,497,537,512,635,534,446,383,378,459,561,516,540,485,522,476,521,606,623
TLL,Wales,39,Remediation and other waste management services,14,15,11,14,16,30,24,26,21,19,5,5,6,5,6,8,11,11,12,7,6,7,11,6,6,8
TLL,Wales,F (41-43),Construction,"4,939","4,984","4,694","4,933","4,851","4,708","4,579","4,816","4,856","4,666","4,333","3,658","4,013","4,183","3,949","4,038","4,202","4,340","4,397","4,486","4,553","4,537","4,057","4,404","4,679","4,764"
TLL,Wales,41,Construction of buildings,"1,739","1,654","1,569","1,679","1,830","1,643","1,591","1,781","1,775","1,669","1,421","1,087","1,165","1,174",997,999,"1,060","1,098","1,125","1,255","1,363","1,350","1,117","1,301","1,353","1,111"
TLL,Wales,42,Civil engineering,"1,029","1,050",999,971,904,842,853,794,862,843,824,876,890,910,934,971,944,913,922,846,960,"1,054",824,833,909,956
TLL,Wales,43,Specialised construction activities,"2,178","2,289","2,134","2,293","2,127","2,238","2,145","2,267","2,236","2,166","2,092","1,681","1,949","2,092","2,010","2,059","2,194","2,330","2,353","2,389","2,228","2,132","2,122","2,269","2,417","2,697"
TLL,Wales,G-T,Services sector,"37,824","38,125","39,616","40,742","41,312","42,984","44,649","45,336","46,274","47,175","46,268","45,239","46,120","47,376","48,483","48,765","48,965","49,386","51,075","52,342","53,724","54,790","47,933","52,546","54,688","54,457"
TLL,Wales,G (45-47),Wholesale and retail trade; repair of motor vehicles,"5,867","5,725","6,492","6,495","6,510","6,658","7,090","7,178","7,678","7,544","7,192","6,312","7,016","7,192","7,113","6,974","6,958","7,156","7,452","7,385","7,758","7,895","6,393","7,300","6,482","6,517"
TLL,Wales,45,Motor trades,964,949,"1,100","1,173","1,118","1,045","1,095","1,164","1,128","1,204","1,087",876,"1,188","1,031","1,223","1,249","1,203","1,166","1,108","1,277","1,330","1,383","1,162","1,314","1,126","1,389"
TLL,Wales,46,Wholesale trade,"1,164","1,142","1,293","1,294","1,366","1,472","1,593","1,738","2,033","2,003","1,804","1,513","1,792","1,964","1,890","1,716","1,855","1,797","1,849","1,714","1,784","1,869","1,599","2,060","1,914","1,787"
TLL,Wales,47,Retail trade,"3,830","3,722","4,204","4,150","4,120","4,202","4,462","4,323","4,554","4,379","4,343","3,958","4,108","4,259","4,067","4,060","3,968","4,223","4,503","4,417","4,665","4,668","3,652","3,925","3,441","3,340"
TLL,Wales,H (49-53),Transportation and storage,"1,973","2,012","2,147","2,224","2,158","2,342","2,449","2,485","2,540","2,347","2,385","2,107","2,296","2,347","2,299","2,383","2,320","2,135","2,081","1,993","2,089","2,114","1,674","1,833","2,244","2,177"
TLL,Wales,49,Land transport,974,"1,019","1,073","1,163","1,137","1,211","1,158","1,133","1,137","1,051",967,846,948,983,915,960,"1,035",908,872,789,846,823,650,686,828,771
TLL,Wales,50,Water transport,138,160,175,159,146,226,398,405,286,194,235,139,169,242,257,272,232,218,215,212,204,200,148,280,369,319
TLL,Wales,51,Air transport,1,2,2,2,2,3,4,5,9,15,16,12,16,19,23,23,24,16,18,16,23,28,4,5,32,47
TLL,Wales,52,Warehousing and transport support activities,459,394,395,401,359,420,437,466,583,576,688,637,702,643,636,679,690,670,642,654,680,719,548,584,651,709
TLL,Wales,53,Postal and courier activities,501,521,585,575,583,561,563,598,620,575,570,548,539,547,557,544,424,404,408,400,414,425,387,339,364,330
TLL,Wales,I (55-56),Accommodation and food service activities,"2,368","2,433","2,440","2,141","2,179","2,280","2,433","2,448","2,449","2,442","2,317","2,119","2,188","2,357","2,465","2,517","2,331","2,347","2,480","2,652","2,641","2,799","1,632","2,164","2,480","2,327"
TLL,Wales,55,Accommodation,544,581,550,509,575,653,717,698,730,707,675,644,733,842,928,914,871,904,984,"1,059","1,053","1,019",466,694,906,770
TLL,Wales,56,Food and beverage service activities,"1,842","1,871","1,909","1,648","1,618","1,641","1,730","1,766","1,732","1,749","1,656","1,485","1,459","1,518","1,540","1,605","1,463","1,446","1,501","1,600","1,594","1,781","1,159","1,465","1,575","1,557"
TLL,Wales,J (58-63),Information and communication,97,122,148,172,202,256,325,370,402,447,493,554,578,648,700,722,852,984,"1,183","1,262","1,558","1,727","1,698","2,058","2,299","2,267"
TLL,Wales,58,Publishing activities,90,96,119,133,135,128,143,150,144,147,121,101,90,85,82,90,91,76,86,90,79,70,45,21,29,33
TLL,Wales,59,"Motion picture, video and TV programme production",50,49,45,43,44,56,61,64,70,79,107,140,176,206,231,271,254,277,270,174,196,188,121,192,168,171
TLL,Wales,60,Programming and broadcasting activities,133,132,110,110,114,163,161,178,204,216,234,355,337,299,252,233,195,174,186,160,156,161,147,215,241,215
TLL,Wales,61,Telecommunications,5,7,9,11,15,21,31,37,42,47,50,58,63,80,94,110,162,234,337,424,590,701,828,"1,019","1,128","1,169"
TLL,Wales,62,Computer programming and consultancy,151,176,174,228,260,305,342,372,381,402,416,420,419,454,480,430,495,448,477,473,540,576,467,484,571,523
TLL,Wales,63,Information service activities,74,83,82,91,84,72,61,67,73,104,191,174,177,194,220,185,177,181,152,134,125,127,95,125,162,154
TLL,Wales,K (64-66),Financial and insurance activities,"1,988","2,210","2,233","2,147","2,308","2,374","2,621","2,965","2,870","3,992","4,280","4,227","3,903","3,745","4,406","3,825","3,952","3,793","4,109","4,331","4,649","4,589","4,724","4,880","4,719","4,627"
TLL,Wales,64,Financial service activities,"1,778","1,769","1,715","1,889","2,335","2,662","3,295","3,351","3,752","3,841","3,934","3,547","3,163","3,101","3,183","2,892","2,537","2,570","2,713","2,466","2,345","2,194","1,846","1,642","1,611","1,708"
TLL,Wales,65,Insurance and pension funding,641,849,905,675,560,440,338,553,281,768,833,934,954,883,"1,338","1,006","1,300","1,194","1,367","1,666","1,933","1,976","2,370","2,572","2,479","2,333"
TLL,Wales,66,Activities auxiliary to finance and insurance,185,215,222,224,225,224,206,185,229,308,416,466,368,339,347,415,369,329,330,376,475,500,517,665,629,585
TLL,Wales,L (68),Real estate activities,"7,748","7,544","7,529","7,633","7,565","7,658","7,452","7,178","7,730","7,344","6,948","7,159","7,389","7,585","7,877","8,095","8,078","8,114","8,172","8,382","8,424","8,517","8,628","8,711","8,889","8,718"
TLL,Wales,68IMP,Owner-occupiers' imputed rental,"6,008","5,954","6,082","6,302","6,338","6,365","6,159","5,875","6,416","6,017","5,757","5,864","5,833","5,789","5,954","6,057","5,986","6,098","6,175","6,390","6,615","6,704","6,764","6,904","6,918","6,840"
TLL,Wales,68,"Real estate activities, excluding imputed rental","1,779","1,614","1,456","1,334","1,231","1,296","1,294","1,306","1,314","1,330","1,193","1,298","1,547","1,775","1,900","2,013","2,062","1,990","1,974","1,974","1,812","1,817","1,865","1,816","1,971","1,878"
TLL,Wales,M (69-75),"Professional, scientific and technical activities","1,750","1,804","1,812","2,014","2,067","2,300","2,463","2,468","2,692","2,726","2,539","2,364","2,402","2,413","2,465","2,568","2,575","2,640","2,607","2,661","2,646","2,718","2,727","2,906","3,095","3,104"
TLL,Wales,69,Legal and accounting activities,694,689,656,730,711,800,907,886,"1,013","1,026",950,921,928,971,978,956,943,996,"1,024","1,015","1,011","1,079","1,099","1,143","1,220","1,246"
TLL,Wales,70,Head offices and management consultancy,166,170,185,221,223,269,284,324,332,344,281,254,256,274,311,355,371,357,333,353,372,367,403,458,457,460
TLL,Wales,71,Architectural and engineering activities,402,422,417,452,476,511,520,501,571,592,546,495,481,440,458,537,565,592,551,526,453,478,425,530,615,592
TLL,Wales,72,Scientific research and development,206,223,203,216,242,242,270,251,210,207,210,194,260,249,221,176,199,224,216,248,330,312,235,266,213,212
TLL,Wales,73,Advertising and market research,66,74,85,91,101,123,132,131,147,128,93,84,94,98,97,90,78,88,80,97,87,76,99,89,103,91
TLL,Wales,74,"Other professional, scientific and technical activities",141,139,153,155,163,184,196,207,245,243,200,173,172,185,204,236,249,227,240,254,211,258,265,180,263,302
TLL,Wales,75,Veterinary activities,81,100,117,156,163,176,166,178,155,165,255,242,230,215,201,198,150,139,149,157,183,143,199,242,225,201
TLL,Wales,N (77-82),Administrative and support service activities,"1,306","1,299","1,241","1,315","1,388","1,469","1,532","1,655","1,817","1,939","2,006","1,948","1,849","1,837","1,906","2,057","2,322","2,442","2,520","2,626","2,719","2,597","2,233","2,154","2,480","2,641"
TLL,Wales,77,Rental and leasing activities,484,483,474,488,509,532,479,535,573,613,565,601,541,471,475,522,554,570,607,602,632,650,542,581,516,584
TLL,Wales,78,Employment activities,215,252,259,264,260,307,348,378,425,460,501,477,460,464,474,550,637,687,639,700,748,653,655,736,831,766
TLL,Wales,79,Travel agency and tour operator activities,330,262,168,131,112,98,103,118,144,163,167,137,118,95,83,76,93,101,124,136,133,153,71,62,133,111
TLL,Wales,80,Security and investigation activities,82,70,72,74,77,76,69,71,71,75,73,71,68,81,87,87,105,119,125,165,182,164,134,129,155,158
TLL,Wales,81,Services to buildings and landscape activities,171,174,152,149,150,143,162,174,186,189,225,236,241,282,299,317,321,320,328,326,335,387,253,272,391,399
TLL,Wales,82,Office administration and business support activities,207,192,195,274,345,376,422,435,483,512,525,471,452,446,487,502,606,635,701,692,684,589,579,392,453,623
TLL,Wales,O (84),Public administration and defence,"3,995","4,073","3,996","4,324","4,533","4,534","4,639","4,596","4,652","4,884","4,785","5,152","4,963","5,064","4,980","5,147","5,136","4,919","5,108","5,242","5,255","5,799","5,928","6,034","6,288","6,502"
TLL,Wales,P (85),Education,"4,923","5,235","5,264","5,293","5,097","5,057","5,173","5,092","4,747","4,785","4,530","4,501","4,522","4,658","4,818","4,686","4,503","4,576","4,621","4,571","4,611","4,874","3,947","4,548","4,778","4,804"
TLL,Wales,Q (86-88),Human health and social work activities,"6,934","6,690","7,276","8,026","8,223","8,832","9,072","9,490","8,852","8,965","9,047","8,528","8,710","9,036","8,837","9,063","8,933","9,167","9,565","9,929","9,766","9,518","6,899","8,053","8,768","8,754"
TLL,Wales,86,Human health activities,"5,269","5,089","5,594","6,113","6,024","6,745","7,001","7,265","6,868","7,095","7,338","6,651","6,691","6,819","6,465","6,602","6,457","6,463","6,596","7,058","7,126","6,962","4,131","5,111","5,258","5,085"
TLL,Wales,87,Residential care activities,"1,188","1,130","1,209","1,323","1,540","1,410","1,425","1,539","1,323","1,325","1,188","1,340","1,395","1,504","1,573","1,605","1,610","1,772","1,944","1,865","1,691","1,676","1,615","1,678","2,019","2,178"
TLL,Wales,88,Social work activities,792,774,805,952,"1,008","1,079","1,065","1,120","1,074",980,985,941,"1,026","1,125","1,185","1,247","1,244","1,291","1,368","1,404","1,384","1,308","1,222","1,279","1,492","1,490"
TLL,Wales,R (90-93),"Arts, entertainment and recreation",897,889,942,904,888,"1,035","1,116","1,117","1,143","1,042",993,929,892,983,"1,055","1,053","1,032",947,829,862,828,822,568,741,780,764
TLL,Wales,90,"Creative, arts and entertainment activities",174,181,220,186,138,116,119,118,135,136,131,126,136,144,173,167,142,141,118,110,97,94,63,159,59,68
TLL,Wales,91,"Libraries, archives, museums and other cultural activities",75,73,77,71,74,90,114,109,115,110,96,103,100,98,100,110,105,102,86,86,79,83,58,75,60,66
TLL,Wales,92,Gambling and betting activities,265,256,217,239,235,282,301,304,268,250,253,217,204,299,292,303,301,214,133,169,140,160,112,183,142,136
TLL,Wales,93,"Sports, amusement and recreation activities",398,390,425,415,449,562,594,600,631,552,521,486,454,454,501,484,496,495,493,501,513,488,337,326,518,494
TLL,Wales,S (94-96),Other service activities,"1,177","1,104","1,110","1,064","1,084","1,029","1,042","1,029","1,057","1,033",981,969,987,976,963,989,"1,028","1,057","1,133","1,173","1,245","1,189",973,"1,064","1,219","1,152"
TLL,Wales,94,Activities of membership organisations,359,323,326,301,325,311,314,317,314,288,263,257,267,272,261,284,265,267,253,234,216,226,199,278,328,338
TLL,Wales,95,"Repair of computers, personal and household goods",92,87,85,84,81,74,80,74,84,75,69,26,28,29,29,32,39,40,43,43,43,42,58,30,61,58
TLL,Wales,96,Other personal service activities,716,686,692,672,670,637,640,631,651,664,644,680,686,667,667,664,719,747,837,898,992,926,720,756,830,755
TLL,Wales,T (97-98),Activities of households ,66,71,87,103,101,84,87,105,88,60,59,123,144,198,154,193,179,195,182,221,252,200,164,161,167,104
TLM,Scotland,Total,All industries,"112,749","114,295","118,328","122,867","124,460","128,253","132,498","137,345","141,842","145,185","147,329","142,595","143,242","145,327","147,443","151,086","155,861","157,361","158,021","163,282","163,026","165,620","147,123","160,321","166,866","168,245"
TLM,Scotland,A-E,Production sector,"19,651","19,699","20,254","21,553","22,398","23,023","23,829","24,652","27,256","26,461","27,166","25,974","24,340","23,833","24,077","24,827","26,265","27,856","27,257","27,448","27,143","28,161","29,243","29,149","27,632","26,679"
TLM,Scotland,A (1-3),"Agriculture, forestry and fishing","1,803","2,049","2,345","2,518","2,799","2,784","2,598","2,843","3,112","2,853","2,873","2,689","2,260","2,571","2,152","2,274","3,124","2,673","2,581","2,920","2,476","2,947","2,995","2,865","3,016","2,990"
TLM,Scotland,1,Agriculture and hunting,"1,331","1,514","1,861","1,925","2,185","2,222","2,016","2,187","2,476","2,278","2,190","1,884","1,607","2,010","1,479","1,576","2,215","1,894","1,823","2,135","1,763","2,065","1,966","2,039","2,161","2,074"
TLM,Scotland,2,Forestry and logging,314,465,517,550,627,721,727,601,575,557,714,911,612,488,618,571,467,499,471,431,334,404,466,334,298,313
TLM,Scotland,3,Fishing and aquaculture,313,323,257,332,330,273,300,369,364,324,381,438,381,328,333,364,543,426,422,446,433,544,619,495,557,604
TLM,Scotland,B (5-9),Mining and quarrying,"1,449","1,318","1,192","1,236","1,346","1,236","1,351","1,420","1,892","2,022","2,305","2,062","2,086","1,788","2,083","1,965","2,144","3,712","2,824","2,376","2,045","2,169","2,210","1,966","1,563","1,386"
TLM,Scotland,5-8,"Mining and quarrying, excluding support activities",468,411,337,370,489,468,458,468,554,463,252,243,215,273,382,374,354,286,408,393,435,287,226,285,264,167
TLM,Scotland,9,Mining support service activities,"1,301","1,192","1,098","1,126","1,177","1,070","1,202","1,270","1,733","1,935","2,420","2,147","2,204","1,791","2,031","1,906","2,113","3,905","2,660","2,148","1,673","1,983","2,113","1,702","1,300","1,218"
TLM,Scotland,C (10-33),Manufacturing,"10,566","10,578","11,145","11,819","12,338","12,602","13,573","14,137","15,872","15,503","16,007","15,240","14,408","14,160","14,422","14,974","15,875","15,543","15,253","15,358","15,966","15,952","16,205","17,548","16,944","16,383"
TLM,Scotland,CA (10-12),"Manufacture of food, beverages and tobacco","2,707","2,663","2,680","2,647","2,762","3,044","3,543","3,575","4,090","4,027","4,179","4,358","3,650","3,687","3,459","3,589","3,763","3,774","3,884","4,183","4,621","4,461","4,252","4,780","4,782","4,832"
TLM,Scotland,10,Manufacture of food products,"1,815","1,664","1,605","1,628","1,616","1,704","1,940","1,712","1,843","1,753","1,543","1,721","1,435","1,446","1,460","1,648","1,599","1,490","1,739","1,620","1,813","1,765","1,461","1,620","1,439","1,433"
TLM,Scotland,11-12,Manufacture of beverages and tobacco products,"1,024","1,107","1,172","1,120","1,246","1,439","1,712","1,929","2,316","2,336","2,675","2,683","2,254","2,280","2,035","1,977","2,218","2,338","2,179","2,591","2,838","2,725","2,800","3,169","3,343","3,399"
TLM,Scotland,CB (13-15),"Manufacture of textiles, wearing apparel and leather",259,259,258,264,283,275,261,265,309,330,313,402,503,366,427,435,472,542,438,509,489,556,352,532,567,492
TLM,Scotland,13,Manufacture of textiles,116,124,128,138,156,146,130,129,153,175,171,226,263,186,209,202,204,238,253,280,252,295,201,353,335,264
TLM,Scotland,14,Manufacture of wearing apparel,119,109,102,100,97,103,102,110,121,118,102,129,194,146,183,206,243,284,152,199,210,221,127,147,199,197
TLM,Scotland,15,Manufacture of leather products,21,23,27,22,27,20,29,26,35,30,34,35,37,30,34,32,44,37,33,35,35,48,27,21,33,31
TLM,Scotland,CC (16-18),Manufacture of wood and paper products and printing,885,929,878,934,955,985,"1,124","1,172","1,203","1,329","1,392","1,134","1,192","1,010","1,071","1,157","1,236","1,278","1,410","1,399","1,424","1,395","1,117","1,333","1,238","1,107"
TLM,Scotland,16,"Manufacture of wood products, except furniture",404,406,392,411,414,415,530,530,591,677,736,567,640,567,576,626,694,832,948,836,863,785,622,682,715,665
TLM,Scotland,17,Manufacture of paper products,240,283,252,269,302,314,348,361,320,393,381,311,345,261,287,306,304,284,275,313,337,371,286,409,329,275
TLM,Scotland,18,Printing and reproduction of recorded media,225,209,210,224,208,217,230,251,274,260,280,246,216,198,215,233,253,209,246,274,252,245,213,235,194,167
TLM,Scotland,CD-CE (19-20),"Manufacture of coke, refined petroleum and chemicals",610,643,726,791,877,945,960,"1,194","1,321","1,085","1,150","1,285",909,572,763,756,903,"1,360","1,359","1,225","1,138","1,170","1,998","1,626","1,215","1,006"
TLM,Scotland,CF (21),Manufacture of pharmaceutical products,890,904,901,805,659,639,620,659,834,797,785,650,858,895,887,854,894,"1,033",964,941,"1,046","1,143","1,369","1,551","1,670","1,525"
TLM,Scotland,CG (22-23),"Manufacture of rubber, plastic and non-metallic minerals ",926,"1,004","1,045","1,101","1,006","1,051","1,087","1,106","1,113","1,127","1,017",893,975,957,949,"1,088","1,083","1,099",989,898,894,920,866,920,855,769
TLM,Scotland,22,Manufacture of rubber and plastic products,434,503,501,550,478,512,550,558,550,566,528,506,547,542,539,643,605,634,534,496,495,527,467,526,438,404
TLM,Scotland,23,Manufacture of other non-metallic mineral products,512,514,563,566,549,558,551,561,579,575,500,391,433,418,413,440,484,466,458,403,400,391,400,388,417,365
TLM,Scotland,CH (24-25),Manufacture of basic and fabricated metal products,"1,544","1,511","1,547","1,631","1,597","1,583","1,429","1,540","1,716","1,774","1,769","1,454","1,377","1,532","1,652","1,690","1,809","1,699","1,729","1,567","1,439","1,379","1,503","1,369","1,271","1,329"
TLM,Scotland,24,Manufacture of basic metals,400,489,455,516,449,415,347,391,355,367,285,181,184,176,204,198,274,363,394,305,226,192,319,130,230,252
TLM,Scotland,25,Manufacture of fabricated metal products,"1,217","1,110","1,171","1,207","1,223","1,236","1,137","1,212","1,418","1,466","1,526","1,300","1,222","1,386","1,480","1,523","1,580","1,403","1,412","1,313","1,243","1,208","1,231","1,212","1,041","1,077"
TLM,Scotland,CI (26),"Manufacture of computer, electronic and optical products",520,487,610,772,993,894,"1,121","1,148","1,391","1,239","1,436","1,276","1,014","1,117","1,113","1,129","1,223","1,008","1,165","1,206","1,312","1,308","1,137","1,386","1,231","1,211"
TLM,Scotland,CJ (27),Manufacture of electrical equipment,465,442,464,584,578,584,525,487,514,497,449,381,323,387,471,470,494,371,288,276,258,365,660,473,410,357
TLM,Scotland,CK (28),Manufacture of machinery and equipment,"1,178","1,197","1,244","1,279","1,436","1,427","1,452","1,473","1,538","1,641","1,648","1,281","1,368","1,382","1,291","1,399","1,418","1,210","1,025",980,"1,049",985,"1,130","1,331","1,178","1,160"
TLM,Scotland,CL (29-30),Manufacture of transport equipment,528,576,623,621,572,609,686,718,816,740,812,727,730,710,587,608,619,513,530,645,623,661,621,768,783,762
TLM,Scotland,29,Manufacture of motor vehicles,146,126,178,156,120,122,119,152,187,185,257,206,225,222,193,228,278,262,244,297,253,239,235,332,321,297
TLM,Scotland,30,Manufacture of other transport equipment,347,401,405,420,403,433,500,506,565,503,522,479,471,456,373,372,353,274,297,361,375,421,385,437,462,465
TLM,Scotland,CM (31-33),"Other manufacturing, repair and installation","1,147","1,151","1,112","1,117","1,047","1,082","1,129","1,154","1,320","1,314","1,405","1,562","1,765","1,842","2,055","2,138","2,308","2,012","1,782","1,742","1,844","1,776","1,520","1,579","1,744","1,834"
TLM,Scotland,31,Manufacture of furniture,129,118,128,138,136,151,138,147,171,172,161,128,128,129,114,127,135,110,108,116,114,110,87,93,97,94
TLM,Scotland,32,Other manufacturing,242,252,271,311,288,328,357,364,422,408,394,379,441,467,474,394,459,483,404,364,382,332,334,507,492,435
TLM,Scotland,33,Repair and installation of machinery and equipment,774,780,703,650,605,581,614,622,702,707,823,"1,033","1,177","1,227","1,443","1,575","1,673","1,397","1,245","1,233","1,317","1,300","1,077",983,"1,155","1,304"
TLM,Scotland,D (35),"Electricity, gas, steam and air conditioning supply","5,242","5,143","3,956","4,813","4,655","5,846","5,355","5,033","4,979","4,594","4,359","4,376","4,033","3,923","4,458","4,856","4,386","5,070","5,279","5,101","4,584","5,059","5,619","4,403","3,597","3,446"
TLM,Scotland,E (36-39),Water supply; sewerage and waste management,"3,065","3,003","3,296","3,175","3,005","2,977","2,806","2,836","2,765","2,668","2,686","2,686","2,484","2,394","1,969","1,870","1,903","2,000","2,155","2,340","2,459","2,521","2,733","2,670","2,512","2,474"
TLM,Scotland,36,Water supply,"1,220","1,241","1,394","1,457","1,408","1,456","1,310","1,232","1,332","1,333","1,389","1,269","1,248","1,214","1,030","1,000",990,"1,026","1,066","1,109","1,200","1,280","1,400","1,198","1,234","1,125"
TLM,Scotland,37,Sewerage activities,731,760,916,845,818,664,641,624,654,542,541,443,436,435,367,328,305,313,335,429,457,423,490,543,425,417
TLM,Scotland,38,"Waste collection, treatment and disposal activities","1,258","1,088","1,031",909,810,892,888,"1,004",787,794,762,973,775,721,552,522,579,623,721,768,766,775,802,905,803,876
TLM,Scotland,39,Remediation and other waste management services,27,29,22,19,16,15,11,12,13,14,10,11,10,11,17,18,26,36,35,31,33,41,35,25,51,55
TLM,Scotland,F (41-43),Construction,"11,165","11,596","11,181","10,579","10,488","10,334","10,439","10,268","10,738","10,548","10,088","8,251","8,840","9,259","9,174","9,717","9,813","9,953","9,678","10,204","9,540","9,277","7,727","9,029","9,614","10,130"
TLM,Scotland,41,Construction of buildings,"3,641","3,792","3,663","3,717","3,922","3,708","3,806","3,730","3,867","3,779","2,794","1,841","2,016","2,145","2,155","2,331","2,159","2,204","2,185","2,392","2,356","2,357","1,664","2,311","2,467","2,852"
TLM,Scotland,42,Civil engineering,"2,734","2,753","2,678","2,325","2,078","2,014","2,071","1,987","2,044","1,913","2,015","2,125","2,287","2,249","2,266","2,314","2,287","2,289","2,046","2,156","2,129","2,014","1,937","1,821","1,915","1,781"
TLM,Scotland,43,Specialised construction activities,"4,833","5,093","4,879","4,573","4,534","4,662","4,606","4,602","4,885","4,931","5,308","4,273","4,520","4,857","4,742","5,066","5,366","5,462","5,461","5,670","5,062","4,908","4,148","4,897","5,232","5,497"
TLM,Scotland,G-T,Services sector,"83,195","84,519","88,253","91,634","92,286","95,527","98,831","102,957","104,298","108,632","110,501","108,864","110,736","113,080","115,047","117,412","120,538","120,096","121,676","126,263","127,004","128,841","110,577","122,358","129,620","131,436"
TLM,Scotland,G (45-47),Wholesale and retail trade; repair of motor vehicles,"14,085","13,717","14,189","14,539","14,305","13,922","14,353","14,854","15,824","15,801","16,240","15,094","16,231","16,382","16,579","16,601","17,880","17,270","16,603","16,985","16,415","15,985","12,765","14,448","14,565","14,414"
TLM,Scotland,45,Motor trades,"2,856","2,608","2,472","2,325","2,135","1,985","1,920","1,942","1,743","1,877","1,894","1,705","2,183","1,981","2,278","2,433","2,533","2,460","2,305","2,501","2,456","2,240","1,659","1,868","1,881","2,088"
TLM,Scotland,46,Wholesale trade,"3,349","3,089","3,221","3,210","3,304","3,337","3,605","4,025","4,847","4,671","4,936","4,781","4,753","5,073","4,941","4,741","5,603","5,322","5,055","4,928","4,807","4,824","3,452","4,246","4,646","4,489"
TLM,Scotland,47,Retail trade,"8,190","8,345","8,780","9,266","9,060","8,745","8,939","8,955","9,263","9,280","9,436","8,636","9,331","9,362","9,384","9,442","9,840","9,565","9,294","9,599","9,202","8,957","7,687","8,336","8,038","7,838"
TLM,Scotland,H (49-53),Transportation and storage,"5,724","6,123","6,469","6,731","6,347","6,415","6,523","6,453","6,492","6,503","6,775","6,140","6,298","6,716","6,595","6,794","6,874","6,312","6,362","6,358","6,322","6,343","4,175","4,573","5,911","6,043"
TLM,Scotland,49,Land transport,"2,775","2,987","2,939","3,204","2,957","3,080","2,988","2,776","2,817","2,941","2,824","2,423","2,535","2,703","2,500","2,590","2,812","2,521","2,669","2,441","2,451","2,467","1,229","1,719","2,373","2,388"
TLM,Scotland,50,Water transport,518,732,"1,061","1,092",880,930,"1,252","1,248",887,648,878,634,691,863,977,"1,023",874,829,717,681,610,601,303,450,544,501
TLM,Scotland,51,Air transport,65,70,81,56,60,68,76,89,122,153,148,113,147,164,202,245,295,190,214,232,330,383,88,89,232,384
TLM,Scotland,52,Warehousing and transport support activities,"1,939","1,847","1,928","1,984","1,949","1,893","1,767","1,746","1,891","1,913","2,191","2,245","2,182","2,331","2,286","2,292","2,387","2,350","2,363","2,544","2,474","2,439","2,007","1,827","2,077","2,112"
TLM,Scotland,53,Postal and courier activities,"1,065","1,148","1,172","1,223","1,256","1,147","1,154","1,287","1,306","1,265","1,229","1,200","1,193","1,151","1,116","1,133",964,868,821,886,853,854,819,752,685,659
TLM,Scotland,I (55-56),Accommodation and food service activities,"5,121","4,987","4,966","4,899","4,984","5,121","5,284","5,462","5,315","5,166","5,141","4,859","4,897","4,987","5,238","5,673","5,408","5,325","5,532","5,724","5,619","5,816","3,478","4,173","5,217","5,071"
TLM,Scotland,55,Accommodation,"1,491","1,546","1,428","1,365","1,565","1,718","1,776","1,839","1,805","1,693","1,617","1,472","1,538","1,733","1,981","2,216","2,116","2,113","2,253","2,127","2,184","2,270","1,086","1,572","1,892","1,682"
TLM,Scotland,56,Food and beverage service activities,"3,648","3,456","3,552","3,547","3,426","3,408","3,514","3,628","3,513","3,481","3,537","3,403","3,370","3,261","3,266","3,468","3,303","3,225","3,295","3,606","3,443","3,555","2,382","2,604","3,325","3,390"
TLM,Scotland,J (58-63),Information and communication,509,562,766,909,"1,056","1,236","1,372","1,421","1,390","1,553","1,598","1,859","1,991","2,211","2,319","2,583","2,916","3,411","3,742","4,093","4,762","5,056","5,552","6,102","6,335","6,211"
TLM,Scotland,58,Publishing activities,379,390,397,422,443,511,591,588,611,616,490,503,463,398,415,418,389,396,361,339,312,278,266,231,252,238
TLM,Scotland,59,"Motion picture, video and TV programme production",245,256,273,259,264,315,367,309,301,334,386,409,417,471,499,706,721,827,747,486,564,565,472,438,592,486
TLM,Scotland,60,Programming and broadcasting activities,603,604,"1,059","1,009",984,"1,070","1,176",955,164,193,195,249,220,179,110,104,83,88,138,142,125,123,169,191,173,156
TLM,Scotland,61,Telecommunications,12,15,23,34,42,50,57,65,85,103,123,161,193,242,263,286,355,468,600,771,"1,103","1,277","1,668","2,222","2,274","2,393"
TLM,Scotland,62,Computer programming and consultancy,574,584,703,842,"1,076","1,333","1,407","1,601","1,594","1,669","1,545","1,625","1,616","1,683","1,728","1,906","2,173","2,387","2,460","2,715","2,682","2,767","2,889","2,830","2,812","2,736"
TLM,Scotland,63,Information service activities,170,158,180,190,195,181,174,189,220,240,205,197,197,195,226,227,206,206,223,239,294,280,184,193,233,203
TLM,Scotland,K (64-66),Financial and insurance activities,"8,960","9,159","10,177","10,362","10,834","11,285","11,621","13,549","11,465","15,766","16,150","15,451","15,154","13,392","14,263","13,907","13,833","13,456","14,563","15,627","15,338","15,279","13,980","13,883","14,346","14,239"
TLM,Scotland,64,Financial service activities,"4,303","4,301","4,310","4,851","6,408","7,296","9,347","9,685","10,255","11,524","10,991","9,554","9,006","7,932","8,804","9,384","9,025","8,681","10,378","9,641","9,485","10,127","8,922","8,317","8,302","7,968"
TLM,Scotland,65,Insurance and pension funding,"3,602","3,817","4,610","4,456","3,702","3,561","2,894","3,964","2,199","3,939","4,031","4,131","4,242","3,759","3,733","3,148","3,267","3,081","2,920","4,004","3,734","2,905","2,822","3,068","3,397","3,753"
TLM,Scotland,66,Activities auxiliary to finance and insurance,"1,025",971,"1,044",937,"1,195","1,192","1,025",970,"1,203","1,167","1,629","1,767","1,697","1,508","1,699","1,750","1,760","1,908","1,797","2,018","2,158","2,351","2,258","2,499","2,646","2,518"
TLM,Scotland,L (68),Real estate activities,"10,391","11,015","10,998","10,649","10,955","11,529","11,648","11,780","13,000","12,381","12,397","13,543","14,177","15,280","15,909","16,743","16,841","17,069","17,314","18,030","17,880","19,144","19,348","19,405","19,928","20,433"
TLM,Scotland,68IMP,Owner-occupiers' imputed rental,"7,611","8,125","8,292","7,954","8,325","8,720","8,884","8,919","10,119","9,526","9,690","10,568","11,159","11,535","11,610","12,113","12,122","12,391","12,561","13,235","13,365","14,408","14,716","14,846","14,955","15,513"
TLM,Scotland,68,"Real estate activities, excluding imputed rental","2,851","2,953","2,745","2,739","2,661","2,845","2,794","2,898","2,900","2,880","2,721","2,992","3,041","3,727","4,254","4,575","4,657","4,624","4,697","4,753","4,503","4,733","4,644","4,581","4,972","4,920"
TLM,Scotland,M (69-75),"Professional, scientific and technical activities","5,807","5,750","6,041","6,513","6,650","7,440","8,276","8,513","9,361","9,559","9,935","9,540","10,015","10,048","10,026","10,198","10,513","10,476","10,037","10,390","10,556","10,253","8,846","9,821","11,228","11,239"
TLM,Scotland,69,Legal and accounting activities,"2,004","1,972","2,059","2,329","2,207","2,413","2,671","2,605","2,880","2,734","2,602","2,596","2,641","2,649","2,743","2,903","2,920","2,750","2,739","2,961","2,697","2,774","2,486","2,676","2,986","2,913"
TLM,Scotland,70,Head offices and management consultancy,553,497,610,723,669,652,641,737,793,877,881,760,730,706,682,767,835,837,866,911,930,955,724,920,"1,032","1,080"
TLM,Scotland,71,Architectural and engineering activities,"1,513","1,539","1,588","1,648","1,796","1,954","2,159","2,197","2,501","2,705","3,209","3,052","3,108","2,957","2,933","3,283","3,382","3,245","2,812","2,758","2,767","2,680","2,308","2,755","3,105","3,093"
TLM,Scotland,72,Scientific research and development,848,849,789,779,907,"1,229","1,543","1,677","1,551","1,703","1,797","1,804","2,445","2,703","2,638","1,877","2,054","2,314","2,287","2,300","2,858","2,557","2,203","2,279","2,565","2,691"
TLM,Scotland,73,Advertising and market research,233,270,297,332,381,515,598,607,768,693,515,451,406,438,445,445,394,449,380,442,453,372,248,281,452,404
TLM,Scotland,74,"Other professional, scientific and technical activities",384,361,400,415,429,489,504,500,526,509,445,406,401,430,434,497,528,510,596,614,505,560,550,526,633,656
TLM,Scotland,75,Veterinary activities,191,177,163,111,102,85,112,180,217,225,325,350,324,297,268,273,267,292,319,375,347,351,323,382,454,403
TLM,Scotland,N (77-82),Administrative and support service activities,"3,533","3,596","3,598","3,990","3,928","4,259","4,479","4,775","5,052","5,234","5,550","5,391","5,312","5,576","5,811","6,279","6,589","6,670","6,525","6,604","6,917","6,941","5,954","6,499","6,871","7,191"
TLM,Scotland,77,Rental and leasing activities,"1,382","1,526","1,504","1,654","1,664","1,663","1,620","1,744","1,741","1,775","1,782","1,772","1,714","1,620","1,759","1,918","1,854","1,931","1,816","2,049","1,865","1,986","1,618","1,838","1,814","1,934"
TLM,Scotland,78,Employment activities,804,822,871,971,929,978,995,"1,005","1,177","1,231","1,323","1,242","1,195","1,276","1,328","1,413","1,495","1,496","1,355","1,317","1,518","1,539","1,521","1,495","1,521","1,308"
TLM,Scotland,79,Travel agency and tour operator activities,758,689,577,573,445,385,370,429,541,623,619,521,514,572,624,649,788,787,831,781,826,774,301,283,570,673
TLM,Scotland,80,Security and investigation activities,149,171,187,211,189,189,185,193,190,186,176,156,138,144,142,138,148,158,151,187,213,192,223,202,207,200
TLM,Scotland,81,Services to buildings and landscape activities,262,256,254,303,293,335,440,505,515,535,667,729,802,921,953,"1,087","1,045","1,038","1,136","1,013","1,078","1,155","1,100","1,206","1,307","1,445"
TLM,Scotland,82,Office administration and business support activities,555,473,468,527,614,904,"1,036","1,079","1,065","1,076","1,125","1,080","1,037","1,080","1,060","1,131","1,299","1,319","1,259","1,356","1,445","1,339","1,207","1,504","1,452","1,632"
TLM,Scotland,O (84),Public administration and defence,"8,633","8,765","8,924","9,450","9,034","9,215","9,307","9,682","9,612","10,124","9,688","9,616","9,627","9,971","9,813","9,637","10,164","9,782","10,492","10,892","10,858","11,143","10,748","11,525","11,576","11,859"
TLM,Scotland,P (85),Education,"11,057","11,204","11,477","11,500","11,077","10,794","10,569","10,387","10,062","9,786","9,700","9,280","9,011","9,258","9,383","9,262","9,299","9,204","8,999","9,024","9,255","10,103","8,595","10,025","11,116","11,092"
TLM,Scotland,Q (86-88),Human health and social work activities,"13,239","12,955","13,337","14,771","14,683","15,284","15,938","17,391","17,416","17,659","18,359","17,558","17,361","17,801","17,595","17,799","18,243","18,815","19,102","19,979","19,935","19,172","14,175","17,756","17,682","18,687"
TLM,Scotland,86,Human health activities,"10,852","10,489","10,899","12,572","12,450","13,065","13,572","14,387","14,715","14,561","14,518","13,617","13,468","13,712","13,512","13,354","13,909","14,327","14,630","15,333","15,109","14,446","9,067","12,254","11,682","12,306"
TLM,Scotland,87,Residential care activities,"1,482","1,486","1,522","1,364","1,337","1,302","1,478","1,785","1,707","1,864","2,014","2,146","2,046","2,287","2,058","2,022","2,236","2,276","2,108","2,141","2,119","2,141","2,361","2,158","2,259","2,400"
TLM,Scotland,88,Social work activities,"1,628","1,685","1,646","1,676","1,726","1,791","1,797","2,171","1,985","2,197","2,733","2,628","2,673","2,640","2,846","3,196","2,929","3,065","3,250","3,437","3,594","3,418","2,937","3,376","3,741","3,981"
TLM,Scotland,R (90-93),"Arts, entertainment and recreation","1,952","2,019","1,928","2,031","2,256","2,438","2,851","2,718","2,904","2,732","2,974","2,844","2,670","3,008","2,817","2,879","2,605","2,381","2,120","2,201","2,134","2,226","1,564","1,783","2,310","2,342"
TLM,Scotland,90,"Creative, arts and entertainment activities",225,212,249,218,257,258,282,261,305,289,265,338,348,382,378,356,272,240,258,271,278,287,273,537,542,535
TLM,Scotland,91,"Libraries, archives, museums and other cultural activities",158,179,195,212,224,241,254,246,268,264,294,263,249,224,235,227,215,227,238,210,232,229,195,231,248,257
TLM,Scotland,92,Gambling and betting activities,714,708,548,734,835,970,"1,324","1,307","1,314","1,233","1,491","1,394","1,177","1,493","1,278","1,358","1,256","1,063",705,772,680,750,460,411,590,571
TLM,Scotland,93,"Sports, amusement and recreation activities",850,907,880,849,925,967,"1,025",944,"1,044",969,970,888,912,951,951,971,894,873,922,952,946,963,639,605,930,979
TLM,Scotland,S (94-96),Other service activities,"2,584","2,370","2,321","2,310","2,481","2,404","2,396","2,256","2,223","2,146","2,074","2,132","2,067","2,031","2,139","2,222","2,260","2,318","2,465","2,563","2,752","2,643","2,001","2,276","2,388","2,479"
TLM,Scotland,94,Activities of membership organisations,612,526,550,561,644,651,636,611,585,533,463,491,445,345,312,339,336,294,326,342,339,333,318,528,513,564
TLM,Scotland,95,"Repair of computers, personal and household goods",294,263,239,216,240,189,187,164,139,109,136,149,163,197,178,205,251,252,293,306,294,244,157,166,152,151
TLM,Scotland,96,Other personal service activities,"1,646","1,557","1,505","1,506","1,563","1,532","1,542","1,451","1,471","1,479","1,457","1,471","1,443","1,491","1,657","1,687","1,687","1,791","1,868","1,938","2,142","2,085","1,533","1,581","1,723","1,765"
TLM,Scotland,T (97-98),Activities of households ,162,179,204,212,185,134,151,166,173,138,115,189,234,201,244,239,233,252,281,281,271,362,227,207,148,134
TLN,Northern Ireland,Total,All industries,"34,512","35,857","38,268","39,147","39,405","41,164","42,113","43,497","44,772","44,531","43,255","41,216","40,655","41,387","42,233","42,811","43,702","44,177","46,116","47,169","47,460","49,047","43,793","49,270","50,701","51,465"
TLN,Northern Ireland,A-E,Production sector,"6,592","6,946","7,528","7,700","7,918","8,171","8,334","8,578","8,850","8,618","8,493","8,209","7,731","7,384","7,817","8,389","8,457","8,973","8,905","8,193","8,232","9,007","8,999","8,960","8,431","8,211"
TLN,Northern Ireland,A (1-3),"Agriculture, forestry and fishing",671,771,986,"1,087","1,113","1,021",967,970,960,923,899,762,616,818,627,678,933,751,821,"1,107",824,863,943,899,954,826
TLN,Northern Ireland,1,Agriculture and hunting,658,756,974,"1,064","1,089",996,942,947,940,900,868,724,574,772,555,608,846,674,758,"1,044",764,792,884,856,899,772
TLN,Northern Ireland,2,Forestry and logging,21,30,26,33,44,55,47,40,42,41,55,65,66,37,50,33,17,20,23,20,16,22,23,16,21,20
TLN,Northern Ireland,3,Fishing and aquaculture,14,15,15,23,23,21,22,21,19,20,23,25,28,40,45,50,68,58,44,41,41,49,39,27,33,34
TLN,Northern Ireland,B (5-9),Mining and quarrying,70,63,70,73,86,81,85,93,122,96,53,62,69,88,137,142,132,128,136,108,143,164,159,178,167,134
TLN,Northern Ireland,5-8,"Mining and quarrying, excluding support activities",71,64,71,74,86,82,86,94,123,96,54,62,69,88,137,143,132,126,135,107,142,161,155,174,163,129
TLN,Northern Ireland,9,Mining support service activities,0,0,0,0,0,0,0,0,0,0,0,0,0,1,1,1,1,3,1,1,1,3,5,5,3,4
TLN,Northern Ireland,C (10-33),Manufacturing,"4,735","4,936","5,240","5,187","5,377","5,636","5,824","6,059","6,400","6,282","6,294","6,157","6,000","5,595","6,011","6,497","6,347","6,861","6,681","5,742","5,994","6,593","6,452","6,403","5,905","5,938"
TLN,Northern Ireland,CA (10-12),"Manufacture of food, beverages and tobacco","3,573","3,109","3,126","2,626","2,799","2,809","2,923","2,780","2,774","2,655","2,462","2,753","2,477","2,021","2,162","2,287","2,271","2,352","2,392","1,320","1,244","1,404","1,169","1,180","1,308","1,257"
TLN,Northern Ireland,10,Manufacture of food products,749,711,738,675,637,799,829,770,846,905,800,788,658,620,617,883,"1,081",999,"1,261",813,"1,191","1,352","1,055","1,066","1,214","1,166"
TLN,Northern Ireland,11-12,Manufacture of beverages and tobacco products,"5,252","4,349","4,300","3,449","3,920","3,461","3,607","3,481","3,200","2,794","2,694","3,286","3,072","2,245","2,534","2,092","1,586","1,850","1,409",624,60,59,119,119,94,91
TLN,Northern Ireland,CB (13-15),"Manufacture of textiles, wearing apparel and leather",137,150,139,139,137,117,96,86,99,106,90,125,168,125,144,114,111,139,136,198,208,280,187,272,279,264
TLN,Northern Ireland,13,Manufacture of textiles,57,66,64,72,75,54,51,51,57,66,56,72,66,52,67,57,54,76,93,131,131,171,104,188,162,145
TLN,Northern Ireland,14,Manufacture of wearing apparel,79,84,74,66,62,64,44,34,41,38,31,52,116,81,85,61,61,64,41,65,77,109,84,74,118,119
TLN,Northern Ireland,15,Manufacture of leather products,6,6,6,4,3,1,1,1,1,1,1,2,1,1,1,1,2,1,1,1,1,1,0,1,0,0
TLN,Northern Ireland,CC (16-18),Manufacture of wood and paper products and printing,190,192,206,201,223,266,300,337,335,383,403,341,307,273,298,340,331,378,409,402,434,506,451,398,337,311
TLN,Northern Ireland,16,"Manufacture of wood products, except furniture",119,121,132,125,135,160,201,207,207,214,220,158,150,140,141,133,139,184,203,186,194,236,222,170,173,163
TLN,Northern Ireland,17,Manufacture of paper products,50,54,54,54,66,82,85,100,90,122,116,107,98,77,91,121,113,121,126,138,150,175,159,137,96,91
TLN,Northern Ireland,18,Printing and reproduction of recorded media,37,33,38,37,37,43,44,56,62,68,84,80,66,63,69,81,77,78,86,78,88,95,74,90,68,56
TLN,Northern Ireland,CD-CE (19-20),"Manufacture of coke, refined petroleum and chemicals",111,122,115,104,101,119,91,113,127,121,130,122,96,73,140,179,220,367,259,227,262,319,351,380,261,209
TLN,Northern Ireland,CF (21),Manufacture of pharmaceutical products,147,144,158,131,142,129,146,155,179,177,260,268,270,281,264,295,257,324,269,283,322,282,261,325,299,406
TLN,Northern Ireland,CG (22-23),"Manufacture of rubber, plastic and non-metallic minerals ",425,489,565,594,570,702,837,932,895,769,689,624,679,603,667,784,741,728,636,587,590,645,765,746,660,618
TLN,Northern Ireland,22,Manufacture of rubber and plastic products,194,222,257,284,258,327,409,427,425,347,302,258,268,250,269,341,334,369,292,288,255,287,332,362,284,268
TLN,Northern Ireland,23,Manufacture of other non-metallic mineral products,240,278,320,317,326,386,432,523,482,437,403,383,433,369,420,457,417,359,347,297,338,360,436,378,376,350
TLN,Northern Ireland,CH (24-25),Manufacture of basic and fabricated metal products,256,311,346,405,384,414,442,502,484,460,471,376,378,378,400,456,465,563,602,583,668,722,740,652,679,712
TLN,Northern Ireland,24,Manufacture of basic metals,30,47,52,73,56,59,60,53,41,47,35,28,40,57,71,63,66,78,85,90,86,88,159,107,152,158
TLN,Northern Ireland,25,Manufacture of fabricated metal products,228,267,298,338,332,359,385,452,445,416,436,348,341,324,331,392,399,484,517,495,580,630,587,538,528,554
TLN,Northern Ireland,CI (26),"Manufacture of computer, electronic and optical products",51,65,86,125,154,151,147,153,223,227,272,360,378,400,423,479,466,454,492,523,558,621,583,524,424,435
TLN,Northern Ireland,CJ (27),Manufacture of electrical equipment,102,107,146,179,173,231,211,229,264,268,316,235,241,280,296,274,245,219,204,217,222,292,526,302,190,182
TLN,Northern Ireland,CK (28),Manufacture of machinery and equipment,165,180,204,232,297,325,353,342,420,501,491,291,351,393,457,544,556,554,507,511,582,570,517,551,553,583
TLN,Northern Ireland,CL (29-30),Manufacture of transport equipment,450,508,564,599,532,533,553,601,639,614,793,798,713,773,684,689,597,666,620,618,616,654,728,723,570,590
TLN,Northern Ireland,29,Manufacture of motor vehicles,124,119,136,146,115,121,120,150,144,153,215,230,240,248,276,322,287,351,264,260,195,199,158,214,248,271
TLN,Northern Ireland,30,Manufacture of other transport equipment,322,393,430,454,423,415,438,451,499,463,580,573,484,538,419,383,324,335,361,363,426,460,585,518,322,319
TLN,Northern Ireland,CM (31-33),"Other manufacturing, repair and installation",299,357,369,353,375,372,359,382,429,434,336,287,289,284,285,280,292,304,305,311,341,368,325,385,344,370
TLN,Northern Ireland,31,Manufacture of furniture,76,84,103,101,89,104,98,125,139,150,142,120,120,117,110,118,127,132,134,130,144,155,117,150,181,161
TLN,Northern Ireland,32,Other manufacturing,32,38,44,54,60,82,85,87,96,104,118,109,123,131,133,109,108,122,107,116,110,111,113,129,83,118
TLN,Northern Ireland,33,Repair and installation of machinery and equipment,197,244,229,202,233,190,181,172,194,180,76,60,49,42,49,54,58,51,62,66,84,98,94,104,80,91
TLN,Northern Ireland,D (35),"Electricity, gas, steam and air conditioning supply",715,788,785,962,869,996,917,807,740,674,626,622,508,435,473,512,440,554,594,629,645,766,817,914,727,674
TLN,Northern Ireland,E (36-39),Water supply; sewerage and waste management,596,570,603,664,678,699,771,826,743,749,739,700,629,533,622,623,661,694,703,690,667,673,689,634,679,640
TLN,Northern Ireland,36,Water supply,350,354,354,380,354,272,263,234,291,244,299,280,242,198,309,321,323,336,319,307,298,294,321,249,200,192
TLN,Northern Ireland,37,Sewerage activities,45,50,63,75,92,77,71,62,71,66,75,88,90,87,65,57,47,50,47,60,64,70,107,78,130,104
TLN,Northern Ireland,38,"Waste collection, treatment and disposal activities",217,167,188,211,233,343,427,516,363,422,351,318,285,238,242,236,278,286,318,304,284,287,237,285,330,325
TLN,Northern Ireland,39,Remediation and other waste management services,2,2,1,1,4,12,13,13,9,5,4,4,3,3,5,7,13,21,20,18,19,22,18,23,18,19
TLN,Northern Ireland,F (41-43),Construction,"3,255","3,657","3,881","4,082","3,924","4,038","4,093","4,238","4,498","4,336","3,614","2,792","2,847","2,859","2,551","2,608","2,765","3,084","3,192","3,257","3,418","3,666","3,214","3,746","3,886","4,324"
TLN,Northern Ireland,41,Construction of buildings,"1,121","1,336","1,432","1,503","1,580","1,868","1,907","1,928","2,046","1,866","1,291",776,832,815,653,676,646,753,759,735,817,851,693,786,948,929
TLN,Northern Ireland,42,Civil engineering,666,686,689,795,666,481,463,547,587,555,702,734,773,783,754,799,883,916,973,"1,032","1,115","1,224","1,203","1,351","1,252","1,500"
TLN,Northern Ireland,43,Specialised construction activities,"1,522","1,693","1,822","1,848","1,744","1,777","1,815","1,846","1,953","2,001","1,644","1,287","1,244","1,264","1,144","1,131","1,231","1,415","1,458","1,487","1,480","1,586","1,319","1,612","1,686","1,896"
TLN,Northern Ireland,G-T,Services sector,"24,805","25,457","27,037","27,575","27,709","29,104","29,834","30,836","31,590","31,727","31,304","30,407","30,260","31,359","32,040","31,948","32,631","32,243","34,194","35,979","36,069","36,587","31,724","36,625","38,384","38,930"
TLN,Northern Ireland,G (45-47),Wholesale and retail trade; repair of motor vehicles,"4,089","4,269","4,996","4,926","4,785","5,144","5,354","5,768","6,079","6,128","5,783","5,069","5,983","6,395","6,513","5,934","6,501","6,242","6,779","7,253","7,094","7,228","5,990","7,361","7,168","7,370"
TLN,Northern Ireland,45,Motor trades,622,520,602,588,529,606,694,846,853,858,792,629,787,601,659,621,657,734,675,855,848,760,593,614,829,952
TLN,Northern Ireland,46,Wholesale trade,701,909,"1,250","1,306","1,202","1,340","1,297","1,308","1,350","1,383","1,421","1,306","1,815","2,427","2,453","2,167","2,383","1,994","1,938","2,127","2,142","2,132","1,675","2,408","2,140","2,139"
TLN,Northern Ireland,47,Retail trade,"2,922","2,919","3,181","3,053","3,086","3,229","3,416","3,693","3,960","3,973","3,651","3,206","3,494","3,502","3,538","3,264","3,585","3,592","4,186","4,323","4,163","4,385","3,764","4,349","4,199","4,280"
TLN,Northern Ireland,H (49-53),Transportation and storage,"1,333","1,354","1,453","1,539","1,402","1,577","1,794","1,660","1,694","1,734","1,788","1,651","1,716","1,770","1,719","1,802","1,813","1,710","1,752","1,738","1,803","1,883","1,239","1,518","1,805","1,753"
TLN,Northern Ireland,49,Land transport,791,753,774,860,773,796,881,828,923,989,966,956,"1,000",953,902,939,"1,049",998,"1,054",992,958,997,541,789,864,799
TLN,Northern Ireland,50,Water transport,163,216,291,291,256,345,499,499,369,277,366,200,217,341,351,427,329,292,231,273,295,304,88,277,298,295
TLN,Northern Ireland,51,Air transport,11,11,12,10,11,23,25,25,32,40,41,32,45,57,72,84,95,69,76,80,115,108,26,12,56,84
TLN,Northern Ireland,52,Warehousing and transport support activities,244,274,289,268,238,217,229,207,190,211,226,265,266,266,238,231,291,310,332,317,341,359,364,260,327,335
TLN,Northern Ireland,53,Postal and courier activities,263,264,273,300,295,353,348,266,286,286,272,265,243,233,227,206,111,100,109,125,145,165,264,280,259,239
TLN,Northern Ireland,I (55-56),Accommodation and food service activities,"1,045","1,139","1,132","1,153","1,168","1,297","1,341","1,447","1,406","1,404","1,390","1,243","1,178","1,163","1,184","1,257","1,239","1,232","1,329","1,327","1,322","1,434",962,"1,178","1,356","1,269"
TLN,Northern Ireland,55,Accommodation,190,225,200,215,230,265,283,323,316,304,254,217,265,287,304,325,337,319,333,337,357,390,238,287,422,360
TLN,Northern Ireland,56,Food and beverage service activities,858,918,935,941,941,"1,035","1,061","1,125","1,092","1,102","1,141","1,032",912,875,879,931,901,911,993,988,963,"1,041",721,887,934,909
TLN,Northern Ireland,J (58-63),Information and communication,140,184,249,286,314,381,401,427,447,519,526,557,560,644,732,771,849,965,"1,064","1,092","1,338","1,546","1,479","1,456","1,693","1,665"
TLN,Northern Ireland,58,Publishing activities,109,112,114,128,142,164,177,176,181,189,162,156,135,126,122,121,104,92,82,72,61,66,52,44,65,51
TLN,Northern Ireland,59,"Motion picture, video and TV programme production",48,54,54,44,42,56,63,72,53,48,51,48,50,61,72,93,84,77,65,42,48,56,68,91,87,103
TLN,Northern Ireland,60,Programming and broadcasting activities,183,176,196,214,191,238,271,286,240,228,272,230,187,190,107,111,115,105,107,99,82,78,55,43,86,66
TLN,Northern Ireland,61,Telecommunications,4,5,8,10,12,15,15,16,20,25,27,35,40,51,63,72,92,119,146,156,234,299,154,123,160,174
TLN,Northern Ireland,62,Computer programming and consultancy,60,110,176,217,216,272,284,309,333,435,403,387,381,435,560,543,562,633,679,728,842,936,"1,127","1,131","1,264","1,239"
TLN,Northern Ireland,63,Information service activities,32,31,32,31,32,28,13,12,12,11,8,6,5,4,5,6,6,7,9,11,12,12,18,27,30,31
TLN,Northern Ireland,K (64-66),Financial and insurance activities,"1,346","1,288","1,402","1,465","1,596","1,770","1,931","2,122","1,996","2,422","2,514","2,429","2,194","2,038","2,020","2,545","2,391","2,157","2,821","3,174","2,855","2,359","2,181","2,698","2,652","2,750"
TLN,Northern Ireland,64,Financial service activities,784,786,829,892,"1,089","1,336","1,606","1,640","1,730","2,047","2,034","1,796","1,219","1,176","1,048","2,166","1,705","1,506","2,319","2,546","2,305","1,766","1,572","2,177","2,148","2,257"
TLN,Northern Ireland,65,Insurance and pension funding,347,313,327,327,276,218,221,357,221,283,331,340,436,385,418,250,391,348,324,394,306,296,282,237,258,253
TLN,Northern Ireland,66,Activities auxiliary to finance and insurance,197,181,235,239,276,329,279,180,218,266,274,336,392,354,389,276,265,267,237,279,287,301,315,279,246,239
TLN,Northern Ireland,L (68),Real estate activities,"4,232","4,339","4,400","4,457","4,473","4,453","4,473","4,593","4,923","4,526","4,181","4,229","4,206","4,378","4,544","4,728","4,891","4,906","4,996","5,288","5,373","5,531","5,828","5,997","6,108","6,171"
TLN,Northern Ireland,68IMP,Owner-occupiers' imputed rental,"3,283","3,351","3,488","3,554","3,587","3,485","3,502","3,586","3,902","3,454","3,387","3,425","3,339","3,363","3,387","3,563","3,667","3,697","3,846","4,066","4,099","4,180","4,205","4,470","4,573","4,679"
TLN,Northern Ireland,68,"Real estate activities, excluding imputed rental",976,"1,015",948,942,930,994,998,"1,034","1,060","1,084",829,840,892,"1,024","1,153","1,165","1,222","1,210","1,165","1,237","1,284","1,356","1,606","1,525","1,535","1,492"
TLN,Northern Ireland,M (69-75),"Professional, scientific and technical activities","1,168","1,296","1,323","1,406","1,509","1,684","1,762","1,762","1,851","1,868","1,777","1,664","1,591","1,554","1,525","1,562","1,636","1,735","1,796","1,864","1,866","2,012","1,839","2,161","2,460","2,520"
TLN,Northern Ireland,69,Legal and accounting activities,394,450,475,538,580,697,738,753,800,808,815,799,770,743,724,752,793,826,875,918,912,964,834,"1,042","1,145","1,207"
TLN,Northern Ireland,70,Head offices and management consultancy,89,119,108,128,132,151,141,142,153,157,175,154,144,148,154,184,204,211,219,198,214,237,211,257,314,301
TLN,Northern Ireland,71,Architectural and engineering activities,268,278,276,259,283,303,319,321,351,367,318,284,261,241,226,242,252,282,273,294,263,281,268,345,335,352
TLN,Northern Ireland,72,Scientific research and development,238,267,275,281,286,234,234,229,199,206,201,169,184,193,190,143,166,184,192,180,202,223,250,237,310,311
TLN,Northern Ireland,73,Advertising and market research,58,60,64,75,95,126,138,128,134,123,88,80,77,87,94,91,81,96,82,97,92,98,60,76,92,88
TLN,Northern Ireland,74,"Other professional, scientific and technical activities",119,120,121,119,121,137,139,139,151,144,105,101,93,90,85,87,85,75,84,89,89,110,131,102,131,145
TLN,Northern Ireland,75,Veterinary activities,28,34,40,44,45,44,58,54,50,51,74,74,68,62,62,56,51,58,70,85,94,97,82,101,133,116
TLN,Northern Ireland,N (77-82),Administrative and support service activities,671,665,687,718,770,772,873,902,961,997,984,976,985,988,"1,084","1,236","1,290","1,349","1,333","1,427","1,484","1,528","1,408","1,460","1,609","1,749"
TLN,Northern Ireland,77,Rental and leasing activities,207,186,219,264,281,249,238,233,246,255,253,277,257,200,197,218,237,260,272,320,281,280,312,353,330,371
TLN,Northern Ireland,78,Employment activities,114,124,141,138,149,164,228,232,231,232,235,198,195,215,279,365,415,438,413,466,520,553,469,529,439,437
TLN,Northern Ireland,79,Travel agency and tour operator activities,337,276,180,132,100,80,82,87,116,123,116,97,109,106,95,55,46,52,42,43,49,53,51,26,95,123
TLN,Northern Ireland,80,Security and investigation activities,51,51,55,54,61,63,67,66,66,66,60,58,53,56,60,65,70,69,66,56,65,73,93,87,101,89
TLN,Northern Ireland,81,Services to buildings and landscape activities,70,79,83,85,99,110,126,138,151,152,161,175,192,199,194,222,196,198,226,250,257,298,220,254,331,368
TLN,Northern Ireland,82,Office administration and business support activities,78,91,90,106,125,136,154,166,176,201,185,199,202,220,261,305,324,334,315,295,302,255,264,222,314,361
TLN,Northern Ireland,O (84),Public administration and defence,"3,843","3,632","3,578","3,665","3,641","3,726","3,630","3,678","3,612","3,413","3,615","3,713","3,334","3,626","3,557","3,199","3,325","3,175","3,397","3,569","3,369","3,420","3,254","3,455","3,575","3,632"
TLN,Northern Ireland,P (85),Education,"3,450","3,561","3,536","3,316","3,258","3,186","3,138","3,183","3,068","2,957","2,900","2,808","2,664","2,684","2,749","2,629","2,468","2,364","2,373","2,442","2,438","2,582","2,131","2,415","2,641","2,776"
TLN,Northern Ireland,Q (86-88),Human health and social work activities,"4,252","4,178","4,322","4,565","4,662","4,905","4,844","5,052","5,194","5,390","5,469","5,539","5,190","5,355","5,603","5,504","5,375","5,551","5,846","6,121","6,302","6,060","4,593","5,882","6,086","6,000"
TLN,Northern Ireland,86,Human health activities,"3,262","3,205","3,312","3,682","3,642","3,617","3,502","3,628","3,692","4,082","3,955","4,180","3,973","4,179","4,489","4,284","4,072","4,146","4,278","4,551","4,799","4,520","2,855","3,914","4,028","4,081"
TLN,Northern Ireland,87,Residential care activities,641,629,650,556,621,688,690,760,895,860,"1,038",989,871,945,928,970,"1,069","1,202","1,278","1,227","1,139","1,096","1,111","1,048","1,096","1,019"
TLN,Northern Ireland,88,Social work activities,570,562,584,576,641,833,875,895,842,721,729,647,614,507,484,522,481,451,532,609,665,710,678,921,963,900
TLN,Northern Ireland,R (90-93),"Arts, entertainment and recreation",398,402,424,422,417,474,503,488,512,541,631,608,568,619,588,593,541,491,483,497,504,504,359,410,482,493
TLN,Northern Ireland,90,"Creative, arts and entertainment activities",67,66,76,70,48,38,33,32,50,47,70,65,65,75,78,70,59,52,50,56,62,52,9,56,64,58
TLN,Northern Ireland,91,"Libraries, archives, museums and other cultural activities",65,61,72,67,62,64,63,69,72,62,66,70,73,72,79,88,80,76,73,63,71,66,32,26,61,67
TLN,Northern Ireland,92,Gambling and betting activities,109,127,103,95,100,142,140,117,118,211,284,250,211,258,204,209,206,192,155,187,178,181,187,159,121,125
TLN,Northern Ireland,93,"Sports, amusement and recreation activities",151,147,161,178,199,228,264,263,264,227,225,232,223,222,230,229,201,174,206,194,196,208,132,170,236,243
TLN,Northern Ireland,S (94-96),Other service activities,676,633,647,621,654,610,634,632,655,671,665,705,709,666,676,695,718,701,661,696,712,732,580,652,732,758
TLN,Northern Ireland,94,Activities of membership organisations,285,264,285,253,283,252,286,274,287,302,304,355,358,325,338,353,333,284,246,248,259,287,192,217,250,292
TLN,Northern Ireland,95,"Repair of computers, personal and household goods",39,34,33,31,29,23,24,23,25,25,28,26,23,27,21,22,29,31,30,31,35,35,23,28,27,25
TLN,Northern Ireland,96,Other personal service activities,345,329,322,331,335,330,316,328,335,335,324,311,315,303,303,306,346,381,382,415,417,407,365,407,455,441
TLN,Northern Ireland,T (97-98),Activities of households ,55,69,88,95,73,56,49,43,25,12,15,6,14,14,13,14,22,20,18,18,34,25,20,20,19,26
TLZ,Extra-Regio,Total,All industries,"209,407","209,543","192,996","180,139","171,651","161,375","150,094","133,124","111,241","102,007","91,734","84,916","73,891","53,810","43,820","37,336","37,600","39,799","46,868","44,752","46,901","47,510","47,075","37,543","37,284","32,818"
TLZ,Extra-Regio,A-E,Production sector,"218,109","221,618","200,814","186,109","176,238","165,785","153,343","134,734","110,207","100,694","89,891","82,781","70,686","49,358","39,618","33,540","33,871","36,832","45,583","43,499","45,852","46,351","46,747","36,215","35,905","31,422"
TLZ,Extra-Regio,A (1-3),"Agriculture, forestry and fishing",0,0,0,0,0,0,0,0,0,0,0,0,0,0,0,0,0,0,0,0,0,0,0,0,0,0
TLZ,Extra-Regio,1,Agriculture and hunting,0,0,0,0,0,0,0,0,0,0,0,0,0,0,0,0,0,0,0,0,0,0,0,0,0,0
TLZ,Extra-Regio,2,Forestry and logging,0,0,0,0,0,0,0,0,0,0,0,0,0,0,0,0,0,0,0,0,0,0,0,0,0,0
TLZ,Extra-Regio,3,Fishing and aquaculture,0,0,0,0,0,0,0,0,0,0,0,0,0,0,0,0,0,0,0,0,0,0,0,0,0,0
TLZ,Extra-Regio,B (5-9),Mining and quarrying,"218,109","221,618","200,814","186,109","176,238","165,785","153,343","134,734","110,207","100,694","89,891","82,781","70,686","49,358","39,618","33,540","33,871","36,832","45,583","43,499","45,852","46,351","46,747","36,215","35,905","31,422"
TLZ,Extra-Regio,5-8,"Mining and quarrying, excluding support activities","218,109","221,618","200,814","186,109","176,238","165,785","153,343","134,734","110,207","100,694","89,891","82,781","70,686","49,358","39,618","33,540","33,871","36,832","45,583","43,499","45,852","46,351","46,747","36,215","35,905","31,422"
TLZ,Extra-Regio,9,Mining support service activities,0,0,0,0,0,0,0,0,0,0,0,0,0,0,0,0,0,0,0,0,0,0,0,0,0,0
TLZ,Extra-Regio,C (10-33),Manufacturing,0,0,0,0,0,0,0,0,0,0,0,0,0,0,0,0,0,0,0,0,0,0,0,0,0,0
TLZ,Extra-Regio,CA (10-12),"Manufacture of food, beverages and tobacco",0,0,0,0,0,0,0,0,0,0,0,0,0,0,0,0,0,0,0,0,0,0,0,0,0,0
TLZ,Extra-Regio,10,Manufacture of food products,0,0,0,0,0,0,0,0,0,0,0,0,0,0,0,0,0,0,0,0,0,0,0,0,0,0
TLZ,Extra-Regio,11-12,Manufacture of beverages and tobacco products,0,0,0,0,0,0,0,0,0,0,0,0,0,0,0,0,0,0,0,0,0,0,0,0,0,0
TLZ,Extra-Regio,CB (13-15),"Manufacture of textiles, wearing apparel and leather",0,0,0,0,0,0,0,0,0,0,0,0,0,0,0,0,0,0,0,0,0,0,0,0,0,0
TLZ,Extra-Regio,13,Manufacture of textiles,0,0,0,0,0,0,0,0,0,0,0,0,0,0,0,0,0,0,0,0,0,0,0,0,0,0
TLZ,Extra-Regio,14,Manufacture of wearing apparel,0,0,0,0,0,0,0,0,0,0,0,0,0,0,0,0,0,0,0,0,0,0,0,0,0,0
TLZ,Extra-Regio,15,Manufacture of leather products,0,0,0,0,0,0,0,0,0,0,0,0,0,0,0,0,0,0,0,0,0,0,0,0,0,0
TLZ,Extra-Regio,CC (16-18),Manufacture of wood and paper products and printing,0,0,0,0,0,0,0,0,0,0,0,0,0,0,0,0,0,0,0,0,0,0,0,0,0,0
TLZ,Extra-Regio,16,"Manufacture of wood products, except furniture",0,0,0,0,0,0,0,0,0,0,0,0,0,0,0,0,0,0,0,0,0,0,0,0,0,0
TLZ,Extra-Regio,17,Manufacture of paper products,0,0,0,0,0,0,0,0,0,0,0,0,0,0,0,0,0,0,0,0,0,0,0,0,0,0
TLZ,Extra-Regio,18,Printing and reproduction of recorded media,0,0,0,0,0,0,0,0,0,0,0,0,0,0,0,0,0,0,0,0,0,0,0,0,0,0
TLZ,Extra-Regio,CD-CE (19-20),"Manufacture of coke, refined petroleum and chemicals",0,0,0,0,0,0,0,0,0,0,0,0,0,0,0,0,0,0,0,0,0,0,0,0,0,0
TLZ,Extra-Regio,CF (21),Manufacture of pharmaceutical products,0,0,0,0,0,0,0,0,0,0,0,0,0,0,0,0,0,0,0,0,0,0,0,0,0,0
TLZ,Extra-Regio,CG (22-23),"Manufacture of rubber, plastic and non-metallic minerals ",0,0,0,0,0,0,0,0,0,0,0,0,0,0,0,0,0,0,0,0,0,0,0,0,0,0
TLZ,Extra-Regio,22,Manufacture of rubber and plastic products,0,0,0,0,0,0,0,0,0,0,0,0,0,0,0,0,0,0,0,0,0,0,0,0,0,0
TLZ,Extra-Regio,23,Manufacture of other non-metallic mineral products,0,0,0,0,0,0,0,0,0,0,0,0,0,0,0,0,0,0,0,0,0,0,0,0,0,0
TLZ,Extra-Regio,CH (24-25),Manufacture of basic and fabricated metal products,0,0,0,0,0,0,0,0,0,0,0,0,0,0,0,0,0,0,0,0,0,0,0,0,0,0
TLZ,Extra-Regio,24,Manufacture of basic metals,0,0,0,0,0,0,0,0,0,0,0,0,0,0,0,0,0,0,0,0,0,0,0,0,0,0
TLZ,Extra-Regio,25,Manufacture of fabricated metal products,0,0,0,0,0,0,0,0,0,0,0,0,0,0,0,0,0,0,0,0,0,0,0,0,0,0
TLZ,Extra-Regio,CI (26),"Manufacture of computer, electronic and optical products",0,0,0,0,0,0,0,0,0,0,0,0,0,0,0,0,0,0,0,0,0,0,0,0,0,0
TLZ,Extra-Regio,CJ (27),Manufacture of electrical equipment,0,0,0,0,0,0,0,0,0,0,0,0,0,0,0,0,0,0,0,0,0,0,0,0,0,0
TLZ,Extra-Regio,CK (28),Manufacture of machinery and equipment,0,0,0,0,0,0,0,0,0,0,0,0,0,0,0,0,0,0,0,0,0,0,0,0,0,0
TLZ,Extra-Regio,CL (29-30),Manufacture of transport equipment,0,0,0,0,0,0,0,0,0,0,0,0,0,0,0,0,0,0,0,0,0,0,0,0,0,0
TLZ,Extra-Regio,29,Manufacture of motor vehicles,0,0,0,0,0,0,0,0,0,0,0,0,0,0,0,0,0,0,0,0,0,0,0,0,0,0
TLZ,Extra-Regio,30,Manufacture of other transport equipment,0,0,0,0,0,0,0,0,0,0,0,0,0,0,0,0,0,0,0,0,0,0,0,0,0,0
TLZ,Extra-Regio,CM (31-33),"Other manufacturing, repair and installation",0,0,0,0,0,0,0,0,0,0,0,0,0,0,0,0,0,0,0,0,0,0,0,0,0,0
TLZ,Extra-Regio,31,Manufacture of furniture,0,0,0,0,0,0,0,0,0,0,0,0,0,0,0,0,0,0,0,0,0,0,0,0,0,0
TLZ,Extra-Regio,32,Other manufacturing,0,0,0,0,0,0,0,0,0,0,0,0,0,0,0,0,0,0,0,0,0,0,0,0,0,0
TLZ,Extra-Regio,33,Repair and installation of machinery and equipment,0,0,0,0,0,0,0,0,0,0,0,0,0,0,0,0,0,0,0,0,0,0,0,0,0,0
TLZ,Extra-Regio,D (35),"Electricity, gas, steam and air conditioning supply",0,0,0,0,0,0,0,0,0,0,0,0,0,0,0,0,0,0,0,0,0,0,0,0,0,0
TLZ,Extra-Regio,E (36-39),Water supply; sewerage and waste management,0,0,0,0,0,0,0,0,0,0,0,0,0,0,0,0,0,0,0,0,0,0,0,0,0,0
TLZ,Extra-Regio,36,Water supply,0,0,0,0,0,0,0,0,0,0,0,0,0,0,0,0,0,0,0,0,0,0,0,0,0,0
TLZ,Extra-Regio,37,Sewerage activities,0,0,0,0,0,0,0,0,0,0,0,0,0,0,0,0,0,0,0,0,0,0,0,0,0,0
TLZ,Extra-Regio,38,"Waste collection, treatment and disposal activities",0,0,0,0,0,0,0,0,0,0,0,0,0,0,0,0,0,0,0,0,0,0,0,0,0,0
TLZ,Extra-Regio,39,Remediation and other waste management services,0,0,0,0,0,0,0,0,0,0,0,0,0,0,0,0,0,0,0,0,0,0,0,0,0,0
TLZ,Extra-Regio,F (41-43),Construction,0,0,0,0,0,0,0,0,0,0,0,0,0,0,0,0,0,0,0,0,0,0,0,0,0,0
TLZ,Extra-Regio,41,Construction of buildings,0,0,0,0,0,0,0,0,0,0,0,0,0,0,0,0,0,0,0,0,0,0,0,0,0,0
TLZ,Extra-Regio,42,Civil engineering,0,0,0,0,0,0,0,0,0,0,0,0,0,0,0,0,0,0,0,0,0,0,0,0,0,0
TLZ,Extra-Regio,43,Specialised construction activities,0,0,0,0,0,0,0,0,0,0,0,0,0,0,0,0,0,0,0,0,0,0,0,0,0,0
TLZ,Extra-Regio,G-T,Services sector,"4,097","3,774","3,822","3,793","3,808","3,565","3,446","3,275","3,263","3,093","2,971","2,910","2,885","2,923","2,735","2,473","2,423","2,014","1,752","1,678","1,667","1,733","1,385","1,359","1,379","1,396"
TLZ,Extra-Regio,G (45-47),Wholesale and retail trade; repair of motor vehicles,0,0,0,0,0,0,0,0,0,0,0,0,0,0,0,0,0,0,0,0,0,0,0,0,0,0
TLZ,Extra-Regio,45,Motor trades,0,0,0,0,0,0,0,0,0,0,0,0,0,0,0,0,0,0,0,0,0,0,0,0,0,0
TLZ,Extra-Regio,46,Wholesale trade,0,0,0,0,0,0,0,0,0,0,0,0,0,0,0,0,0,0,0,0,0,0,0,0,0,0
TLZ,Extra-Regio,47,Retail trade,0,0,0,0,0,0,0,0,0,0,0,0,0,0,0,0,0,0,0,0,0,0,0,0,0,0
TLZ,Extra-Regio,H (49-53),Transportation and storage,0,0,0,0,0,0,0,0,0,0,0,0,0,0,0,0,0,0,0,0,0,0,0,0,0,0
TLZ,Extra-Regio,49,Land transport,0,0,0,0,0,0,0,0,0,0,0,0,0,0,0,0,0,0,0,0,0,0,0,0,0,0
TLZ,Extra-Regio,50,Water transport,0,0,0,0,0,0,0,0,0,0,0,0,0,0,0,0,0,0,0,0,0,0,0,0,0,0
TLZ,Extra-Regio,51,Air transport,0,0,0,0,0,0,0,0,0,0,0,0,0,0,0,0,0,0,0,0,0,0,0,0,0,0
TLZ,Extra-Regio,52,Warehousing and transport support activities,0,0,0,0,0,0,0,0,0,0,0,0,0,0,0,0,0,0,0,0,0,0,0,0,0,0
TLZ,Extra-Regio,53,Postal and courier activities,0,0,0,0,0,0,0,0,0,0,0,0,0,0,0,0,0,0,0,0,0,0,0,0,0,0
TLZ,Extra-Regio,I (55-56),Accommodation and food service activities,0,0,0,0,0,0,0,0,0,0,0,0,0,0,0,0,0,0,0,0,0,0,0,0,0,0
TLZ,Extra-Regio,55,Accommodation,0,0,0,0,0,0,0,0,0,0,0,0,0,0,0,0,0,0,0,0,0,0,0,0,0,0
TLZ,Extra-Regio,56,Food and beverage service activities,0,0,0,0,0,0,0,0,0,0,0,0,0,0,0,0,0,0,0,0,0,0,0,0,0,0
TLZ,Extra-Regio,J (58-63),Information and communication,0,0,0,0,0,0,0,0,0,0,0,0,0,0,0,0,0,0,0,0,0,0,0,0,0,0
TLZ,Extra-Regio,58,Publishing activities,0,0,0,0,0,0,0,0,0,0,0,0,0,0,0,0,0,0,0,0,0,0,0,0,0,0
TLZ,Extra-Regio,59,"Motion picture, video and TV programme production",0,0,0,0,0,0,0,0,0,0,0,0,0,0,0,0,0,0,0,0,0,0,0,0,0,0
TLZ,Extra-Regio,60,Programming and broadcasting activities,0,0,0,0,0,0,0,0,0,0,0,0,0,0,0,0,0,0,0,0,0,0,0,0,0,0
TLZ,Extra-Regio,61,Telecommunications,0,0,0,0,0,0,0,0,0,0,0,0,0,0,0,0,0,0,0,0,0,0,0,0,0,0
TLZ,Extra-Regio,62,Computer programming and consultancy,0,0,0,0,0,0,0,0,0,0,0,0,0,0,0,0,0,0,0,0,0,0,0,0,0,0
TLZ,Extra-Regio,63,Information service activities,0,0,0,0,0,0,0,0,0,0,0,0,0,0,0,0,0,0,0,0,0,0,0,0,0,0
TLZ,Extra-Regio,K (64-66),Financial and insurance activities,0,0,0,0,0,0,0,0,0,0,0,0,0,0,0,0,0,0,0,0,0,0,0,0,0,0
TLZ,Extra-Regio,64,Financial service activities,0,0,0,0,0,0,0,0,0,0,0,0,0,0,0,0,0,0,0,0,0,0,0,0,0,0
TLZ,Extra-Regio,65,Insurance and pension funding,0,0,0,0,0,0,0,0,0,0,0,0,0,0,0,0,0,0,0,0,0,0,0,0,0,0
TLZ,Extra-Regio,66,Activities auxiliary to finance and insurance,0,0,0,0,0,0,0,0,0,0,0,0,0,0,0,0,0,0,0,0,0,0,0,0,0,0
TLZ,Extra-Regio,L (68),Real estate activities,0,0,0,0,0,0,0,0,0,0,0,0,0,0,0,0,0,0,0,0,0,0,0,0,0,0
TLZ,Extra-Regio,68IMP,Owner-occupiers' imputed rental,0,0,0,0,0,0,0,0,0,0,0,0,0,0,0,0,0,0,0,0,0,0,0,0,0,0
TLZ,Extra-Regio,68,"Real estate activities, excluding imputed rental",0,0,0,0,0,0,0,0,0,0,0,0,0,0,0,0,0,0,0,0,0,0,0,0,0,0
TLZ,Extra-Regio,M (69-75),"Professional, scientific and technical activities",0,0,0,0,0,0,0,0,0,0,0,0,0,0,0,0,0,0,0,0,0,0,0,0,0,0
TLZ,Extra-Regio,69,Legal and accounting activities,0,0,0,0,0,0,0,0,0,0,0,0,0,0,0,0,0,0,0,0,0,0,0,0,0,0
TLZ,Extra-Regio,70,Head offices and management consultancy,0,0,0,0,0,0,0,0,0,0,0,0,0,0,0,0,0,0,0,0,0,0,0,0,0,0
TLZ,Extra-Regio,71,Architectural and engineering activities,0,0,0,0,0,0,0,0,0,0,0,0,0,0,0,0,0,0,0,0,0,0,0,0,0,0
TLZ,Extra-Regio,72,Scientific research and development,0,0,0,0,0,0,0,0,0,0,0,0,0,0,0,0,0,0,0,0,0,0,0,0,0,0
TLZ,Extra-Regio,73,Advertising and market research,0,0,0,0,0,0,0,0,0,0,0,0,0,0,0,0,0,0,0,0,0,0,0,0,0,0
TLZ,Extra-Regio,74,"Other professional, scientific and technical activities",0,0,0,0,0,0,0,0,0,0,0,0,0,0,0,0,0,0,0,0,0,0,0,0,0,0
TLZ,Extra-Regio,75,Veterinary activities,0,0,0,0,0,0,0,0,0,0,0,0,0,0,0,0,0,0,0,0,0,0,0,0,0,0
TLZ,Extra-Regio,N (77-82),Administrative and support service activities,0,0,0,0,0,0,0,0,0,0,0,0,0,0,0,0,0,0,0,0,0,0,0,0,0,0
TLZ,Extra-Regio,77,Rental and leasing activities,0,0,0,0,0,0,0,0,0,0,0,0,0,0,0,0,0,0,0,0,0,0,0,0,0,0
TLZ,Extra-Regio,78,Employment activities,0,0,0,0,0,0,0,0,0,0,0,0,0,0,0,0,0,0,0,0,0,0,0,0,0,0
TLZ,Extra-Regio,79,Travel agency and tour operator activities,0,0,0,0,0,0,0,0,0,0,0,0,0,0,0,0,0,0,0,0,0,0,0,0,0,0
TLZ,Extra-Regio,80,Security and investigation activities,0,0,0,0,0,0,0,0,0,0,0,0,0,0,0,0,0,0,0,0,0,0,0,0,0,0
TLZ,Extra-Regio,81,Services to buildings and landscape activities,0,0,0,0,0,0,0,0,0,0,0,0,0,0,0,0,0,0,0,0,0,0,0,0,0,0
TLZ,Extra-Regio,82,Office administration and business support activities,0,0,0,0,0,0,0,0,0,0,0,0,0,0,0,0,0,0,0,0,0,0,0,0,0,0
TLZ,Extra-Regio,O (84),Public administration and defence,"4,097","3,774","3,822","3,793","3,808","3,565","3,446","3,275","3,263","3,093","2,971","2,910","2,885","2,923","2,735","2,473","2,423","2,014","1,752","1,678","1,667","1,733","1,385","1,359","1,379","1,396"
TLZ,Extra-Regio,P (85),Education,0,0,0,0,0,0,0,0,0,0,0,0,0,0,0,0,0,0,0,0,0,0,0,0,0,0
TLZ,Extra-Regio,Q (86-88),Human health and social work activities,0,0,0,0,0,0,0,0,0,0,0,0,0,0,0,0,0,0,0,0,0,0,0,0,0,0
TLZ,Extra-Regio,86,Human health activities,0,0,0,0,0,0,0,0,0,0,0,0,0,0,0,0,0,0,0,0,0,0,0,0,0,0
TLZ,Extra-Regio,87,Residential care activities,0,0,0,0,0,0,0,0,0,0,0,0,0,0,0,0,0,0,0,0,0,0,0,0,0,0
TLZ,Extra-Regio,88,Social work activities,0,0,0,0,0,0,0,0,0,0,0,0,0,0,0,0,0,0,0,0,0,0,0,0,0,0
TLZ,Extra-Regio,R (90-93),"Arts, entertainment and recreation",0,0,0,0,0,0,0,0,0,0,0,0,0,0,0,0,0,0,0,0,0,0,0,0,0,0
TLZ,Extra-Regio,90,"Creative, arts and entertainment activities",0,0,0,0,0,0,0,0,0,0,0,0,0,0,0,0,0,0,0,0,0,0,0,0,0,0
TLZ,Extra-Regio,91,"Libraries, archives, museums and other cultural activities",0,0,0,0,0,0,0,0,0,0,0,0,0,0,0,0,0,0,0,0,0,0,0,0,0,0
TLZ,Extra-Regio,92,Gambling and betting activities,0,0,0,0,0,0,0,0,0,0,0,0,0,0,0,0,0,0,0,0,0,0,0,0,0,0
TLZ,Extra-Regio,93,"Sports, amusement and recreation activities",0,0,0,0,0,0,0,0,0,0,0,0,0,0,0,0,0,0,0,0,0,0,0,0,0,0
TLZ,Extra-Regio,S (94-96),Other service activities,0,0,0,0,0,0,0,0,0,0,0,0,0,0,0,0,0,0,0,0,0,0,0,0,0,0
TLZ,Extra-Regio,94,Activities of membership organisations,0,0,0,0,0,0,0,0,0,0,0,0,0,0,0,0,0,0,0,0,0,0,0,0,0,0
TLZ,Extra-Regio,95,"Repair of computers, personal and household goods",0,0,0,0,0,0,0,0,0,0,0,0,0,0,0,0,0,0,0,0,0,0,0,0,0,0
TLZ,Extra-Regio,96,Other personal service activities,0,0,0,0,0,0,0,0,0,0,0,0,0,0,0,0,0,0,0,0,0,0,0,0,0,0
TLZ,Extra-Regio,T (97-98),Activities of households ,0,0,0,0,0,0,0,0,0,0,0,0,0,0,0,0,0,0,0,0,0,0,0,0,0,0
UKX,United Kingdom less Extra-Regio,Total,All industries,"1,395,722","1,440,675","1,508,988","1,551,453","1,579,177","1,633,785","1,675,374","1,731,930","1,782,862","1,836,197","1,841,988","1,765,473","1,808,328","1,836,601","1,876,617","1,912,264","1,974,844","2,011,470","2,053,313","2,109,528","2,138,964","2,177,299","1,964,349","2,134,994","2,228,798","2,238,442"
UKX,United Kingdom less Extra-Regio,A-E,Production sector,"209,121","220,535","228,260","239,652","247,530","255,063","255,151","256,749","272,705","269,299","268,638","250,240","244,072","242,054","246,877","255,614","266,095","275,129","271,808","273,946","280,509","287,553","295,152","296,062","278,116","278,965"
UKX,United Kingdom less Extra-Regio,A (1-3),"Agriculture, forestry and fishing","10,666","12,188","13,224","13,326","16,355","15,705","13,976","15,301","15,075","13,257","16,760","15,563","13,007","16,541","13,871","13,669","19,269","16,646","14,903","15,629","14,036","16,362","15,828","15,940","16,683","16,716"
UKX,United Kingdom less Extra-Regio,1,Agriculture and hunting,"9,511","10,854","11,940","11,809","14,675","14,039","12,333","13,522","13,349","11,705","14,860","13,407","11,285","14,910","12,013","11,775","16,894","14,510","12,888","13,637","12,363","14,344","13,514","14,126","14,728","14,621"
UKX,United Kingdom less Extra-Regio,2,Forestry and logging,"1,169","1,590","1,578","1,795","2,050","2,595","2,729","2,293","2,219","1,965","2,559","3,176","2,111","1,734","2,102","2,023","1,672","1,788","1,704","1,522","1,166","1,407","1,579","1,077","1,155","1,227"
UKX,United Kingdom less Extra-Regio,3,Fishing and aquaculture,460,467,388,524,526,460,505,617,597,545,622,725,649,567,581,626,955,758,719,739,666,811,922,731,800,868
UKX,United Kingdom less Extra-Regio,B (5-9),Mining and quarrying,"4,830","4,450","4,082","4,041","4,195","3,897","3,988","3,938","4,855","4,434","4,210","3,797","3,736","3,623","4,608","4,573","4,674","6,470","5,361","4,613","5,226","5,574","5,615","5,529","4,727","3,995"
UKX,United Kingdom less Extra-Regio,5-8,"Mining and quarrying, excluding support activities","4,768","4,501","3,951","3,909","4,186","3,855","3,550","3,424","3,836","3,094","2,015","1,873","1,754","2,239","3,105","3,145","3,078","2,669","2,881","2,584","3,417","3,331","3,078","3,250","2,926","2,347"
UKX,United Kingdom less Extra-Regio,9,Mining support service activities,"1,680","1,488","1,460","1,446","1,426","1,344","1,628","1,660","2,305","2,406","3,078","2,710","2,764","2,117","2,468","2,404","2,547","4,734","2,935","2,355","1,901","2,385","2,750","2,333","1,801","1,648"
UKX,United Kingdom less Extra-Regio,C (10-33),Manufacturing,"145,129","152,259","159,563","165,744","171,681","176,498","181,031","184,255","197,781","197,699","196,725","178,440","178,239","177,507","183,063","190,176","197,324","198,594","195,749","199,180","207,567","208,473","213,138","221,173","204,851","206,262"
UKX,United Kingdom less Extra-Regio,CA (10-12),"Manufacture of food, beverages and tobacco","29,971","30,018","30,401","29,462","30,631","32,450","34,324","31,986","34,365","33,986","32,069","32,795","29,564","28,035","27,982","28,723","29,526","28,239","30,679","29,822","33,681","33,705","33,373","35,084","33,358","32,430"
UKX,United Kingdom less Extra-Regio,10,Manufacture of food products,"22,945","22,688","22,951","22,615","23,188","24,671","25,957","23,612","25,209","25,052","22,973","23,342","20,949","19,899","20,096","21,033","21,845","20,710","23,451","22,005","25,487","25,837","25,504","26,164","24,923","24,343"
UKX,United Kingdom less Extra-Regio,11-12,Manufacture of beverages and tobacco products,"7,153","7,512","7,639","6,976","7,640","7,969","8,588","8,657","9,508","9,257","9,533","9,938","9,075","8,560","8,243","7,967","7,902","7,758","7,272","7,912","8,232","7,906","7,903","8,921","8,435","8,087"
UKX,United Kingdom less Extra-Regio,CB (13-15),"Manufacture of textiles, wearing apparel and leather","2,880","2,967","3,042","3,066","3,246","3,127","3,088","3,027","3,253","3,617","3,232","3,966","4,851","3,458","4,481","4,672","4,802","5,571","4,806","5,757","5,846","6,568","4,341","5,983","6,060","5,458"
UKX,United Kingdom less Extra-Regio,13,Manufacture of textiles,"1,140","1,212","1,277","1,384","1,524","1,541","1,449","1,474","1,612","1,903","1,758","2,214","2,392","1,707","2,204","2,210","2,031","2,489","2,846","3,354","3,327","3,934","2,451","3,521","3,639","3,136"
UKX,United Kingdom less Extra-Regio,14,Manufacture of wearing apparel,"1,326","1,331","1,328","1,312","1,300","1,297","1,321","1,255","1,283","1,327","1,027","1,232","2,029","1,377","1,829","2,039","2,449","2,886","1,632","2,094","2,253","2,294","1,613","2,109","2,076","2,004"
UKX,United Kingdom less Extra-Regio,15,Manufacture of leather products,523,530,543,410,475,258,326,286,348,322,407,432,452,390,467,493,590,403,360,374,344,411,332,375,345,318
UKX,United Kingdom less Extra-Regio,CC (16-18),Manufacture of wood and paper products and printing,"9,305","10,004","10,027","10,377","11,078","11,857","12,783","13,357","13,691","14,316","14,090","12,829","13,057","12,080","12,690","13,821","13,648","13,543","14,623","14,748","15,342","15,617","14,339","15,094","12,895","11,811"
UKX,United Kingdom less Extra-Regio,16,"Manufacture of wood products, except furniture","3,426","3,791","3,766","3,870","3,833","3,986","4,662","4,415","4,550","4,639","4,391","3,295","3,619","3,640","3,820","3,884","3,946","4,643","5,246","4,838","5,310","5,540","5,158","4,684","4,370","4,114"
UKX,United Kingdom less Extra-Regio,17,Manufacture of paper products,"2,313","2,651","2,433","2,638","3,225","3,488","3,697","3,700","3,335","4,001","3,571","3,385","4,146","3,500","3,894","4,525","4,366","4,097","4,086","4,345","4,412","4,816","4,631","5,320","4,056","3,738"
UKX,United Kingdom less Extra-Regio,18,Printing and reproduction of recorded media,"3,954","4,020","4,268","4,300","4,337","4,663","4,907","5,473","5,957","5,897","6,177","5,921","5,206","4,957","4,963","5,297","5,249","4,916","5,466","5,588","5,740","5,416","4,706","5,103","4,469","3,959"
UKX,United Kingdom less Extra-Regio,CD-CE (19-20),"Manufacture of coke, refined petroleum and chemicals","9,657","10,003","10,537","10,071","10,703","11,366","10,563","11,334","11,688","10,867","10,675","11,138","10,807","8,152","10,075","11,338","13,584","18,450","16,546","15,715","16,202","17,623","18,793","17,948","15,349","13,675"
UKX,United Kingdom less Extra-Regio,CF (21),Manufacture of pharmaceutical products,"10,959","12,517","12,624","13,542","14,626","14,223","14,933","15,748","17,655","17,608","19,494","16,483","16,017","15,400","14,489","13,870","13,523","14,450","13,072","12,733","13,096","13,838","16,509","17,271","16,781","19,093"
UKX,United Kingdom less Extra-Regio,CG (22-23),"Manufacture of rubber, plastic and non-metallic minerals ","14,888","16,048","16,933","18,047","16,752","17,259","17,648","17,883","17,452","16,570","14,246","12,830","13,524","13,670","15,215","17,134","17,088","17,506","15,908","15,811","16,619","16,831","16,932","16,921","15,221","13,709"
UKX,United Kingdom less Extra-Regio,22,Manufacture of rubber and plastic products,"7,983","8,941","9,042","9,939","8,745","9,116","9,444","9,468","9,133","8,866","7,711","7,187","7,343","7,477","8,389","9,837","9,503","10,317","8,787","8,629","8,998","9,256","9,008","9,127","8,262","7,510"
UKX,United Kingdom less Extra-Regio,23,Manufacture of other non-metallic mineral products,"7,062","7,157","8,085","8,211","8,282","8,384","8,413","8,656","8,580","7,908","6,697","5,749","6,336","6,335","6,960","7,326","7,708","7,180","7,137","7,211","7,657","7,596","7,959","7,802","6,959","6,199"
UKX,United Kingdom less Extra-Regio,CH (24-25),Manufacture of basic and fabricated metal products,"24,689","25,918","26,460","26,003","25,520","25,652","23,708","24,231","24,081","23,539","23,176","17,893","19,054","19,836","22,061","21,779","23,429","24,450","24,927","24,309","24,368","23,494","25,639","24,036","22,677","23,393"
UKX,United Kingdom less Extra-Regio,24,Manufacture of basic metals,"9,619","11,565","11,339","11,263","9,800","10,039","8,409","8,824","8,319","8,696","7,568","5,096","5,371","4,937","6,548","4,923","6,256","7,878","8,227","7,704","7,565","5,687","7,807","5,699","5,244","5,328"
UKX,United Kingdom less Extra-Regio,25,Manufacture of fabricated metal products,"17,028","16,818","17,466","17,084","17,593","17,557","16,827","17,027","17,263","16,478","16,918","13,631","14,555","15,725","16,555","17,408","17,948","17,711","17,936","17,690","17,834","18,188","18,561","18,363","17,433","18,065"
UKX,United Kingdom less Extra-Regio,CI (26),"Manufacture of computer, electronic and optical products","2,684","2,802","3,447","4,689","6,062","5,815","6,781","7,249","9,581","9,874","10,913","11,652","11,099","11,625","11,367","12,381","12,497","11,173","12,408","13,124","13,255","13,330","13,883","15,039","14,041","14,161"
UKX,United Kingdom less Extra-Regio,CJ (27),Manufacture of electrical equipment,"6,008","6,137","6,442","7,679","8,355","8,624","7,427","7,372","7,874","7,920","8,266","6,594","5,951","6,412","7,097","6,753","6,612","6,037","5,701","6,126","6,086","7,052","9,492","7,870","5,726","5,477"
UKX,United Kingdom less Extra-Regio,CK (28),Manufacture of machinery and equipment,"13,785","14,221","14,467","14,822","15,440","16,214","17,651","17,781","18,559","19,909","18,562","13,856","15,927","17,645","17,767","18,085","17,434","16,080","14,664","15,714","17,266","15,766","16,412","18,154","16,223","16,095"
UKX,United Kingdom less Extra-Regio,CL (29-30),Manufacture of transport equipment,"17,807","18,496","20,772","22,402","21,034","22,392","24,135","25,296","27,958","27,344","31,743","24,462","23,524","28,289","24,952","26,203","28,667","27,814","27,206","29,081","28,636","27,839","27,682","29,652","27,990","32,032"
UKX,United Kingdom less Extra-Regio,29,Manufacture of motor vehicles,"9,035","8,192","9,132","10,342","9,298","9,531","9,808","10,419","11,455","12,132","16,050","11,954","12,432","14,046","13,624","15,914","18,803","18,828","17,159","18,120","17,026","15,350","14,312","16,066","15,524","18,740"
UKX,United Kingdom less Extra-Regio,30,Manufacture of other transport equipment,"8,127","9,841","11,135","11,368","11,136","12,292","13,796","14,305","15,877","14,609","15,138","11,973","10,813","13,934","11,142","10,400","10,154","9,354","10,099","11,006","11,629","12,455","13,460","13,606","12,466","13,292"
UKX,United Kingdom less Extra-Regio,CM (31-33),"Other manufacturing, repair and installation","14,646","16,144","16,339","15,735","16,335","16,277","16,091","16,714","18,857","19,123","18,031","17,849","18,956","18,399","18,955","19,381","19,874","18,165","17,455","18,066","18,936","18,705","18,149","18,859","18,530","18,928"
UKX,United Kingdom less Extra-Regio,31,Manufacture of furniture,"3,719","3,884","4,121","4,185","3,970","3,961","3,630","3,993","4,392","4,603","4,121","3,710","4,016","3,949","3,565","3,923","4,198","4,052","4,060","4,134","4,344","4,329","3,914","4,268","4,374","3,860"
UKX,United Kingdom less Extra-Regio,32,Other manufacturing,"3,651","4,248","4,336","4,628","4,875","5,469","5,583","5,750","6,653","6,910","6,880","6,740","6,866","7,005","6,969","6,069","6,190","6,194","5,439","5,896","5,906","6,054","5,903","6,059","5,231","5,358"
UKX,United Kingdom less Extra-Regio,33,Repair and installation of machinery and equipment,"7,518","8,267","8,083","6,960","7,617","6,901","7,013","7,042","7,925","7,688","7,191","7,658","8,289","7,684","8,731","9,496","9,568","8,046","7,970","8,089","8,697","8,359","8,365","8,559","8,925","9,710"
UKX,United Kingdom less Extra-Regio,D (35),"Electricity, gas, steam and air conditioning supply","29,520","35,539","30,580","39,612","36,544","41,598","36,752","29,663","32,864","31,434","28,789","29,353","27,150","24,510","25,847","27,851","25,426","31,537","32,564","30,649","29,196","32,996","36,018","27,002","24,871","25,791"
UKX,United Kingdom less Extra-Regio,E (36-39),Water supply; sewerage and waste management,"29,737","27,710","29,187","29,134","28,136","29,191","27,180","28,061","25,912","25,634","25,534","26,175","25,017","23,387","22,343","22,222","23,014","24,071","24,777","24,946","25,247","25,304","25,669","27,096","26,984","26,201"
UKX,United Kingdom less Extra-Regio,36,Water supply,"10,457","9,994","9,665","9,590","9,822","9,720","9,073","8,787","8,278","7,878","8,365","7,780","7,759","7,474","7,427","7,517","7,375","7,565","8,123","8,163","8,753","8,577","8,694","8,828","8,640","8,180"
UKX,United Kingdom less Extra-Regio,37,Sewerage activities,"7,487","7,452","9,088","9,505","9,980","10,174","9,997","9,976","9,729","9,347","9,241","9,205","9,302","8,885","8,191","8,218","8,115","8,249","8,519","8,258","8,146","8,051","8,517","8,553","8,398","8,059"
UKX,United Kingdom less Extra-Regio,38,"Waste collection, treatment and disposal activities","13,017","10,931","10,756","10,230","8,386","9,368","8,198","9,325","7,902","8,365","7,924","9,139","7,697","6,787","6,425","6,189","7,100","7,730","7,592","8,068","7,847","8,137","7,889","9,140","9,263","9,265"
UKX,United Kingdom less Extra-Regio,39,Remediation and other waste management services,279,279,239,270,242,219,184,194,156,146,112,137,148,150,216,241,360,487,469,415,468,511,507,576,683,697
UKX,United Kingdom less Extra-Regio,F (41-43),Construction,"128,042","135,050","134,736","134,851","134,166","131,369","130,405","129,295","130,722","128,663","120,287","101,251","110,184","116,426","114,976","120,654","124,972","130,406","128,291","133,656","131,262","132,130","115,153","128,890","138,259","141,712"
UKX,United Kingdom less Extra-Regio,41,Construction of buildings,"45,217","48,347","49,130","49,925","52,519","51,980","51,203","50,531","50,487","48,918","40,778","29,633","34,732","36,858","35,113","38,652","39,054","42,397","41,498","43,996","44,400","44,629","36,900","42,824","47,811","43,485"
UKX,United Kingdom less Extra-Regio,42,Civil engineering,"26,295","26,953","26,624","25,598","23,249","21,812","22,130","21,153","21,232","20,845","21,505","21,751","22,099","22,790","23,783","23,804","24,127","24,889","24,720","25,296","26,139","25,236","23,681","24,507","25,404","25,984"
UKX,United Kingdom less Extra-Regio,43,Specialised construction activities,"57,004","60,206","59,418","59,759","58,923","58,191","57,619","58,273","59,697","59,581","58,213","49,842","53,285","56,742","55,995","58,173","61,809","63,207","62,142","64,434","60,731","62,268","54,704","61,607","65,044","72,243"
UKX,United Kingdom less Extra-Regio,G-T,Services sector,"1,088,384","1,115,842","1,174,465","1,202,336","1,220,718","1,266,831","1,307,721","1,361,485","1,393,837","1,449,697","1,460,008","1,414,004","1,457,911","1,485,031","1,519,661","1,542,381","1,590,289","1,613,789","1,659,328","1,709,456","1,732,477","1,762,185","1,554,791","1,710,647","1,812,423","1,819,193"
UKX,United Kingdom less Extra-Regio,G (45-47),Wholesale and retail trade; repair of motor vehicles,"187,814","186,036","202,350","201,673","201,529","200,897","205,650","214,642","226,093","226,510","223,209","199,052","218,804","221,449","222,594","219,010","235,002","236,723","237,341","245,522","242,509","240,832","202,276","225,191","229,915","228,111"
UKX,United Kingdom less Extra-Regio,45,Motor trades,"32,479","31,896","34,941","37,139","36,993","36,092","34,759","34,839","33,597","34,407","33,261","27,007","34,654","31,969","34,572","35,210","37,371","39,079","36,796","38,948","37,716","34,951","26,104","28,819","31,387","35,603"
UKX,United Kingdom less Extra-Regio,46,Wholesale trade,"57,970","57,095","63,612","61,312","59,897","62,878","65,448","72,358","82,049","81,238","82,713","76,732","82,228","86,333","85,611","81,941","90,902","87,428","87,195","89,317","88,414","90,060","74,881","87,022","90,488","87,355"
UKX,United Kingdom less Extra-Regio,47,Retail trade,"99,716","99,427","105,993","106,315","108,077","104,544","107,703","109,079","111,743","112,141","108,482","96,495","103,591","104,735","103,993","103,223","108,705","111,627","114,244","118,209","117,247","116,472","101,728","109,459","108,040","105,153"
UKX,United Kingdom less Extra-Regio,H (49-53),Transportation and storage,"68,671","72,204","73,817","72,305","68,501","71,238","73,547","74,679","77,995","79,092","80,948","71,819","76,119","78,295","78,761","80,696","81,919","76,820","78,014","79,054","81,052","83,355","56,671","62,331","81,689","80,665"
UKX,United Kingdom less Extra-Regio,49,Land transport,"31,180","33,003","32,719","33,472","30,658","31,102","30,523","30,109","32,264","33,982","33,496","29,680","31,564","32,175","31,550","32,982","35,474","32,411","33,029","32,106","31,765","32,570","18,220","23,072","30,259","29,862"
UKX,United Kingdom less Extra-Regio,50,Water transport,"5,406","6,635","8,139","8,018","7,001","7,709","10,860","11,154","8,565","6,525","9,268","5,905","6,521","8,645","9,177","10,427","9,107","8,672","7,902","8,160","7,877","7,633","3,573","4,486","5,784","4,895"
UKX,United Kingdom less Extra-Regio,51,Air transport,"1,547","1,587","1,830","1,269","1,341","1,592","1,812","2,068","2,459","3,107","2,539","1,967","2,654","2,875","3,245","3,727","4,346","3,080","3,900","4,812","6,417","7,656",625,711,"3,608","5,334"
UKX,United Kingdom less Extra-Regio,52,Warehousing and transport support activities,"28,070","28,108","26,438","26,079","25,137","25,913","26,305","25,801","27,921","28,165","29,585","27,740","28,889","29,257","28,567","27,531","29,075","29,251","28,849","28,990","29,491","30,100","25,140","25,366","28,469","27,613"
UKX,United Kingdom less Extra-Regio,53,Postal and courier activities,"14,924","15,955","16,928","17,203","16,881","17,127","16,349","17,444","17,555","16,392","16,478","15,954","15,903","15,282","16,102","16,120","13,754","12,913","13,206","13,586","14,020","14,238","14,948","14,619","13,569","12,961"
UKX,United Kingdom less Extra-Regio,I (55-56),Accommodation and food service activities,"54,815","55,795","55,624","55,137","56,870","58,535","61,126","62,419","60,487","60,157","59,251","54,973","56,853","59,743","59,965","64,415","61,710","60,583","63,900","67,465","66,491","67,525","41,856","53,542","65,660","62,647"
UKX,United Kingdom less Extra-Regio,55,Accommodation,"11,689","12,650","12,213","11,517","12,544","13,599","14,031","14,563","15,163","14,803","13,671","12,135","13,369","15,036","16,291","17,555","17,697","17,965","19,328","19,686","20,196","20,860","10,304","14,864","19,750","17,539"
UKX,United Kingdom less Extra-Regio,56,Food and beverage service activities,"43,254","43,256","43,519","43,726","44,407","45,009","47,179","47,923","45,303","45,354","45,642","42,939","43,509","44,712","43,690","46,878","44,008","42,642","44,623","47,800","46,318","46,710","31,432","38,615","45,910","45,108"
UKX,United Kingdom less Extra-Regio,J (58-63),Information and communication,"14,008","16,714","21,888","24,430","27,443","32,262","35,620","39,288","41,651","46,885","49,217","51,599","54,815","61,167","64,467","68,187","76,582","84,168","93,493","97,357","107,622","117,389","123,734","133,709","139,369","136,388"
UKX,United Kingdom less Extra-Regio,58,Publishing activities,"8,034","8,483","9,186","9,694","10,303","11,386","12,533","12,833","12,720","13,958","13,054","13,880","13,971","13,669","13,590","14,957","14,277","13,719","13,265","12,756","12,546","12,583","12,889","12,203","12,523","12,190"
UKX,United Kingdom less Extra-Regio,59,"Motion picture, video and TV programme production","5,878","6,793","7,126","6,823","6,409","7,091","8,195","9,062","8,835","9,230","10,760","10,758","10,348","11,031","11,654","12,844","12,268","13,776","13,972","13,118","13,687","13,571","11,749","12,854","14,351","14,298"
UKX,United Kingdom less Extra-Regio,60,Programming and broadcasting activities,"5,893","6,283","7,330","7,859","8,006","8,053","8,130","7,979","8,187","8,363","9,437","9,472","9,319","9,275","9,086","9,502","9,457","9,611","10,176","8,856","7,703","7,959","7,168","7,726","7,791","6,741"
UKX,United Kingdom less Extra-Regio,61,Telecommunications,219,313,513,624,791,983,"1,190","1,359","1,606","1,900","2,134","2,616","3,093","4,026","4,614","5,149","6,944","9,032","11,435","13,657","18,243","22,201","28,413","32,483","33,106","35,110"
UKX,United Kingdom less Extra-Regio,62,Computer programming and consultancy,"16,029","17,172","19,970","22,334","24,515","30,382","30,922","34,780","35,120","39,869","40,245","37,927","39,050","41,720","42,227","41,508","45,429","46,048","49,847","50,645","52,199","56,376","56,190","59,509","61,556","57,474"
UKX,United Kingdom less Extra-Regio,63,Information service activities,"6,214","6,168","7,435","7,471","7,523","7,450","7,599","8,141","8,256","8,770","8,004","7,128","7,198","7,193","7,494","8,057","8,113","7,876","8,152","8,119","8,507","8,257","7,854","8,914","10,042","10,575"
UKX,United Kingdom less Extra-Regio,K (64-66),Financial and insurance activities,"140,163","139,220","146,447","144,841","152,545","157,714","162,164","185,502","181,137","226,428","230,138","215,636","211,831","201,122","203,924","194,180","192,170","183,316","196,564","209,026","205,315","199,803","196,293","203,631","200,297","199,144"
UKX,United Kingdom less Extra-Regio,64,Financial service activities,"100,538","96,687","98,135","105,459","124,186","133,097","147,527","157,442","178,980","203,446","195,375","170,225","158,089","155,070","150,641","142,999","130,082","126,906","135,591","132,955","124,161","116,536","102,959","97,983","98,192","99,818"
UKX,United Kingdom less Extra-Regio,65,Insurance and pension funding,"38,785","39,266","41,392","34,854","27,808","25,342","22,165","32,867","19,667","30,968","32,060","30,130","34,172","29,018","32,363","28,689","34,274","28,851","29,953","36,465","37,585","35,581","39,970","43,463","41,931","41,501"
UKX,United Kingdom less Extra-Regio,66,Activities auxiliary to finance and insurance,"15,332","16,885","20,538","19,891","22,434","24,310","22,945","20,378","21,984","25,496","31,143","36,390","35,153","33,490","34,915","36,279","35,420","36,800","40,859","46,277","48,282","50,945","54,058","62,090","60,174","57,825"
UKX,United Kingdom less Extra-Regio,L (68),Real estate activities,"186,234","190,864","190,742","192,968","194,368","202,145","203,144","205,475","211,885","210,125","213,507","218,713","226,732","232,791","248,073","255,690","263,035","270,305","275,787","276,155","282,135","286,878","285,475","290,254","292,868","293,458"
UKX,United Kingdom less Extra-Regio,68IMP,Owner-occupiers' imputed rental,"153,023","158,744","160,072","162,251","161,741","166,513","168,637","168,227","173,908","170,194","169,354","170,184","172,922","170,634","177,849","182,091","186,233","192,229","198,468","198,066","204,023","206,678","207,228","209,730","209,733","212,183"
UKX,United Kingdom less Extra-Regio,68,"Real estate activities, excluding imputed rental","35,947","34,991","33,613","33,720","35,473","38,383","37,411","39,947","40,807","42,463","46,301","50,465","55,281","62,593","70,188","73,414","76,467","77,826","77,355","78,041","78,272","80,283","78,492","80,668","83,135","81,275"
UKX,United Kingdom less Extra-Regio,M (69-75),"Professional, scientific and technical activities","95,415","100,054","105,642","109,583","113,102","121,177","128,791","131,775","140,964","143,885","141,123","133,982","139,253","138,534","140,573","147,382","152,442","158,315","158,961","162,483","163,115","166,929","158,734","173,539","188,074","188,491"
UKX,United Kingdom less Extra-Regio,69,Legal and accounting activities,"31,152","33,644","35,704","36,609","36,529","39,014","42,416","43,485","47,683","48,027","47,121","47,207","48,445","48,867","50,601","54,466","55,361","56,631","57,751","59,136","58,446","60,431","58,545","63,807","67,565","67,432"
UKX,United Kingdom less Extra-Regio,70,Head offices and management consultancy,"12,655","12,674","14,413","16,233","16,031","17,671","16,986","17,467","18,706","20,586","22,121","19,949","20,173","20,798","20,538","22,841","24,906","24,752","25,626","25,945","25,947","27,598","25,664","30,101","32,482","32,743"
UKX,United Kingdom less Extra-Regio,71,Architectural and engineering activities,"16,399","17,076","17,486","17,475","18,679","19,363","20,956","20,649","22,139","22,508","23,301","22,262","22,606","21,296","22,020","24,153","25,379","26,085","25,197","26,433","25,189","24,959","23,100","24,476","26,026","26,425"
UKX,United Kingdom less Extra-Regio,72,Scientific research and development,"19,660","19,413","17,532","17,564","20,047","20,820","23,469","23,912","22,733","23,974","23,692","21,847","26,158","23,601","22,136","15,892","16,830","17,226","16,732","15,768","17,816","17,417","17,810","17,527","20,421","20,051"
UKX,United Kingdom less Extra-Regio,73,Advertising and market research,"10,026","11,037","12,352","13,183","13,790","15,993","16,693","17,432","19,449","18,842","15,298","13,569","14,039","15,147","16,108","17,072","16,438","20,484","19,373","19,958","20,674","20,321","19,245","21,356","23,731","23,297"
UKX,United Kingdom less Extra-Regio,74,"Other professional, scientific and technical activities","6,837","6,877","7,505","7,735","7,941","8,181","8,578","8,917","9,430","9,284","8,838","8,053","7,840","8,131","7,899","9,207","10,136","9,308","10,048","10,420","9,939","11,181","9,496","10,683","11,803","13,175"
UKX,United Kingdom less Extra-Regio,75,Veterinary activities,"2,086","2,298","2,484","2,451","2,419","2,433","2,589","2,986","3,108","3,306","3,355","3,483","3,542","3,508","3,568","3,811","3,468","3,673","4,123","4,528","4,997","4,851","4,806","5,643","6,046","5,368"
UKX,United Kingdom less Extra-Regio,N (77-82),Administrative and support service activities,"58,984","59,326","60,637","63,799","63,421","64,522","66,678","68,990","71,196","75,215","77,488","73,244","75,147","78,892","82,692","91,486","98,622","104,802","105,944","109,944","110,068","111,794","94,568","101,484","113,127","120,822"
UKX,United Kingdom less Extra-Regio,77,Rental and leasing activities,"17,435","17,875","18,901","20,156","21,008","20,930","20,792","22,396","22,396","23,146","22,028","22,219","21,681","21,542","22,135","25,343","26,464","28,432","27,948","30,493","29,392","30,284","27,604","26,756","25,465","27,947"
UKX,United Kingdom less Extra-Regio,78,Employment activities,"13,322","14,031","15,085","15,804","15,182","16,630","17,464","17,619","18,274","19,301","20,793","19,134","19,748","20,478","21,267","23,855","26,263","28,231","27,288","29,391","30,195","30,370","27,701","29,434","30,787","28,302"
UKX,United Kingdom less Extra-Regio,79,Travel agency and tour operator activities,"15,552","14,237","11,309","9,183","6,862","5,998","5,975","6,549","7,631","8,642","8,922","7,185","7,023","7,934","8,515","8,471","10,079","10,608","11,768","11,427","11,237","11,209","4,358","4,984","9,826","10,731"
UKX,United Kingdom less Extra-Regio,80,Security and investigation activities,"2,655","2,608","2,801","2,961","2,817","2,828","2,716","2,753","2,729","2,903","2,863","2,758","2,681","2,960","3,069","3,189","3,456","3,502","3,484","3,735","4,022","4,023","3,710","3,990","3,976","3,923"
UKX,United Kingdom less Extra-Regio,81,Services to buildings and landscape activities,"4,936","4,965","4,985","5,286","5,389","5,393","6,156","6,228","6,317","6,595","7,694","7,767","8,305","9,061","9,080","10,202","9,880","10,501","11,407","11,904","12,144","13,063","11,339","12,519","14,795","15,636"
UKX,United Kingdom less Extra-Regio,82,Office administration and business support activities,"12,217","11,816","11,863","13,579","14,515","14,684","15,239","15,425","15,958","16,942","16,817","15,538","16,744","17,725","19,566","21,581","23,666","24,833","25,118","24,264","24,009","23,808","21,089","24,462","28,278","34,283"
UKX,United Kingdom less Extra-Regio,O (84),Public administration and defence,"91,959","92,022","90,148","93,034","92,471","93,476","95,398","98,048","99,736","99,813","100,031","103,535","100,621","100,658","99,048","97,535","97,158","96,059","99,651","101,986","102,944","106,956","102,674","106,907","113,037","114,532"
UKX,United Kingdom less Extra-Regio,P (85),Education,"120,336","122,703","124,210","124,944","121,193","119,081","119,998","118,684","115,241","114,221","112,067","110,481","109,621","113,498","116,718","114,124","114,300","115,477","114,885","115,951","120,520","127,281","105,482","123,839","136,033","140,042"
UKX,United Kingdom less Extra-Regio,Q (86-88),Human health and social work activities,"135,166","134,283","138,608","151,773","152,942","159,796","165,209","170,718","171,419","172,402","174,751","170,190","175,180","177,796","180,918","181,990","183,119","189,717","194,715","202,179","201,487","198,538","140,925","176,318","183,265","184,151"
UKX,United Kingdom less Extra-Regio,86,Human health activities,"100,987","100,017","103,203","115,073","115,943","121,364","126,102","131,278","131,931","134,414","135,109","131,189","132,489","135,054","140,308","138,663","140,701","145,990","148,278","155,991","156,781","155,287","93,161","125,495","127,367","125,629"
UKX,United Kingdom less Extra-Regio,87,Residential care activities,"20,950","20,755","22,104","22,165","21,810","21,846","22,480","23,091","23,470","22,714","23,446","23,366","23,972","25,157","23,909","23,429","23,387","23,465","24,462","23,598","23,084","23,049","23,579","23,172","25,082","26,779"
UKX,United Kingdom less Extra-Regio,88,Social work activities,"18,758","18,998","18,974","20,860","21,550","23,242","23,574","23,619","23,337","22,831","23,690","22,884","25,990","24,949","24,426","27,222","26,599","28,132","29,726","31,047","30,359","29,019","25,938","27,820","30,816","31,743"
UKX,United Kingdom less Extra-Regio,R (90-93),"Arts, entertainment and recreation","25,615","26,155","26,676","27,451","29,289","32,357","33,992","35,234","35,393","33,147","33,125","30,958","30,235","32,447","31,203","32,351","32,381","31,426","29,806","31,719","31,676","32,829","23,143","27,090","30,973","31,957"
UKX,United Kingdom less Extra-Regio,90,"Creative, arts and entertainment activities","6,613","6,956","7,890","7,342","7,966","7,335","7,309","8,067","8,764","8,935","7,994","7,642","7,677","8,196","8,026","8,417","8,045","8,371","7,950","8,435","8,791","9,449","6,259","7,822","8,819","9,194"
UKX,United Kingdom less Extra-Regio,91,"Libraries, archives, museums and other cultural activities","2,178","2,283","2,546","2,595","2,616","3,023","3,096","3,246","3,219","2,926","2,972","2,996","2,959","2,741","2,661","2,673","2,560","2,558","2,595","2,638","2,722","2,565","1,953","2,231","2,564","2,750"
UKX,United Kingdom less Extra-Regio,92,Gambling and betting activities,"8,436","8,166","6,550","7,154","7,257","8,936","10,047","10,057","9,048","8,880","8,962","7,753","6,588","8,496","7,325","8,261","8,771","7,599","5,334","6,660","6,337","6,332","4,934","4,983","5,214","5,072"
UKX,United Kingdom less Extra-Regio,93,"Sports, amusement and recreation activities","9,069","9,283","9,633","10,479","11,497","13,368","13,999","14,256","14,576","12,677","13,476","12,704","12,986","13,201","13,279","13,155","13,219","13,034","13,919","14,031","13,855","14,506","10,015","12,062","14,376","14,941"
UKX,United Kingdom less Extra-Regio,S (94-96),Other service activities,"33,262","31,253","31,546","30,541","31,610","30,028","30,328","29,960","30,391","30,083","30,086","30,923","30,935","29,864","30,011","30,780","31,879","32,211","33,138","35,323","36,464","36,275","29,841","32,978","35,792","36,836"
UKX,United Kingdom less Extra-Regio,94,Activities of membership organisations,"8,550","7,646","7,696","7,362","7,901","7,795","8,184","8,119","8,470","8,141","7,793","8,192","8,215","7,801","7,661","8,091","8,176","8,029","7,662","8,575","8,665","8,914","7,740","8,903","9,257","10,489"
UKX,United Kingdom less Extra-Regio,95,"Repair of computers, personal and household goods","3,370","3,067","2,939","2,638","2,738","2,284","2,534","2,409","2,631","2,286","2,491","2,321","2,442","2,879","2,669","2,786","3,345","3,276","3,688","3,653","3,619","3,011","2,569","2,906","2,903","2,888"
UKX,United Kingdom less Extra-Regio,96,Other personal service activities,"21,284","20,538","20,914","20,560","20,964","19,930","19,558","19,380","19,214","19,594","19,779","20,353","20,221","19,175","19,684","19,879","20,407","20,970","21,961","23,199","24,292","24,397","19,544","21,163","23,632","23,459"
UKX,United Kingdom less Extra-Regio,T (97-98),Activities of households ,"3,420","3,509","3,965","3,818","3,116","2,569","2,671","3,107","2,854","2,401","2,493","2,188","2,864","2,807","2,842","2,991","3,198","3,033","3,669","3,612","3,920","4,171","3,015","2,868","2,324","1,948"
