Quarter,Female_15-24_mean,Female_25-54_mean,Female_55-64_mean,Female_65+_mean,Male_15-24_mean,Male_25-54_mean,Male_55-64_mean,Male_65+_mean,Female_15-24_p05,Female_25-54_p05,Female_55-64_p05,Female_65+_p05,Male_15-24_p05,Male_25-54_p05,Male_55-64_p05,Male_65+_p05,Female_15-24_p95,Female_25-54_p95,Female_55-64_p95,Female_65+_p95,Male_15-24_p95,Male_25-54_p95,Male_55-64_p95,Male_65+_p95
1995Q2,0.027834317698191516,0.20491357800316723,0.04157612692669419,0.006124858219290942,0.07141484890248573,0.5257492700140705,0.10667237669035262,0.01571462354574727,0.027834317698191516,0.20491357800316723,0.04157612692669419,0.006124858219290942,0.07141484890248573,0.5257492700140705,0.10667237669035262,0.01571462354574727,0.027834317698191516,0.20491357800316723,0.04157612692669419,0.006124858219290942,0.07141484890248573,0.5257492700140705,0.10667237669035262,0.01571462354574727
1995Q3,0.02768344793875117,0.20380288930030005,0.04135077273134781,0.006091659780724197,0.07156571866192608,0.5268599587169377,0.10689773088569901,0.015747821984314014,0.02768344793875117,0.20380288930030005,0.04135077273134781,0.006091659780724197,0.07156571866192608,0.5268599587169377,0.10689773088569901,0.015747821984314014,0.02768344793875117,0.20380288930030005,0.04135077273134781,0.006091659780724197,0.07156571866192608,0.5268599587169377,0.10689773088569901,0.015747821984314014
1995Q4,0.027534596594938784,0.2027070599797502,0.041128433443902115,0.006058905488469314,0.07171457000573847,0.5279557880374876,0.10712007017314473,0.0157805762765689,0.027534596594938784,0.2027070599797502,0.041128433443902115,0.006058905488469314,0.07171457000573847,0.5279557880374876,0.10712007017314473,0.0157805762765689,0.027534596594938784,0.2027070599797502,0.041128433443902115,0.006058905488469314,0.07171457000573847,0.5279557880374876,0.10712007017314473,0.0157805762765689
1996Q1,0.027387723430752037,0.20162579382792684,0.04090904896383095,0.00602658648871453,0.0718614431699252,0.5290370541893108,0.10733945465321584,0.01581289527632368,0.027387723430752037,0.20162579382792684,0.04090904896383095,0.00602658648871453,0.0718614431699252,0.5290370541893108,0.10733945465321584,0.01581289527632368,0.027387723430752037,0.20162579382792684,0.04090904896383095,0.00602658648871453,0.0718614431699252,0.5290370541893108,0.10733945465321584,0.01581289527632368
1996Q2,0.027242789272572742,0.2005588024524089,0.04069256077749156,0.005994694161422521,0.07200637732810451,0.5301040455648288,0.10755594283955526,0.01584478760361569,0.027242789272572742,0.2005588024524089,0.04069256077749156,0.005994694161422521,0.07200637732810451,0.5301040455648288,0.10755594283955526,0.01584478760361569,0.027242789272572742,0.2005588024524089,0.04069256077749156,0.005994694161422521,0.07200637732810451,0.5301040455648288,0.10755594283955526,0.01584478760361569
1996Q3,0.027170226790541926,0.2000246044173448,0.04058417418092609,0.0059787270046451355,0.07207893981013531,0.5306382435998929,0.10766432943612073,0.015860754760393076,0.027170226790541926,0.2000246044173448,0.04058417418092609,0.0059787270046451355,0.07207893981013531,0.5306382435998929,0.10766432943612073,0.015860754760393076,0.027170226790541926,0.2000246044173448,0.04058417418092609,0.0059787270046451355,0.07207893981013531,0.5306382435998929,0.10766432943612073,0.015860754760393076
1996Q4,0.02709729983975284,0.1994877231982293,0.04047524317729021,0.005962679647609421,0.0721518667609244,0.5311751248190084,0.10777326043975662,0.01587680211742879,0.02709729983975284,0.1994877231982293,0.04047524317729021,0.005962679647609421,0.0721518667609244,0.5311751248190084,0.10777326043975662,0.01587680211742879,0.02709729983975284,0.1994877231982293,0.04047524317729021,0.005962679647609421,0.0721518667609244,0.5311751248190084,0.10777326043975662,0.01587680211742879
1997Q1,0.027024005667296774,0.19894813852841253,0.04036576365456355,0.005946551484546067,0.07222516093338047,0.531714709488825,0.10788273996248327,0.015892930280492143,0.027024005667296774,0.19894813852841253,0.04036576365456355,0.005946551484546067,0.07222516093338047,0.531714709488825,0.10788273996248327,0.015892930280492143,0.027024005667296774,0.19894813852841253,0.04036576365456355,0.005946551484546067,0.07222516093338047,0.531714709488825,0.10788273996248327,0.015892930280492143
1997Q2,0.02695034149247068,0.19840582993662528,0.040255731459209285,0.005930341903569695,0.07229882510820658,0.5322570180806124,0.10799277215783755,0.015909139861468517,0.02695034149247068,0.19840582993662528,0.040255731459209285,0.005930341903569695,0.07229882510820658,0.5322570180806124,0.10799277215783755,0.015909139861468517,0.02695034149247068,0.19840582993662528,0.040255731459209285,0.005930341903569695,0.07229882510820658,0.5322570180806124,0.10799277215783755,0.015909139861468517
1997Q3,0.026838991900645405,0.19758608491835267,0.040089408547573334,0.005905839759486241,0.07241017470003185,0.533076763098885,0.10815909506947348,0.01593364200555197,0.026838991900645405,0.19758608491835267,0.040089408547573334,0.005905839759486241,0.07241017470003185,0.533076763098885,0.10815909506947348,0.01593364200555197,0.026838991900645405,0.19758608491835267,0.040089408547573334,0.005905839759486241,0.07241017470003185,0.533076763098885,0.10815909506947348,0.01593364200555197
1997Q4,0.026727681253526512,0.19676662660727426,0.03992314380765452,0.00588134618506875,0.07252148534715074,0.5338962214099634,0.10832535980939231,0.015958135579969463,0.026727681253526512,0.19676662660727426,0.03992314380765452,0.00588134618506875,0.07252148534715074,0.5338962214099634,0.10832535980939231,0.015958135579969463,0.026727681253526512,0.19676662660727426,0.03992314380765452,0.00588134618506875,0.07252148534715074,0.5338962214099634,0.10832535980939231,0.015958135579969463
1998Q1,0.026616409530686135,0.19594745485300202,0.03975693720893972,0.005856861175822131,0.07263275706999112,0.5347153931642358,0.1084915664081071,0.01598262058921608,0.026616409530686135,0.19594745485300202,0.03975693720893972,0.005856861175822131,0.07263275706999112,0.5347153931642358,0.1084915664081071,0.01598262058921608,0.026616409530686135,0.19594745485300202,0.03975693720893972,0.005856861175822131,0.07263275706999112,0.5347153931642358,0.1084915664081071,0.01598262058921608
1998Q2,0.026505176711710647,0.19512856950525279,0.03959078872093712,0.005832384727254428,0.07274398988896662,0.535534278511985,0.10865771489610974,0.016007097037783788,0.026505176711710647,0.19512856950525279,0.03959078872093712,0.005832384727254428,0.07274398988896662,0.535534278511985,0.10865771489610974,0.016007097037783788,0.026505176711710647,0.19512856950525279,0.03959078872093712,0.005832384727254428,0.07274398988896662,0.535534278511985,0.10865771489610974,0.016007097037783788
1998Q3,0.026646401798841146,0.19616825505535343,0.03980173666697398,0.005863460884574336,0.07260276480183611,0.5344945929618844,0.10844676695007285,0.01597602088046388,0.026646401798841146,0.19616825505535343,0.03980173666697398,0.005863460884574336,0.07260276480183611,0.5344945929618844,0.10844676695007285,0.01597602088046388,0.026646401798841146,0.19616825505535343,0.03980173666697398,0.005863460884574336,0.07260276480183611,0.5344945929618844,0.10844676695007285,0.01597602088046388
1998Q4,0.0267910988283618,0.19723350071242346,0.04001787065417989,0.005895301032415436,0.07245806777231546,0.5334293473048144,0.10823063296286696,0.015944180732622777,0.0267910988283618,0.19723350071242346,0.04001787065417989,0.005895301032415436,0.07245806777231546,0.5334293473048144,0.10823063296286696,0.015944180732622777,0.0267910988283618,0.19723350071242346,0.04001787065417989,0.005895301032415436,0.07245806777231546,0.5334293473048144,0.10823063296286696,0.015944180732622777
1999Q1,0.026939397427418216,0.19832526077907967,0.040239384306652894,0.005927933694842761,0.07230976917325903,0.532337587238158,0.10800911931039392,0.015911548070195455,0.026939397427418216,0.19832526077907967,0.040239384306652894,0.005927933694842761,0.07230976917325903,0.532337587238158,0.10800911931039392,0.015911548070195455,0.026939397427418216,0.19832526077907967,0.040239384306652894,0.005927933694842761,0.07230976917325903,0.532337587238158,0.10800911931039392,0.015911548070195455
1999Q2,0.02709143375742397,0.19944453766259293,0.04046648100872865,0.005961388833767437,0.07215773284325329,0.5312183103546448,0.10778202260831819,0.015878092931270776,0.02709143375742397,0.19944453766259293,0.04046648100872865,0.005961388833767437,0.07215773284325329,0.5312183103546448,0.10778202260831819,0.015878092931270776,0.02709143375742397,0.19944453766259293,0.04046648100872865,0.005961388833767437,0.07215773284325329,0.5312183103546448,0.10778202260831819,0.015878092931270776
1999Q3,0.027055580605387736,0.19918059019507828,0.04041292714705532,0.0059534994550760785,0.07219358599528952,0.5314822578221594,0.10783557646999149,0.015885982309962132,0.027055580605387736,0.19918059019507828,0.04041292714705532,0.0059534994550760785,0.07219358599528952,0.5314822578221594,0.10783557646999149,0.015885982309962132,0.027055580605387736,0.19918059019507828,0.04041292714705532,0.0059534994550760785,0.07219358599528952,0.5314822578221594,0.10783557646999149,0.015885982309962132
1999Q4,0.02676560750942577,0.1970458360666491,0.0399797942650582,0.005889691744054254,0.0724835590912515,0.5336170119505886,0.10826870935198864,0.01594979002098396,0.02676560750942577,0.1970458360666491,0.0399797942650582,0.005889691744054254,0.0724835590912515,0.5336170119505886,0.10826870935198864,0.01594979002098396,0.02676560750942577,0.1970458360666491,0.0399797942650582,0.005889691744054254,0.0724835590912515,0.5336170119505886,0.10826870935198864,0.01594979002098396
2000Q1,0.02649442701899408,0.19504943129820668,0.039574731902384815,0.005830019289577677,0.07275473958168317,0.5356134167190311,0.10867377171466203,0.016009462475460538,0.02649442701899408,0.19504943129820668,0.039574731902384815,0.005830019289577677,0.07275473958168317,0.5356134167190311,0.10867377171466203,0.016009462475460538,0.02649442701899408,0.19504943129820668,0.039574731902384815,0.005830019289577677,0.07275473958168317,0.5356134167190311,0.10867377171466203,0.016009462475460538
2000Q2,0.026460857887626175,0.19480229857184916,0.03952458968292377,0.005822632502791575,0.07278830871305107,0.5358605494453885,0.10872391393412306,0.01601684926224664,0.026460857887626175,0.19480229857184916,0.03952458968292377,0.005822632502791575,0.07278830871305107,0.5358605494453885,0.10872391393412306,0.01601684926224664,0.026460857887626175,0.19480229857184916,0.03952458968292377,0.005822632502791575,0.07278830871305107,0.5358605494453885,0.10872391393412306,0.01601684926224664
2000Q3,0.026458797167134333,0.1947871277451802,0.039521511584237896,0.005822179047421159,0.07279036943354293,0.5358757202720575,0.10872699203280896,0.016017302717617057,0.026458797167134333,0.1947871277451802,0.039521511584237896,0.005822179047421159,0.07279036943354293,0.5358757202720575,0.10872699203280896,0.016017302717617057,0.026458797167134333,0.1947871277451802,0.039521511584237896,0.005822179047421159,0.07279036943354293,0.5358757202720575,0.10872699203280896,0.016017302717617057
2000Q4,0.02667098004725322,0.1963491977634801,0.03983844920243817,0.005868869254502234,0.07257818655342402,0.5343136502537577,0.10841005441460867,0.015970612510535977,0.02667098004725322,0.1963491977634801,0.03983844920243817,0.005868869254502234,0.07257818655342402,0.5343136502537577,0.10841005441460867,0.015970612510535977,0.02667098004725322,0.1963491977634801,0.03983844920243817,0.005868869254502234,0.07257818655342402,0.5343136502537577,0.10841005441460867,0.015970612510535977
2001Q1,0.02618949398978574,0.19280454357564955,0.03911925336456058,0.005762919690064184,0.07305967261089151,0.5378583044415881,0.10912925025248622,0.016076562074974023,0.02618949398978574,0.19280454357564955,0.03911925336456058,0.005762919690064184,0.07305967261089151,0.5378583044415881,0.10912925025248622,0.016076562074974023,0.02618949398978574,0.19280454357564955,0.03911925336456058,0.005762919690064184,0.07305967261089151,0.5378583044415881,0.10912925025248622,0.016076562074974023
2001Q2,0.02597309089554358,0.191211404745629,0.0387960120115266,0.005715300837508831,0.07327607570513366,0.5394514432716087,0.10945249160552022,0.01612418092752938,0.02597309089554358,0.191211404745629,0.0387960120115266,0.005715300837508831,0.07327607570513366,0.5394514432716087,0.10945249160552022,0.01612418092752938,0.02597309089554358,0.191211404745629,0.0387960120115266,0.005715300837508831,0.07327607570513366,0.5394514432716087,0.10945249160552022,0.01612418092752938
2001Q3,0.026432870388136985,0.1945962572841885,0.039482784748319656,0.005816473937378101,0.07281629621254025,0.5360665907330491,0.10876571886872716,0.01602300782766011,0.026432870388136985,0.1945962572841885,0.039482784748319656,0.005816473937378101,0.07281629621254025,0.5360665907330491,0.10876571886872716,0.01602300782766011,0.026432870388136985,0.1945962572841885,0.039482784748319656,0.005816473937378101,0.07281629621254025,0.5360665907330491,0.10876571886872716,0.01602300782766011
2001Q4,0.026247566015478667,0.19323206426057019,0.03920599556306816,0.005775698265337086,0.07300160058519858,0.5374307837566675,0.10904250805397865,0.016063783499701126,0.026247566015478667,0.19323206426057019,0.03920599556306816,0.005775698265337086,0.07300160058519858,0.5374307837566675,0.10904250805397865,0.016063783499701126,0.026247566015478667,0.19323206426057019,0.03920599556306816,0.005775698265337086,0.07300160058519858,0.5374307837566675,0.10904250805397865,0.016063783499701126
2002Q1,0.026134137621879442,0.19239701530296346,0.039036567544730956,0.005750738687151258,0.0731150289787978,0.5382658327142743,0.10921193607231587,0.016088743077886956,0.026134137621879442,0.19239701530296346,0.039036567544730956,0.005750738687151258,0.0731150289787978,0.5382658327142743,0.10921193607231587,0.016088743077886956,0.026134137621879442,0.19239701530296346,0.039036567544730956,0.005750738687151258,0.0731150289787978,0.5382658327142743,0.10921193607231587,0.016088743077886956
2002Q2,0.025802151385916603,0.18995296446627385,0.03854067962558131,0.005677686110541465,0.07344701521476066,0.5407098835509638,0.10970782399146552,0.016161795654496748,0.025802151385916603,0.18995296446627385,0.03854067962558131,0.005677686110541465,0.07344701521476066,0.5407098835509638,0.10970782399146552,0.016161795654496748,0.025802151385916603,0.18995296446627385,0.03854067962558131,0.005677686110541465,0.07344701521476066,0.5407098835509638,0.10970782399146552,0.016161795654496748
2002Q3,0.025424990358308,0.18717634114506876,0.03797731410946964,0.005594692956371392,0.07382417624236927,0.5434865068721689,0.1102711895075772,0.016244788808666824,0.025424990358308,0.18717634114506876,0.03797731410946964,0.005594692956371392,0.07382417624236927,0.5434865068721689,0.1102711895075772,0.016244788808666824,0.025424990358308,0.18717634114506876,0.03797731410946964,0.005594692956371392,0.07382417624236927,0.5434865068721689,0.1102711895075772,0.016244788808666824
2002Q4,0.0253978526193239,0.1869765557127674,0.03793677846233289,0.005588721378211224,0.07385131398135333,0.5436862923044703,0.11031172515471392,0.016250760386826983,0.0253978526193239,0.1869765557127674,0.03793677846233289,0.005588721378211224,0.07385131398135333,0.5436862923044703,0.11031172515471392,0.016250760386826983,0.0253978526193239,0.1869765557127674,0.03793677846233289,0.005588721378211224,0.07385131398135333,0.5436862923044703,0.11031172515471392,0.016250760386826983
2003Q1,0.025319630343173593,0.18640069081608435,0.03781993782995297,0.005571508800694298,0.07392953625750366,0.5442621572011532,0.11042856578709384,0.016267972964343912,0.025319630343173593,0.18640069081608435,0.03781993782995297,0.005571508800694298,0.07392953625750366,0.5442621572011532,0.11042856578709384,0.016267972964343912,0.025319630343173593,0.18640069081608435,0.03781993782995297,0.005571508800694298,0.07392953625750366,0.5442621572011532,0.11042856578709384,0.016267972964343912
2003Q2,0.025357603571186906,0.18668024607965902,0.03787665844961453,0.005579864695752774,0.07389156302949035,0.5439826019375786,0.1103718451674323,0.01625961706928544,0.025357603571186906,0.18668024607965902,0.03787665844961453,0.005579864695752774,0.07389156302949035,0.5439826019375786,0.1103718451674323,0.01625961706928544,0.025357603571186906,0.18668024607965902,0.03787665844961453,0.005579864695752774,0.07389156302949035,0.5439826019375786,0.1103718451674323,0.01625961706928544
2003Q3,0.02551548884538623,0.18784258232949982,0.03811249172101508,0.005614606877324107,0.07373367775529102,0.5428202656877378,0.11013601189603173,0.016224874887714104,0.02551548884538623,0.18784258232949982,0.03811249172101508,0.005614606877324107,0.07373367775529102,0.5428202656877378,0.11013601189603173,0.016224874887714104,0.02551548884538623,0.18784258232949982,0.03811249172101508,0.005614606877324107,0.07373367775529102,0.5428202656877378,0.11013601189603173,0.016224874887714104
2003Q4,0.02531729080180099,0.18638346733682598,0.03781644325645157,0.005570993991624403,0.07393187579887628,0.5442793806804117,0.11043206036059526,0.01626848777341381,0.02531729080180099,0.18638346733682598,0.03781644325645157,0.005570993991624403,0.07393187579887628,0.5442793806804117,0.11043206036059526,0.01626848777341381,0.02531729080180099,0.18638346733682598,0.03781644325645157,0.005570993991624403,0.07393187579887628,0.5442793806804117,0.11043206036059526,0.01626848777341381
2004Q1,0.024746098382889974,0.18217840351753412,0.0369632530052764,0.0054453048111063876,0.0745030682177873,0.5484844444997037,0.11128525061177044,0.016394176953931826,0.024746098382889974,0.18217840351753412,0.0369632530052764,0.0054453048111063876,0.0745030682177873,0.5484844444997037,0.11128525061177044,0.016394176953931826,0.024746098382889974,0.18217840351753412,0.0369632530052764,0.0054453048111063876,0.0745030682177873,0.5484844444997037,0.11128525061177044,0.016394176953931826
2004Q2,0.02496910999906828,0.18382019365239105,0.037296365509088866,0.005494377849114996,0.074280056601609,0.5468426543648467,0.110952138107958,0.016345103915923222,0.02496910999906828,0.18382019365239105,0.037296365509088866,0.005494377849114996,0.074280056601609,0.5468426543648467,0.110952138107958,0.016345103915923222,0.02496910999906828,0.18382019365239105,0.037296365509088866,0.005494377849114996,0.074280056601609,0.5468426543648467,0.110952138107958,0.016345103915923222
2004Q3,0.025019728873279412,0.18419284495074748,0.037371974933465925,0.005505516380733591,0.07422943772739783,0.5464700030664902,0.1108765286835809,0.016333965384304622,0.025019728873279412,0.18419284495074748,0.037371974933465925,0.005505516380733591,0.07422943772739783,0.5464700030664902,0.1108765286835809,0.016333965384304622,0.025019728873279412,0.18419284495074748,0.037371974933465925,0.005505516380733591,0.07422943772739783,0.5464700030664902,0.1108765286835809,0.016333965384304622
2004Q4,0.02465832148789709,0.18153219843307575,0.03683214063647231,0.0054259897683383036,0.07459084511278016,0.549130649584162,0.11141636298057452,0.016413491996699912,0.02465832148789709,0.18153219843307575,0.03683214063647231,0.0054259897683383036,0.07459084511278016,0.549130649584162,0.11141636298057452,0.016413491996699912,0.02465832148789709,0.18153219843307575,0.03683214063647231,0.0054259897683383036,0.07459084511278016,0.549130649584162,0.11141636298057452,0.016413491996699912
2005Q1,0.02491920442975581,0.18345279363630346,0.037221821548407585,0.0054833962781023265,0.07432996217092144,0.5472100543809343,0.11102668206863925,0.016356085486935887,0.02491920442975581,0.18345279363630346,0.037221821548407585,0.0054833962781023265,0.07432996217092144,0.5472100543809343,0.11102668206863925,0.016356085486935887,0.02491920442975581,0.18345279363630346,0.037221821548407585,0.0054833962781023265,0.07432996217092144,0.5472100543809343,0.11102668206863925,0.016356085486935887
2005Q2,0.025116657148499127,0.18490642161895654,0.0375167567210785,0.005526845157303521,0.07413250945217811,0.5457564263982811,0.11073174689596833,0.01631263660773469,0.025116657148499127,0.18490642161895654,0.0375167567210785,0.005526845157303521,0.07413250945217811,0.5457564263982811,0.11073174689596833,0.01631263660773469,0.025116657148499127,0.18490642161895654,0.0375167567210785,0.005526845157303521,0.07413250945217811,0.5457564263982811,0.11073174689596833,0.01631263660773469
2005Q3,0.02494218526652119,0.18362197635305486,0.03725614802971743,0.005488453142383135,0.07430698133415607,0.5470408716641829,0.11099235558732938,0.016351028622655077,0.02494218526652119,0.18362197635305486,0.03725614802971743,0.005488453142383135,0.07430698133415607,0.5470408716641829,0.11099235558732938,0.016351028622655077,0.02494218526652119,0.18362197635305486,0.03725614802971743,0.005488453142383135,0.07430698133415607,0.5470408716641829,0.11099235558732938,0.016351028622655077
2005Q4,0.02491339907879146,0.18341005519914944,0.037213150094299575,0.0054821188280151575,0.0743357675218858,0.5472527928180883,0.11103535352274725,0.016357362937023053,0.02491339907879146,0.18341005519914944,0.037213150094299575,0.0054821188280151575,0.0743357675218858,0.5472527928180883,0.11103535352274725,0.016357362937023053,0.02491339907879146,0.18341005519914944,0.037213150094299575,0.0054821188280151575,0.0743357675218858,0.5472527928180883,0.11103535352274725,0.016357362937023053
2006Q1,0.024665708837084552,0.1815865833894586,0.03684317512170023,0.005427615332394884,0.0745834577635927,0.5490762646277791,0.1114053284953466,0.01641186643264333,0.024665708837084552,0.1815865833894586,0.03684317512170023,0.005427615332394884,0.0745834577635927,0.5490762646277791,0.1114053284953466,0.01641186643264333,0.024665708837084552,0.1815865833894586,0.03684317512170023,0.005427615332394884,0.0745834577635927,0.5490762646277791,0.1114053284953466,0.01641186643264333
2006Q2,0.02521419802057978,0.18562450816651702,0.03766245354476709,0.005548308733977391,0.07403496858009748,0.5450383398507207,0.11058605007227972,0.01629117303106082,0.02521419802057978,0.18562450816651702,0.03766245354476709,0.005548308733977391,0.07403496858009748,0.5450383398507207,0.11058605007227972,0.01629117303106082,0.02521419802057978,0.18562450816651702,0.03766245354476709,0.005548308733977391,0.07403496858009748,0.5450383398507207,0.11058605007227972,0.01629117303106082
2006Q3,0.02545611832399811,0.18740550224377733,0.0380238099591806,0.005601542571963704,0.07379304827667914,0.5432573457734603,0.11022469365786622,0.016237939193074508,0.02545611832399811,0.18740550224377733,0.0380238099591806,0.005601542571963704,0.07379304827667914,0.5432573457734603,0.11022469365786622,0.016237939193074508,0.02545611832399811,0.18740550224377733,0.0380238099591806,0.005601542571963704,0.07379304827667914,0.5432573457734603,0.11022469365786622,0.016237939193074508
2006Q4,0.02525813334433526,0.18594795580727047,0.037728079748248336,0.005557976570341795,0.07399103325634197,0.5447148922099672,0.11052042386879848,0.016281505194696417,0.02525813334433526,0.18594795580727047,0.037728079748248336,0.005557976570341795,0.07399103325634197,0.5447148922099672,0.11052042386879848,0.016281505194696417,0.02525813334433526,0.18594795580727047,0.037728079748248336,0.005557976570341795,0.07399103325634197,0.5447148922099672,0.11052042386879848,0.016281505194696417
2007Q1,0.024982142289729167,0.18391613612663657,0.03731583184473028,0.005497245565630847,0.0742670243109481,0.5467467118906013,0.11093267177231657,0.01634223619940737,0.024982142289729167,0.18391613612663657,0.03731583184473028,0.005497245565630847,0.0742670243109481,0.5467467118906013,0.11093267177231657,0.01634223619940737,0.024982142289729167,0.18391613612663657,0.03731583184473028,0.005497245565630847,0.0742670243109481,0.5467467118906013,0.11093267177231657,0.01634223619940737
2007Q2,0.02491840313197868,0.1834468945589006,0.037220624649728445,0.0054832199549271175,0.07433076346869857,0.5472159534583372,0.11102787896731837,0.016356261810111097,0.02491840313197868,0.1834468945589006,0.037220624649728445,0.0054832199549271175,0.07433076346869857,0.5472159534583372,0.11102787896731837,0.016356261810111097,0.02491840313197868,0.1834468945589006,0.037220624649728445,0.0054832199549271175,0.07433076346869857,0.5472159534583372,0.11102787896731837,0.016356261810111097
2007Q3,0.026111839203101443,0.19223285648200164,0.039003260391330216,0.005745831986904084,0.07313732739757581,0.5384299915352361,0.1092452432257166,0.016093649778134125,0.026111839203101443,0.19223285648200164,0.039003260391330216,0.005745831986904084,0.07313732739757581,0.5384299915352361,0.1092452432257166,0.016093649778134125,0.026111839203101443,0.19223285648200164,0.039003260391330216,0.005745831986904084,0.07313732739757581,0.5384299915352361,0.1092452432257166,0.016093649778134125
2007Q4,0.026196491101094663,0.1928560556381885,0.03912970495137706,0.005764459383444725,0.07305267549958258,0.5378067923790492,0.10911879866566974,0.016075022381593487,0.026196491101094663,0.1928560556381885,0.03912970495137706,0.005764459383444725,0.07305267549958258,0.5378067923790492,0.10911879866566974,0.016075022381593487,0.026196491101094663,0.1928560556381885,0.03912970495137706,0.005764459383444725,0.07305267549958258,0.5378067923790492,0.10911879866566974,0.016075022381593487
2008Q1,0.02613286438536188,0.19238764185780532,0.039034665711043644,0.005750458515270119,0.07311630221531537,0.5382752061594324,0.10921383790600318,0.016089023249768093,0.02613286438536188,0.19238764185780532,0.039034665711043644,0.005750458515270119,0.07311630221531537,0.5382752061594324,0.10921383790600318,0.016089023249768093,0.02613286438536188,0.19238764185780532,0.039034665711043644,0.005750458515270119,0.07311630221531537,0.5382752061594324,0.10921383790600318,0.016089023249768093
2008Q2,0.025484398479120672,0.18761369803414965,0.03806605203357348,0.005607765535372522,0.07376476812155656,0.5430491499830881,0.11018245158347335,0.016231716229665693,0.025484398479120672,0.18761369803414965,0.03806605203357348,0.005607765535372522,0.07376476812155656,0.5430491499830881,0.11018245158347335,0.016231716229665693,0.025484398479120672,0.18761369803414965,0.03806605203357348,0.005607765535372522,0.07376476812155656,0.5430491499830881,0.11018245158347335,0.016231716229665693
2008Q3,0.026090899966643176,0.19207870383095257,0.03897198344888182,0.005741224370654327,0.07315826663403409,0.5385841441862852,0.10927652016816501,0.016098257394383888,0.026090899966643176,0.19207870383095257,0.03897198344888182,0.005741224370654327,0.07315826663403409,0.5385841441862852,0.10927652016816501,0.016098257394383888,0.026090899966643176,0.19207870383095257,0.03897198344888182,0.005741224370654327,0.07315826663403409,0.5385841441862852,0.10927652016816501,0.016098257394383888
2008Q4,0.025834829874618492,0.19019354036672337,0.038589491491881546,0.005684876914077231,0.07341433672605877,0.5404693076505143,0.10965901212516528,0.01615460485096098,0.025834829874618492,0.19019354036672337,0.038589491491881546,0.005684876914077231,0.07341433672605877,0.5404693076505143,0.10965901212516528,0.01615460485096098,0.025834829874618492,0.19019354036672337,0.038589491491881546,0.005684876914077231,0.07341433672605877,0.5404693076505143,0.10965901212516528,0.01615460485096098
2009Q1,0.024772336269090135,0.1823715643199224,0.03700244454209703,0.005451078379357362,0.0744768303315871,0.5482912836973153,0.11124605907494978,0.016388403385680848,0.024772336269090135,0.1823715643199224,0.03700244454209703,0.005451078379357362,0.0744768303315871,0.5482912836973153,0.11124605907494978,0.016388403385680848,0.024772336269090135,0.1823715643199224,0.03700244454209703,0.005451078379357362,0.0744768303315871,0.5482912836973153,0.11124605907494978,0.016388403385680848
2009Q2,0.024101888226613116,0.17743579011705377,0.036000996142534165,0.005303548296238434,0.07514727837406414,0.5532270579001839,0.11224750747451263,0.016535933468799776,0.024101888226613116,0.17743579011705377,0.036000996142534165,0.005303548296238434,0.07514727837406414,0.5532270579001839,0.11224750747451263,0.016535933468799776,0.024101888226613116,0.17743579011705377,0.036000996142534165,0.005303548296238434,0.07514727837406414,0.5532270579001839,0.11224750747451263,0.016535933468799776
2009Q3,0.024188787466886224,0.17807553399161896,0.036130797558275814,0.005322670213714841,0.07506037913379102,0.5525873140256188,0.112117706058771,0.01651681155132337,0.024188787466886224,0.17807553399161896,0.036130797558275814,0.005322670213714841,0.07506037913379102,0.5525873140256188,0.112117706058771,0.01651681155132337,0.024188787466886224,0.17807553399161896,0.036130797558275814,0.005322670213714841,0.07506037913379102,0.5525873140256188,0.112117706058771,0.01651681155132337
2009Q4,0.024016241707266423,0.1768052686538318,0.03587306591633649,0.005284702036248798,0.07523292489341085,0.553857579363406,0.11237543770071035,0.016554779728789416,0.024016241707266423,0.1768052686538318,0.03587306591633649,0.005284702036248798,0.07523292489341085,0.553857579363406,0.11237543770071035,0.016554779728789416,0.024016241707266423,0.1768052686538318,0.03587306591633649,0.005284702036248798,0.07523292489341085,0.553857579363406,0.11237543770071035,0.016554779728789416
2010Q1,0.023306086044012277,0.17157717075416332,0.0348123062342307,0.005128434410139867,0.07594308055666499,0.5590856772630745,0.11343619738281614,0.016711047354898347,0.023306086044012277,0.17157717075416332,0.0348123062342307,0.005128434410139867,0.07594308055666499,0.5590856772630745,0.11343619738281614,0.016711047354898347,0.023306086044012277,0.17157717075416332,0.0348123062342307,0.005128434410139867,0.07594308055666499,0.5590856772630745,0.11343619738281614,0.016711047354898347
2010Q2,0.023052621980429303,0.16971119262144324,0.03443370690252996,0.00507266040231384,0.07619654462024794,0.5609516553957944,0.11381479671451684,0.016766821362724373,0.023052621980429303,0.16971119262144324,0.03443370690252996,0.00507266040231384,0.07619654462024794,0.5609516553957944,0.11381479671451684,0.016766821362724373,0.023052621980429303,0.16971119262144324,0.03443370690252996,0.00507266040231384,0.07619654462024794,0.5609516553957944,0.11381479671451684,0.016766821362724373
2010Q3,0.023215295140884787,0.17090877683081593,0.03467669184076336,0.005108456143911579,0.07603387145979247,0.5597540711864218,0.11357181177628346,0.016731025621126636,0.023215295140884787,0.17090877683081593,0.03467669184076336,0.005108456143911579,0.07603387145979247,0.5597540711864218,0.11357181177628346,0.016731025621126636,0.023215295140884787,0.17090877683081593,0.03467669184076336,0.005108456143911579,0.07603387145979247,0.5597540711864218,0.11357181177628346,0.016731025621126636
2010Q4,0.023515112533330673,0.17311600372604025,0.035124529150746014,0.00517443006288168,0.07573405406734657,0.5575468442911975,0.11312397446630082,0.016665051702156534,0.023515112533330673,0.17311600372604025,0.035124529150746014,0.00517443006288168,0.07573405406734657,0.5575468442911975,0.11312397446630082,0.016665051702156534,0.023515112533330673,0.17311600372604025,0.035124529150746014,0.00517443006288168,0.07573405406734657,0.5575468442911975,0.11312397446630082,0.016665051702156534
2011Q1,0.023631580173791557,0.17397342732762458,0.03529849689283904,0.005200058418233988,0.0756175864268857,0.5566894206896131,0.1129500067242078,0.016639423346804228,0.023631580173791557,0.17397342732762458,0.03529849689283904,0.005200058418233988,0.0756175864268857,0.5566894206896131,0.1129500067242078,0.016639423346804228,0.023631580173791557,0.17397342732762458,0.03529849689283904,0.005200058418233988,0.0756175864268857,0.5566894206896131,0.1129500067242078,0.016639423346804228
2011Q2,0.024146927341525442,0.17776736376246702,0.03606827107912737,0.005313459018540001,0.07510223925915181,0.5528954842547706,0.11218023253791944,0.016526022746498212,0.024146927341525442,0.17776736376246702,0.03606827107912737,0.005313459018540001,0.07510223925915181,0.5528954842547706,0.11218023253791944,0.016526022746498212,0.024146927341525442,0.17776736376246702,0.03606827107912737,0.005313459018540001,0.07510223925915181,0.5528954842547706,0.11218023253791944,0.016526022746498212
2011Q3,0.023562726654519396,0.1734665343207561,0.03519565037482308,0.00518490740759978,0.07568643994615785,0.5571963136964816,0.11305285324222372,0.01665457435743843,0.023562726654519396,0.1734665343207561,0.03519565037482308,0.00518490740759978,0.07568643994615785,0.5571963136964816,0.11305285324222372,0.01665457435743843,0.023562726654519396,0.1734665343207561,0.03519565037482308,0.00518490740759978,0.07568643994615785,0.5571963136964816,0.11305285324222372,0.01665457435743843
2011Q4,0.023673039529735682,0.17427864713075883,0.03536042474261507,0.0052091814252993775,0.07557612707094158,0.556384200886479,0.11288807887443177,0.01663030033973884,0.023673039529735682,0.17427864713075883,0.03536042474261507,0.0052091814252993775,0.07557612707094158,0.556384200886479,0.11288807887443177,0.01663030033973884,0.023673039529735682,0.17427864713075883,0.03536042474261507,0.0052091814252993775,0.07557612707094158,0.556384200886479,0.11288807887443177,0.01663030033973884
2012Q1,0.02430044673400668,0.1788975588097215,0.03629758303197339,0.005347240500919228,0.07494871986667055,0.5517652892075162,0.11195092058507342,0.016492241264118985,0.02430044673400668,0.1788975588097215,0.03629758303197339,0.005347240500919228,0.07494871986667055,0.5517652892075162,0.11195092058507342,0.016492241264118985,0.02430044673400668,0.1788975588097215,0.03629758303197339,0.005347240500919228,0.07494871986667055,0.5517652892075162,0.11195092058507342,0.016492241264118985
2012Q2,0.024388316937522164,0.17954445082257633,0.036428834775739743,0.005366576075948163,0.07486084966315508,0.5511183971946614,0.11181966884130709,0.016472905689090052,0.024388316937522164,0.17954445082257633,0.036428834775739743,0.005366576075948163,0.07486084966315508,0.5511183971946614,0.11181966884130709,0.016472905689090052,0.024388316937522164,0.17954445082257633,0.036428834775739743,0.005366576075948163,0.07486084966315508,0.5511183971946614,0.11181966884130709,0.016472905689090052
2012Q3,0.024171308858579495,0.1779468581531995,0.03610468975691556,0.005318824098321963,0.07507785774209774,0.5527159898640381,0.11214381386013124,0.016520657666716246,0.024171308858579495,0.1779468581531995,0.03610468975691556,0.005318824098321963,0.07507785774209774,0.5527159898640381,0.11214381386013124,0.016520657666716246,0.024171308858579495,0.1779468581531995,0.03610468975691556,0.005318824098321963,0.07507785774209774,0.5527159898640381,0.11214381386013124,0.016520657666716246
2012Q4,0.024276897231659617,0.1787241896314842,0.03626240713474975,0.005342058503480864,0.07497226936901764,0.5519386583857536,0.1119860964822971,0.01649742326155735,0.024276897231659617,0.1787241896314842,0.03626240713474975,0.005342058503480864,0.07497226936901764,0.5519386583857536,0.1119860964822971,0.01649742326155735,0.024276897231659617,0.1787241896314842,0.03626240713474975,0.005342058503480864,0.07497226936901764,0.5519386583857536,0.1119860964822971,0.01649742326155735
2013Q1,0.02360583177675332,0.17378387009751167,0.035260036506095285,0.005194392560606607,0.07564333482392394,0.556878977919726,0.11298846711095153,0.016645089204431605,0.02360583177675332,0.17378387009751167,0.035260036506095285,0.005194392560606607,0.07564333482392394,0.556878977919726,0.11298846711095153,0.016645089204431605,0.02360583177675332,0.17378387009751167,0.035260036506095285,0.005194392560606607,0.07564333482392394,0.556878977919726,0.11298846711095153,0.016645089204431605
2013Q2,0.023890537944789878,0.17587984960757286,0.03568530217660496,0.005257041299917895,0.07535862865588736,0.5547829984096648,0.11256320144044185,0.016582440465120318,0.023890537944789878,0.17587984960757286,0.03568530217660496,0.005257041299917895,0.07535862865588736,0.5547829984096648,0.11256320144044185,0.016582440465120318,0.023890537944789878,0.17587984960757286,0.03568530217660496,0.005257041299917895,0.07535862865588736,0.5547829984096648,0.11256320144044185,0.016582440465120318
2013Q3,0.02394626799698794,0.1762901289081842,0.03576854616874955,0.005269304530939685,0.07530289860368931,0.5543727191090535,0.1124799574482973,0.01657017723409853,0.02394626799698794,0.1762901289081842,0.03576854616874955,0.005269304530939685,0.07530289860368931,0.5543727191090535,0.1124799574482973,0.01657017723409853,0.02394626799698794,0.1762901289081842,0.03576854616874955,0.005269304530939685,0.07530289860368931,0.5543727191090535,0.1124799574482973,0.01657017723409853
2013Q4,0.02455130397122987,0.18074434573673615,0.036672288546524184,0.005402440884414703,0.07469786262944737,0.5499185022805014,0.11157621507052262,0.016437040880623508,0.02455130397122987,0.18074434573673615,0.036672288546524184,0.005402440884414703,0.07469786262944737,0.5499185022805014,0.11157621507052262,0.016437040880623508,0.02455130397122987,0.18074434573673615,0.036672288546524184,0.005402440884414703,0.07469786262944737,0.5499185022805014,0.11157621507052262,0.016437040880623508
2014Q1,0.025140066345449512,0.18507875788231662,0.03755172304409796,0.005531996280959693,0.07410910025522774,0.545584090134921,0.11069678057294888,0.01630748548407852,0.025140066345449512,0.18507875788231662,0.03755172304409796,0.005531996280959693,0.07410910025522774,0.545584090134921,0.11069678057294888,0.01630748548407852,0.025140066345449512,0.18507875788231662,0.03755172304409796,0.005531996280959693,0.07410910025522774,0.545584090134921,0.11069678057294888,0.01630748548407852
2014Q2,0.025089796998642146,0.18470867977119235,0.03747663570888655,0.005520934661799131,0.0741593696020351,0.5459541682460454,0.1107718679081603,0.016318547103239087,0.025089796998642146,0.18470867977119235,0.03747663570888655,0.005520934661799131,0.0741593696020351,0.5459541682460454,0.1107718679081603,0.016318547103239087,0.025089796998642146,0.18470867977119235,0.03747663570888655,0.005520934661799131,0.0741593696020351,0.5459541682460454,0.1107718679081603,0.016318547103239087
2014Q3,0.025108938024923783,0.18484959417134225,0.037505226664368965,0.005525146587286867,0.07414022857575346,0.5458132538458954,0.11074327695267785,0.016314335177751344,0.025108938024923783,0.18484959417134225,0.037505226664368965,0.005525146587286867,0.07414022857575346,0.5458132538458954,0.11074327695267785,0.016314335177751344,0.025108938024923783,0.18484959417134225,0.037505226664368965,0.005525146587286867,0.07414022857575346,0.5458132538458954,0.11074327695267785,0.016314335177751344
2014Q4,0.024815516538608376,0.1826894533237797,0.0370669429208856,0.005460580068298968,0.07443365006206887,0.5479733946934581,0.11118156069616122,0.016378901696739244,0.024815516538608376,0.1826894533237797,0.0370669429208856,0.005460580068298968,0.07443365006206887,0.5479733946934581,0.11118156069616122,0.016378901696739244,0.024815516538608376,0.1826894533237797,0.0370669429208856,0.005460580068298968,0.07443365006206887,0.5479733946934581,0.11118156069616122,0.016378901696739244
2015Q1,0.024468868928367665,0.1801374668554609,0.03654915530351069,0.005384301300204058,0.07478029767230959,0.5505253811617769,0.11169934831353615,0.016455180464834157,0.024468868928367665,0.1801374668554609,0.03654915530351069,0.005384301300204058,0.07478029767230959,0.5505253811617769,0.11169934831353615,0.016455180464834157,0.024468868928367665,0.1801374668554609,0.03654915530351069,0.005384301300204058,0.07478029767230959,0.5505253811617769,0.11169934831353615,0.016455180464834157
2015Q2,0.024368612348194013,0.17939938752531517,0.036399402026001504,0.005362240140100448,0.07488055425248324,0.5512634604919225,0.11184910159104533,0.01647724162493777,0.024368612348194013,0.17939938752531517,0.036399402026001504,0.005362240140100448,0.07488055425248324,0.5512634604919225,0.11184910159104533,0.01647724162493777,0.024368612348194013,0.17939938752531517,0.036399402026001504,0.005362240140100448,0.07488055425248324,0.5512634604919225,0.11184910159104533,0.01647724162493777
2015Q3,0.024897545768215446,0.18329334464678196,0.03718947000054396,0.005478630354518616,0.0743516208324618,0.5473695033704556,0.11105903361650288,0.0163608514105196,0.024897545768215446,0.18329334464678196,0.03718947000054396,0.005478630354518616,0.0743516208324618,0.5473695033704556,0.11105903361650288,0.0163608514105196,0.024897545768215446,0.18329334464678196,0.03718947000054396,0.005478630354518616,0.0743516208324618,0.5473695033704556,0.11105903361650288,0.0163608514105196
2015Q4,0.02396127168516718,0.17640058462193253,0.03579095718133021,0.0052726060475732405,0.07528789491551005,0.5542622633953052,0.11245754643571662,0.01656687571746497,0.02396127168516718,0.17640058462193253,0.03579095718133021,0.0052726060475732405,0.07528789491551005,0.5542622633953052,0.11245754643571662,0.01656687571746497,0.02396127168516718,0.17640058462193253,0.03579095718133021,0.0052726060475732405,0.07528789491551005,0.5542622633953052,0.11245754643571662,0.01656687571746497
2016Q1,0.02418352012687067,0.17803675633948285,0.03612292973124922,0.005321511151325099,0.07506564647380658,0.552626091677755,0.11212557388579762,0.01651797061371311,0.02418352012687067,0.17803675633948285,0.03612292973124922,0.005321511151325099,0.07506564647380658,0.552626091677755,0.11212557388579762,0.01651797061371311,0.02418352012687067,0.17803675633948285,0.03612292973124922,0.005321511151325099,0.07506564647380658,0.552626091677755,0.11212557388579762,0.01651797061371311
2016Q2,0.023882894284217325,0.17582357771134935,0.03567388483900053,0.005255359335308921,0.07536627231645994,0.5548392703058884,0.1125746187780463,0.016584122429729294,0.023882894284217325,0.17582357771134935,0.03567388483900053,0.005255359335308921,0.07536627231645994,0.5548392703058884,0.1125746187780463,0.016584122429729294,0.023882894284217325,0.17582357771134935,0.03567388483900053,0.005255359335308921,0.07536627231645994,0.5548392703058884,0.1125746187780463,0.016584122429729294
2016Q3,0.0249646760061525,0.18378755102169808,0.03728974245282223,0.005493402162257896,0.07428449059452476,0.5468752969955397,0.1109587611642246,0.01634607960278032,0.0249646760061525,0.18378755102169808,0.03728974245282223,0.005493402162257896,0.07428449059452476,0.5468752969955397,0.1109587611642246,0.01634607960278032,0.0249646760061525,0.18378755102169808,0.03728974245282223,0.005493402162257896,0.07428449059452476,0.5468752969955397,0.1109587611642246,0.01634607960278032
2016Q4,0.025066422833725954,0.18453660141030895,0.03744172171322484,0.005515791246837129,0.0741827437669513,0.5461262466069289,0.11080678190382198,0.016323690518201085,0.025066422833725954,0.18453660141030895,0.03744172171322484,0.005515791246837129,0.0741827437669513,0.5461262466069289,0.11080678190382198,0.016323690518201085,0.025066422833725954,0.18453660141030895,0.03744172171322484,0.005515791246837129,0.0741827437669513,0.5461262466069289,0.11080678190382198,0.016323690518201085
2017Q1,0.024653183663996405,0.18149437426615866,0.036824466267697115,0.005424859205581616,0.07459598293668084,0.549168473751079,0.11142403734934969,0.016414622559456596,0.024653183663996405,0.18149437426615866,0.036824466267697115,0.005424859205581616,0.07459598293668084,0.549168473751079,0.11142403734934969,0.016414622559456596,0.024653183663996405,0.18149437426615866,0.036824466267697115,0.005424859205581616,0.07459598293668084,0.549168473751079,0.11142403734934969,0.016414622559456596
2017Q2,0.024533310136240032,0.18061187684887814,0.036645411150945564,0.005398481394933801,0.07471585646443722,0.5500509711683597,0.11160309246610127,0.016441000370104413,0.024533310136240032,0.18061187684887814,0.036645411150945564,0.005398481394933801,0.07471585646443722,0.5500509711683597,0.11160309246610127,0.016441000370104413,0.024533310136240032,0.18061187684887814,0.036645411150945564,0.005398481394933801,0.07471585646443722,0.5500509711683597,0.11160309246610127,0.016441000370104413
2017Q3,0.025793721155429515,0.1898909019177598,0.03852808738830959,0.0056758310635793225,0.07345544544524774,0.5407719460994779,0.10972041622873725,0.016163650701458893,0.025793721155429515,0.1898909019177598,0.03852808738830959,0.0056758310635793225,0.07345544544524774,0.5407719460994779,0.10972041622873725,0.016163650701458893,0.025793721155429515,0.1898909019177598,0.03852808738830959,0.0056758310635793225,0.07345544544524774,0.5407719460994779,0.10972041622873725,0.016163650701458893
2017Q4,0.024701025768329984,0.1818465832509268,0.03689592803025157,0.005435386717307716,0.07454814083234726,0.548816264766311,0.11135257558679527,0.016404095047730497,0.024701025768329984,0.1818465832509268,0.03689592803025157,0.005435386717307716,0.07454814083234726,0.548816264766311,0.11135257558679527,0.016404095047730497,0.024701025768329984,0.1818465832509268,0.03689592803025157,0.005435386717307716,0.07454814083234726,0.548816264766311,0.11135257558679527,0.016404095047730497
2018Q1,0.024624326187080593,0.1812819282881009,0.03678136184760516,0.005418509204241821,0.07462484041359665,0.5493809197291368,0.11146714176944167,0.016420972560796394,0.024624326187080593,0.1812819282881009,0.03678136184760516,0.005418509204241821,0.07462484041359665,0.5493809197291368,0.11146714176944167,0.016420972560796394,0.024624326187080593,0.1812819282881009,0.03678136184760516,0.005418509204241821,0.07462484041359665,0.5493809197291368,0.11146714176944167,0.016420972560796394
2018Q2,0.02536375250084678,0.18672551391022546,0.037885843107301274,0.005581217749302549,0.07388541409983047,0.5439373341070123,0.11036266050974558,0.016258264015735664,0.02536375250084678,0.18672551391022546,0.037885843107301274,0.005581217749302549,0.07388541409983047,0.5439373341070123,0.11036266050974558,0.016258264015735664,0.02536375250084678,0.18672551391022546,0.037885843107301274,0.005581217749302549,0.07388541409983047,0.5439373341070123,0.11036266050974558,0.016258264015735664
2018Q3,0.024679457995364123,0.18168780337437607,0.03686371224267315,0.005430640793482526,0.07456970860531312,0.5489750446428615,0.11138479137437365,0.016408840971555684,0.024679457995364123,0.18168780337437607,0.03686371224267315,0.005430640793482526,0.07456970860531312,0.5489750446428615,0.11138479137437365,0.016408840971555684,0.024679457995364123,0.18168780337437607,0.03686371224267315,0.005430640793482526,0.07456970860531312,0.5489750446428615,0.11138479137437365,0.016408840971555684
2018Q4,0.0244675695646376,0.1801279010642695,0.03654721444359988,0.005384015379108084,0.07478159703603966,0.5505349469529682,0.11170128917344696,0.01645546638593013,0.0244675695646376,0.1801279010642695,0.03654721444359988,0.005384015379108084,0.07478159703603966,0.5505349469529682,0.11170128917344696,0.01645546638593013,0.0244675695646376,0.1801279010642695,0.03654721444359988,0.005384015379108084,0.07478159703603966,0.5505349469529682,0.11170128917344696,0.01645546638593013
2019Q1,0.02528428973825534,0.18614051667130677,0.03776714956003096,0.005563732206460686,0.0739648768624219,0.5445223313459309,0.11048135405701585,0.016275749558577524,0.02528428973825534,0.18614051667130677,0.03776714956003096,0.005563732206460686,0.0739648768624219,0.5445223313459309,0.11048135405701585,0.016275749558577524,0.02528428973825534,0.18614051667130677,0.03776714956003096,0.005563732206460686,0.0739648768624219,0.5445223313459309,0.11048135405701585,0.016275749558577524
2019Q2,0.02618768075573045,0.19279119472039627,0.03911654493642349,0.005762520693342674,0.07306148584494679,0.5378716532968414,0.10913195868062332,0.016076961071695536,0.02618768075573045,0.19279119472039627,0.03911654493642349,0.005762520693342674,0.07306148584494679,0.5378716532968414,0.10913195868062332,0.016076961071695536,0.02618768075573045,0.19279119472039627,0.03911654493642349,0.005762520693342674,0.07306148584494679,0.5378716532968414,0.10913195868062332,0.016076961071695536
2019Q3,0.025938088704367365,0.1909537219703715,0.03874372923029106,0.005707598710205282,0.07331107789630988,0.5397091260468663,0.10950477438675577,0.01613188305483293,0.025938088704367365,0.1909537219703715,0.03874372923029106,0.005707598710205282,0.07331107789630988,0.5397091260468663,0.10950477438675577,0.01613188305483293,0.025938088704367365,0.1909537219703715,0.03874372923029106,0.005707598710205282,0.07331107789630988,0.5397091260468663,0.10950477438675577,0.01613188305483293
2019Q4,0.025113509592590007,0.18488324961415664,0.03751205521607286,0.005526152547055635,0.07413565700808725,0.545779598403081,0.11073644840097395,0.016313329217982578,0.025113509592590007,0.18488324961415664,0.03751205521607286,0.005526152547055635,0.07413565700808725,0.545779598403081,0.11073644840097395,0.016313329217982578,0.025113509592590007,0.18488324961415664,0.03751205521607286,0.005526152547055635,0.07413565700808725,0.545779598403081,0.11073644840097395,0.016313329217982578
2020Q1,0.024922553651846605,0.18347745028819606,0.03722682428223647,0.005484133264389308,0.07432661294883064,0.5471853977290417,0.11102167933481036,0.016355348500648906,0.024922553651846605,0.18347745028819606,0.03722682428223647,0.005484133264389308,0.07432661294883064,0.5471853977290417,0.11102167933481036,0.016355348500648906,0.024922553651846605,0.18347745028819606,0.03722682428223647,0.005484133264389308,0.07432661294883064,0.5471853977290417,0.11102167933481036,0.016355348500648906
2020Q2,0.02597235352524029,0.19120597629615882,0.038794910601330224,0.005715138581382714,0.07327681307543696,0.5394568717210789,0.1094535930157166,0.0161243431836555,0.02597235352524029,0.19120597629615882,0.038794910601330224,0.005715138581382714,0.07327681307543696,0.5394568717210789,0.1094535930157166,0.0161243431836555,0.02597235352524029,0.19120597629615882,0.038794910601330224,0.005715138581382714,0.07327681307543696,0.5394568717210789,0.1094535930157166,0.0161243431836555
2020Q3,0.025700589797827186,0.18920527779298285,0.038388977057439815,0.0056553377873557265,0.07354857680285007,0.5414575702242549,0.10985952655960701,0.016184143977682485,0.025700589797827186,0.18920527779298285,0.038388977057439815,0.0056553377873557265,0.07354857680285007,0.5414575702242549,0.10985952655960701,0.016184143977682485,0.025700589797827186,0.18920527779298285,0.038388977057439815,0.0056553377873557265,0.07354857680285007,0.5414575702242549,0.10985952655960701,0.016184143977682485
2020Q4,0.02681254865854968,0.1973914123055517,0.040049910270602944,0.005900021003285681,0.07243661794212757,0.533271435711686,0.10819859334644388,0.015939460761752528,0.02681254865854968,0.1973914123055517,0.040049910270602944,0.005900021003285681,0.07243661794212757,0.533271435711686,0.10819859334644388,0.015939460761752528,0.02681254865854968,0.1973914123055517,0.040049910270602944,0.005900021003285681,0.07243661794212757,0.533271435711686,0.10819859334644388,0.015939460761752528
2021Q1,0.027700870695496815,0.2039311539648821,0.04137679710721806,0.006095493606148385,0.07154829590518044,0.5267316940523556,0.10687170650982879,0.01574398815888983,0.027700870695496815,0.2039311539648821,0.04137679710721806,0.006095493606148385,0.07154829590518044,0.5267316940523556,0.10687170650982879,0.01574398815888983,0.027700870695496815,0.2039311539648821,0.04137679710721806,0.006095493606148385,0.07154829590518044,0.5267316940523556,0.10687170650982879,0.01574398815888983
2021Q2,0.026840776740858954,0.1975992247408656,0.040092074563822314,0.005906232508227942,0.0724083898598183,0.5330636232763721,0.10815642905322453,0.01593324925681027,0.026840776740858954,0.1975992247408656,0.040092074563822314,0.005906232508227942,0.0724083898598183,0.5330636232763721,0.10815642905322453,0.01593324925681027,0.026840776740858954,0.1975992247408656,0.040092074563822314,0.005906232508227942,0.0724083898598183,0.5330636232763721,0.10815642905322453,0.01593324925681027
2021Q3,0.026517273012264673,0.1952176213100789,0.039608856967934605,0.0058350464819514405,0.07273189358841257,0.5354452267071588,0.10863964664911223,0.016004435283086774,0.026517273012264673,0.1952176213100789,0.039608856967934605,0.0058350464819514405,0.07273189358841257,0.5354452267071588,0.10863964664911223,0.016004435283086774,0.026517273012264673,0.1952176213100789,0.039608856967934605,0.0058350464819514405,0.07273189358841257,0.5354452267071588,0.10863964664911223,0.016004435283086774
2021Q4,0.026185808496545428,0.19277741132779752,0.039113748342436166,0.005762108708318204,0.07306335810413182,0.5378854366894402,0.1091347552746107,0.016077373056720013,0.026185808496545428,0.19277741132779752,0.039113748342436166,0.005762108708318204,0.07306335810413182,0.5378854366894402,0.1091347552746107,0.016077373056720013,0.026185808496545428,0.19277741132779752,0.039113748342436166,0.005762108708318204,0.07306335810413182,0.5378854366894402,0.1091347552746107,0.016077373056720013
2022Q1,0.027116844449446807,0.19963160874076324,0.04050443696541105,0.005966980380417925,0.07213232215123044,0.5310312392764746,0.1077440666516358,0.015872501384620288,0.027116844449446807,0.19963160874076324,0.04050443696541105,0.005966980380417925,0.07213232215123044,0.5310312392764746,0.1077440666516358,0.015872501384620288,0.027116844449446807,0.19963160874076324,0.04050443696541105,0.005966980380417925,0.07213232215123044,0.5310312392764746,0.1077440666516358,0.015872501384620288
2022Q2,0.027189182687032798,0.20016415590972622,0.04061248860799627,0.005982898192877052,0.07205998391364445,0.5304986921075114,0.10763601500905054,0.015856583572161156,0.027189182687032798,0.20016415590972622,0.04061248860799627,0.005982898192877052,0.07205998391364445,0.5304986921075114,0.10763601500905054,0.015856583572161156,0.027189182687032798,0.20016415590972622,0.04061248860799627,0.005982898192877052,0.07205998391364445,0.5304986921075114,0.10763601500905054,0.015856583572161156
2022Q3,0.026918056360626212,0.19816814989164308,0.04020750715013999,0.0059232376570319285,0.07233111024005104,0.5324946981255947,0.10804099646690685,0.015916244108006287,0.026918056360626212,0.19816814989164308,0.04020750715013999,0.0059232376570319285,0.07233111024005104,0.5324946981255947,0.10804099646690685,0.015916244108006287,0.026918056360626212,0.19816814989164308,0.04020750715013999,0.0059232376570319285,0.07233111024005104,0.5324946981255947,0.10804099646690685,0.015916244108006287
2022Q4,0.026050626802832533,0.19178221666056708,0.038911827414576015,0.00573236238161414,0.07319853979784471,0.5388806313566705,0.10933667620247081,0.01610711938342407,0.026050626802832533,0.19178221666056708,0.038911827414576015,0.00573236238161414,0.07319853979784471,0.5388806313566705,0.10933667620247081,0.01610711938342407,0.026050626802832533,0.19178221666056708,0.038911827414576015,0.00573236238161414,0.07319853979784471,0.5388806313566705,0.10933667620247081,0.01610711938342407
2023Q1,0.027258626771280818,0.2006753965993207,0.0407162172530563,0.005998179155564895,0.07199053982939643,0.529987451417917,0.10753228636399054,0.015841302609473317,0.027258626771280818,0.2006753965993207,0.0407162172530563,0.005998179155564895,0.07199053982939643,0.529987451417917,0.10753228636399054,0.015841302609473317,0.027258626771280818,0.2006753965993207,0.0407162172530563,0.005998179155564895,0.07199053982939643,0.529987451417917,0.10753228636399054,0.015841302609473317
2023Q2,0.025556354890264543,0.18814343423345717,0.03817353334191184,0.005623599328066993,0.0736928117104127,0.5425194137837805,0.11007497027513498,0.016215882436971217,0.025556354890264543,0.18814343423345717,0.03817353334191184,0.005623599328066993,0.0736928117104127,0.5425194137837805,0.11007497027513498,0.016215882436971217,0.025556354890264543,0.18814343423345717,0.03817353334191184,0.005623599328066993,0.0736928117104127,0.5425194137837805,0.11007497027513498,0.016215882436971217
2023Q3,0.026472800441358996,0.19489021850731955,0.03954242827825809,0.005825260425961201,0.07277636615931826,0.5357726295099182,0.10870607533878875,0.01601422133907701,0.026472800441358996,0.19489021850731955,0.03954242827825809,0.005825260425961201,0.07277636615931826,0.5357726295099182,0.10870607533878875,0.01601422133907701,0.026472800441358996,0.19489021850731955,0.03954242827825809,0.005825260425961201,0.07277636615931826,0.5357726295099182,0.10870607533878875,0.01601422133907701
2023Q4,0.026184808006134066,0.19277004581332102,0.03911225390967217,0.005761888553400602,0.07306435859454317,0.5378928022039167,0.10913624970737466,0.016077593211637608,0.026184808006134066,0.19277004581332102,0.03911225390967217,0.005761888553400602,0.07306435859454317,0.5378928022039167,0.10913624970737466,0.016077593211637608,0.026184808006134066,0.19277004581332102,0.03911225390967217,0.005761888553400602,0.07306435859454317,0.5378928022039167,0.10913624970737466,0.016077593211637608
2024Q1,0.02693481210532081,0.19829150407746174,0.040232535209951896,0.005926924708452619,0.07231435449535642,0.5323713439397759,0.10801596840709494,0.015912557056585595,0.02693481210532081,0.19829150407746174,0.040232535209951896,0.005926924708452619,0.07231435449535642,0.5323713439397759,0.10801596840709494,0.015912557056585595,0.02693481210532081,0.19829150407746174,0.040232535209951896,0.005926924708452619,0.07231435449535642,0.5323713439397759,0.10801596840709494,0.015912557056585595
2024Q2,0.027636313155905243,0.20345588754850247,0.0412803674950667,0.006081287912972356,0.071612853444772,0.5272069604687353,0.10696813612198013,0.01575819385206586,0.027636313155905243,0.20345588754850247,0.0412803674950667,0.006081287912972356,0.071612853444772,0.5272069604687353,0.10696813612198013,0.01575819385206586,0.027636313155905243,0.20345588754850247,0.0412803674950667,0.006081287912972356,0.071612853444772,0.5272069604687353,0.10696813612198013,0.01575819385206586
2024Q3,0.029159944905724655,0.21467271839738683,0.04355621660000628,0.00641655851479711,0.07008922169495259,0.5159901296198508,0.10469228701704056,0.015422923250241102,0.029159944905724655,0.21467271839738683,0.04355621660000628,0.00641655851479711,0.07008922169495259,0.5159901296198508,0.10469228701704056,0.015422923250241102,0.029159944905724655,0.21467271839738683,0.04355621660000628,0.00641655851479711,0.07008922169495259,0.5159901296198508,0.10469228701704056,0.015422923250241102
2024Q4,0.028909373128140892,0.21282803299686634,0.04318193747658639,0.006361420945840066,0.07033979347253637,0.5178348150203714,0.10506656614046045,0.015478060819198147,0.028909373128140892,0.21282803299686634,0.04318193747658639,0.006361420945840066,0.07033979347253637,0.5178348150203714,0.10506656614046045,0.015478060819198147,0.028909373128140892,0.21282803299686634,0.04318193747658639,0.006361420945840066,0.07033979347253637,0.5178348150203714,0.10506656614046045,0.015478060819198147
2025Q1,0.028690190735780555,0.21121443324059247,0.04285454468529616,0.006313190517060442,0.07055897586489669,0.5194484147766452,0.10539395893175064,0.015526291247977768,0.027760560561036107,0.2043705850316252,0.04146595587348666,0.0061086281822325126,0.06960399787556014,0.5124179583871237,0.1039675080832919,0.015316151202489607,0.0296451687251171,0.21824488963011401,0.044280995533754905,0.006523330562548603,0.07148860603964115,0.5262922629856125,0.10678254774356016,0.0157308535828057
2025Q2,0.0285958085025773,0.21051960028958164,0.04271356592124554,0.006292421989408424,0.07065335809809996,0.5201432477276561,0.10553493769580129,0.01554705977562979,0.027481038262469806,0.20231276867154924,0.04104843335003033,0.006047120137867549,0.06949499527888085,0.5116154917220743,0.10380469087886042,0.015292165507656549,0.029754171321796405,0.21904735629516336,0.044443812738186414,0.006547316257381666,0.07176812833820745,0.5283500793456885,0.1072000702670165,0.015792361627170667
2025Q3,0.028555092143443334,0.21021985035772164,0.04265274788598052,0.00628346247656513,0.07069407445723393,0.5204429976595161,0.10559575573106632,0.015556019288473083,0.0272718118718732,0.2007724640456297,0.040735911840928514,0.00600108049744836,0.06934186527691136,0.5104881633304306,0.10357596055871383,0.015258469709492836,0.029907301323765904,0.2201746846868071,0.04467254305833299,0.006581012055545379,0.07197735472880407,0.5298903839716079,0.10751259177611833,0.015838401267589855
2025Q4,0.02853751317415097,0.21009043567134902,0.042626490175392294,0.006279594277038041,0.07071165342652627,0.5205724123458886,0.10562201344165452,0.015559887488000171,0.027129944060811456,0.19972804682357478,0.04052400385800359,0.00596986291065295,0.06928486274144877,0.5100685161300379,0.1034908158580162,0.015245926472340984,0.02996430385922847,0.22059433188719976,0.04475768775903062,0.006593555292697228,0.07211922253986579,0.5309348011936629,0.10772449975904322,0.015869618854385262
2026Q1,0.02852992097193818,0.2100345426066361,0.042615149701152016,0.006277923635686967,0.07071924562873907,0.5206283054106017,0.10563335391589483,0.015561558129351248,0.027055914785744813,0.19918305039882422,0.0404134263123337,0.005953572990462468,0.06917609845037968,0.5092678038480409,0.10332835461073102,0.0152219932159435,0.03007306815029757,0.22139504416919675,0.04492014900631582,0.0066174885490947145,0.07219325181493244,0.5314797976184135,0.10783507730471313,0.015885908774575748
2026Q2,0.02852664147693981,0.21001039927891213,0.04261025111869756,0.006277201992637774,0.07072252512373746,0.5206524487383256,0.10563825249834927,0.01556227977240044,0.027232253535187687,0.2004812393639983,0.04067682354406852,0.005992375803975471,0.068997055224625,0.5079497047875776,0.10306091770208979,0.01518259529052055,0.03025211137605227,0.22271314322966007,0.045187585914957036,0.006656886474517663,0.07201691306548959,0.5301816086532394,0.1075716800729783,0.015847105961062743
2026Q3,0.0285252247889538,0.20999996975779817,0.042608135011517924,0.006276890254690778,0.07072394181172344,0.5206628782594396,0.1056403686055289,0.015562591510347435,0.02681605239603126,0.19741720648493558,0.040055143804107574,0.005900791990221484,0.06886289279549665,0.5069620138484868,0.1028605192499806,0.015153073249934656,0.030386273805180594,0.223700834168751,0.04538798436706623,0.006686408515103557,0.07243311420464599,0.5332456415323023,0.10819335981293926,0.01593868977481673
2026Q4,0.028524612785938052,0.20999546425027804,0.04260722086246859,0.006276755585260692,0.0707245538147392,0.5206673837669596,0.10564128275457824,0.015562726179777518,0.02663931198735865,0.19611606054302513,0.03979114661388631,0.005861900792798324,0.06866830056812001,0.5055294445289972,0.10256985679394041,0.015110253813288814,0.030580866032557236,0.22513340348824049,0.04567864682310641,0.006729227951749398,0.0726098546133186,0.5345467874742126,0.10845735700316052,0.015977580972239887
2027Q1,0.028524348400125066,0.2099935178672735,0.042606825949317244,0.006276697407954632,0.0707248182005522,0.5206693301499642,0.10564167766772961,0.015562784357083585,0.02655439804896828,0.19549093227056022,0.03966431064403631,0.005843215735053353,0.06862966710654778,0.505245028689268,0.1025121499832558,0.015101752635813722,0.03061949949412949,0.22541781932796964,0.04573635363379106,0.006737729129224493,0.07269476855170899,0.5351719157466774,0.10858419297301054,0.015996266029984864
2027Q2,0.028524234184638838,0.20999267702381538,0.04260665534561845,0.006276672275179072,0.07072493241603842,0.5206701709934224,0.10564184827142839,0.015562809489859141,0.026535817166415853,0.19535414159483544,0.039636556375374644,0.0058391270675150694,0.06838029138511059,0.5034091485394151,0.10213965740918483,0.01504687825542841,0.030868875215566662,0.22725369947782265,0.04610884620786201,0.006792603509609803,0.0727133494342614,0.5353087064224024,0.1086119472416722,0.016000354697523145
2027Q3,0.02852418484308573,0.2099923137760325,0.04260658164412891,0.006276661417718135,0.07072498175759152,0.5206705342412052,0.10564192197291793,0.015562820347320077,0.026455016138038235,0.19475929217151833,0.0395158638601831,0.005821347043296333,0.06829317010360642,0.5027677700185972,0.10200952433040385,0.015027707478444334,0.030955996497070832,0.22789507799864048,0.04623897928664298,0.006811774286593878,0.07279415046263901,0.5359035558457194,0.10873263975686374,0.016018134721741878
2027Q4,0.028524163527314017,0.20999215685136505,0.042606549804755665,0.00627665672724643,0.07072500307336324,0.5206706911658726,0.10564195381229118,0.015562825037791784,0.026167374932511287,0.19264170519687876,0.0390862141234801,0.005758052457778508,0.06819290012443988,0.5020295920463506,0.10185975103881581,0.01500564336993248,0.03105626647623738,0.22863325597088718,0.04638875257823103,0.006833838395105734,0.07308179166816596,0.538021142820359,0.10916228949356674,0.016081429307259705
2028Q1,0.028524154318801412,0.20999208905917816,0.042606536049998193,0.006276654700940819,0.07072501228187583,0.5206707589580596,0.10564196756704862,0.015562827064097394,0.02616055517419276,0.1925914987900496,0.0390760274488673,0.005756551790392164,0.06815812841680724,0.5017736060688411,0.10180781253090383,0.014997991959842184,0.031091038183869997,0.22888924194839658,0.04644069108614298,0.006841489805196029,0.07308861142648448,0.5380713492271881,0.10917247616817952,0.016082929974646047
2028Q2,0.02852415034068037,0.20999205977263255,0.04260653010787786,0.006276653825567202,0.07072501625999687,0.5206707882446052,0.10564197350916897,0.015562827939471011,0.025944242354569717,0.19099902455311904,0.038752920939053234,0.005708952802496289,0.06804281014273408,0.5009246439923962,0.10163556159765591,0.014972616519120052,0.031206356457943164,0.22973820402484146,0.04661294201939093,0.0068668652459181615,0.07330492424610753,0.5396638234641187,0.1094955826779936,0.016130528962541926
2028Q3,0.028524148622113107,0.20999204712070516,0.04260652754085354,0.0062766534474016245,0.07072501797856415,0.5206708008965326,0.10564197607619329,0.015562828317636588,0.025825902038565184,0.1901278144937437,0.0385761559810579,0.005682912370501041,0.0679984561882171,0.5005981144321168,0.10156931008530719,0.01496285656431077,0.031250710412460164,0.23006473358512095,0.04667919353173965,0.006876625200727442,0.07342326456211207,0.5405350335234941,0.10967234763598893,0.016156569394537173
2028Q4,0.02852414787968384,0.20999204165501204,0.04260652643188677,0.006276653284032289,0.07072501872099343,0.5206708063622257,0.1056419771851601,0.015562828481005925,0.025889190595401738,0.19059373878075708,0.038670690113368066,0.005696838827823638,0.06794291744873181,0.500189243557353,0.10148635185700693,0.014950635431078264,0.03130624915194546,0.23047360445988485,0.04676215176003993,0.006888846333959951,0.07335997600527552,0.5400691092364807,0.10957781350367879,0.016142642937214575
2029Q1,0.028524147558950833,0.2099920392938064,0.04260652595280779,0.006276653213455951,0.07072501904172644,0.5206708087234313,0.10564197766423904,0.015562828551582263,0.02589353825875911,0.19062574586151876,0.03867718421915289,0.005697795518120048,0.06812598863610089,0.5015369960850006,0.10175980533286387,0.01499091969738689,0.031123177964576382,0.22912585193223717,0.046488698284182964,0.0068485620676513245,0.07335562834191817,0.540037102155719,0.10957131939789395,0.016141686246918165
2029Q2,0.028524147420392647,0.20999203827375432,0.04260652574584341,0.006276653182966638,0.07072501918028462,0.5206708097434835,0.10564197787120345,0.015562828582071577,0.02575894657088943,0.18963489476073345,0.03847614458316026,0.005668179020434158,0.0678118474951848,0.49922431912696996,0.10129057263640472,0.014921793880479144,0.03143731910549246,0.23143852889026778,0.04695793098064213,0.006917687884559072,0.07349022002978783,0.5410279532565043,0.10977235903388659,0.016171302744604057
2029Q3,0.028524147360534848,0.20999203783308695,0.04260652565643379,0.0062766531697951095,0.0707250192401424,0.5206708101841507,0.10564197796061305,0.015562828595243106,0.025602206540985877,0.1884809896895864,0.038242021963435055,0.0056336888464390165,0.06765116866620828,0.49804141699471915,0.10105056663157297,0.014886436985548436,0.03159799793446898,0.2326214310225186,0.047197936985473865,0.00695304477948978,0.07364696005969139,0.5421818583276513,0.11000648165361178,0.0162057929185992
2029Q4,0.028524147334675978,0.20999203764271646,0.04260652561780839,0.0062766531641049415,0.07072501926600128,0.5206708103745212,0.10564197799923844,0.015562828600933271,0.02574441664926775,0.18952792687095482,0.038454441235798616,0.005664981754712211,0.06774831085706551,0.49875656848934025,0.10119566794502387,0.014907812833613518,0.03150085574361175,0.2319062795278975,0.047052835672022966,0.006931668931424695,0.0735047499514095,0.5411349211462829,0.10979406238124821,0.016174500010326002
2030Q1,0.028524147323504827,0.20999203756047546,0.04260652560112205,0.006276653161646763,0.07072501927717242,0.5206708104567623,0.10564197801592479,0.015562828603391452,0.02581339953590224,0.19003577226794033,0.03855748098987428,0.00568016123224692,0.06772068459230282,0.4985531865770992,0.10115440258681611,0.01490173375681937,0.03152848200837444,0.2321096614401386,0.04709410103023071,0.0069377480082188445,0.07343576706477502,0.5406270757492975,0.10969102262717255,0.016159320532791295
2030Q2,0.028524147318678836,0.209992037524947,0.04260652559391346,0.006276653160584818,0.07072501928199841,0.5206708104922908,0.1056419780231334,0.015562828604453394,0.025733594986581967,0.18944825882789615,0.03843827691568629,0.005662600480259354,0.06781029885510875,0.4992129181872214,0.10128825943235699,0.014921453106870056,0.0314388677455685,0.23144992983001636,0.04696024418468986,0.006918028658168158,0.07351557161409529,0.5412145891893416,0.10981022670136056,0.01617688128477886
2030Q3,0.028524147316593997,0.20999203750959858,0.04260652559079933,0.006276653160126056,0.07072501928408327,0.5206708105076391,0.10564197802624752,0.01556282860491216,0.025545370273479365,0.1880625665379436,0.03815712561722271,0.005621182196052767,0.0675110726958904,0.49701004389432785,0.10084130524758608,0.014855609287000368,0.03173809390478685,0.23365280412290987,0.04740719836946075,0.006983872478037846,0.0737037963271979,0.5426002814792942,0.11009137799982413,0.016218299568985448
2030Q4,0.02852414731569331,0.20999203750296788,0.042606525589453985,0.006276653159927863,0.07072501928498394,0.5206708105142698,0.10564197802759284,0.015562828605110346,0.02560451643543642,0.18849799491104735,0.03824547225332197,0.005634197131792532,0.06754851915437562,0.4972857211311459,0.10089723903147897,0.014863849268002358,0.031700647446301626,0.23337712688609183,0.047351264585567855,0.0069756324970358516,0.07364465016524083,0.5421648531061903,0.11000303136372486,0.01620528463324568
2031Q1,0.028524147315304237,0.2099920375001035,0.04260652558887281,0.006276653159842248,0.07072501928537303,0.5206708105171343,0.10564197802817404,0.015562828605195967,0.025662131145360992,0.18892214888113096,0.03833153135915822,0.005646875076100701,0.06754173089062944,0.49723574658433856,0.10088709940031636,0.014862355530902305,0.03170743571004782,0.23342710143289924,0.0473614042167305,0.0069771262341359105,0.07358703545531627,0.5417406991361068,0.10991697225788864,0.016192606688937513
2031Q2,0.028524147315136143,0.20999203749886608,0.04260652558862174,0.006276653159805259,0.0707250192855411,0.5206708105183716,0.10564197802842508,0.015562828605232953,0.02563033913824202,0.18868809917309476,0.03828404363060799,0.005639879340181403,0.06714700898680971,0.49432984177629,0.10029750319925616,0.014775498158533464,0.03210215761386754,0.23633300624094766,0.04795100041779066,0.007063983606504749,0.07361882746243523,0.541974748844143,0.10996445998643883,0.01619960242485681
2031Q3,0.028524147315063524,0.2099920374983314,0.042606525588513265,0.00627665315978928,0.07072501928561374,0.5206708105189064,0.10564197802853359,0.015562828605248933,0.025215037089644638,0.18563068531251842,0.037663706862427655,0.005548493368611305,0.06731855962658985,0.49559278113723454,0.10055374843045571,0.014813247362860113,0.031930606974087415,0.23507006688000323,0.047694755186591144,0.0070262344021781,0.07403412951103262,0.5450321627047193,0.1105847967546192,0.016290988396426908
2031Q4,0.028524147315032167,0.20999203749810055,0.04260652558846643,0.00627665315978238,0.07072501928564508,0.5206708105191371,0.10564197802858041,0.015562828605255834,0.025356527431922,0.18667232364557626,0.0378750510201401,0.005579627894531589,0.06718649757300511,0.4946205529615013,0.1003564873097926,0.014784187503619975,0.03206266902767213,0.23604229505573637,0.04789201630725423,0.00705529426141824,0.07389263916875524,0.5439905243716614,0.11037345259690673,0.016259853870506626
2032Q1,0.028524147315018615,0.2099920374980008,0.04260652558844619,0.006276653159779397,0.07072501928565865,0.5206708105192369,0.10564197802860065,0.015562828605258816,0.02509885249033871,0.1847753454327775,0.03749016189897471,0.005522927295617167,0.06721190293904337,0.49480758483028375,0.10039443531105055,0.01478977787830351,0.03203726366163388,0.23585526318695396,0.04785406830599629,0.007049703886734704,0.07415031411033855,0.5458875025844603,0.11075834171807214,0.016316554469421048
2032Q2,0.028524147315012762,0.2099920374979577,0.042606525588437444,0.006276653159778111,0.07072501928566449,0.52067081051928,0.10564197802860939,0.015562828605260101,0.02506419415475874,0.18452019408944895,0.03743839273492458,0.005515300832707402,0.0669435573164401,0.4928320500869731,0.09999360739112273,0.014730729227999456,0.032305609284237154,0.23783079793026454,0.048254896225924104,0.007108752537038757,0.07418497244591851,0.5461426539277887,0.11081011088212225,0.01632418093233081
2032Q3,0.028524147315010233,0.20999203749793907,0.04260652558843366,0.006276653159777553,0.07072501928566702,0.5206708105192986,0.10564197802861318,0.015562828605260662,0.024902910025972686,0.18333283579803944,0.03719748259362423,0.0054798107433670536,0.06690524447247162,0.4925499946033007,0.09993637948702867,0.014722298601467523,0.03234392212820563,0.23811285341393706,0.048312124130018175,0.007117183163570693,0.07434625657470456,0.5473300122191983,0.11105102102342261,0.01635967102167116
2032Q4,0.028524147315009137,0.20999203749793102,0.042606525588432025,0.006276653159777312,0.07072501928566813,0.5206708105193067,0.1056419780286148,0.015562828605260901,0.024859242201985425,0.18301135746493044,0.03713225595461001,0.00547020176952523,0.06693625043766514,0.4927782575460513,0.09998269310456899,0.014729121371216064,0.03231291616301212,0.2378845904711865,0.048265810512477844,0.007110360393822151,0.07438992439869184,0.5476514905523073,0.11111624766243682,0.016369279995512985
2033Q1,0.02852414731500866,0.20999203749792753,0.04260652558843131,0.006276653159777208,0.0707250192856686,0.5206708105193103,0.10564197802861551,0.015562828605261007,0.024816931109328394,0.18269986725778448,0.03706905586550454,0.005460891340347927,0.06656726395988152,0.4900618144768419,0.09943153791546364,0.014647927002244448,0.03268190264079572,0.2406010335403959,0.048816965701583184,0.007191554762793767,0.07443223549134886,0.5479629807594533,0.11117944775154229,0.01637859042469029
2033Q2,0.028524147315008467,0.20999203749792608,0.042606525588431025,0.006276653159777165,0.0707250192856688,0.5206708105193117,0.10564197802861583,0.015562828605261052,0.02479948213369232,0.18257140957224507,0.03704299232647145,0.005457051745535449,0.06702223999434584,0.4934113044172341,0.10011113572571359,0.014748043115543327,0.032226926606331426,0.23725154360000372,0.04813736789133326,0.007091438649494889,0.07444968446698494,0.5480914384449928,0.1112055112905754,0.016382430019502767
2033Q3,0.028524147315008366,0.20999203749792533,0.042606525588430866,0.006276653159777141,0.07072501928566889,0.5206708105193124,0.10564197802861595,0.015562828605261075,0.024818360022208538,0.1827103867773969,0.03707119023301144,0.0054612057683462506,0.06673750904073648,0.4913151424381626,0.09968583303298797,0.014685388922241005,0.03251165755994077,0.23934770557907514,0.04856267058405885,0.00715409284279721,0.07443080657846872,0.5479524612398409,0.11117731338403539,0.016378275996691966
2033Q4,0.028524147315008328,0.20999203749792508,0.042606525588430824,0.006276653159777135,0.07072501928566892,0.5206708105193126,0.10564197802861601,0.015562828605261078,0.024879947287073084,0.18316378631604066,0.03716318314510079,0.005474757861467392,0.06653941590138433,0.4898567997403939,0.09938994126390223,0.014641799120403502,0.03270975069929292,0.2408060482768438,0.04885856235314461,0.0071976826446347114,0.07436921931360417,0.547499061701197,0.11108532047194604,0.016364723903570823
2034Q1,0.02852414731500831,0.20999203749792494,0.0426065255884308,0.006276653159777132,0.07072501928566893,0.5206708105193127,0.10564197802861604,0.015562828605261083,0.02479452135581311,0.1825348888011621,0.0370355824113804,0.0054559601412253675,0.06667524984774023,0.490856796229041,0.09959283646168945,0.014671688973347545,0.03257391675293701,0.2398060517881967,0.04865566715535739,0.00716779279169067,0.07445464524486413,0.5481279592160756,0.11121292120566643,0.016383521623812847
2034Q2,0.028524147315008307,0.20999203749792492,0.04260652558843079,0.006276653159777129,0.07072501928566895,0.5206708105193127,0.10564197802861604,0.015562828605261082,0.024739103711363893,0.18212690941644252,0.03695280506276413,0.005443765654592752,0.06659089813691699,0.490235807022016,0.09946684029128937,0.01465312763209431,0.032658268463760264,0.24042704099522166,0.048781663325757466,0.007186354132943901,0.07451006288931336,0.5485359386007952,0.1112956985542827,0.01639571611044546
2034Q3,0.028524147315008297,0.20999203749792483,0.042606525588430776,0.006276653159777128,0.07072501928566896,0.520670810519313,0.10564197802861608,0.015562828605261089,0.0246168435174435,0.1812268415917077,0.0367701849821991,0.005416862665205875,0.06651819404091783,0.4897005664384957,0.09935824216590591,0.014637129313587462,0.03273097255975942,0.2409622815787421,0.04889026145114094,0.007202352451450754,0.07463232308323375,0.54943600642553,0.11147831863484776,0.016422619099832343
2034Q4,0.0285241473150083,0.20999203749792483,0.042606525588430776,0.006276653159777127,0.07072501928566896,0.5206708105193129,0.10564197802861605,0.015562828605261087,0.024523351498103443,0.18053856230979962,0.0366305359308064,0.005396290026447415,0.06639885092913704,0.4888219738927683,0.09917997933162247,0.014610868219385972,0.032850315671540224,0.24184087412446936,0.04906852428542437,0.007228613545652242,0.07472581510257381,0.5501242857074381,0.11161796768624042,0.0164431917385908
2035Q1,0.028524147315008297,0.20999203749792483,0.04260652558843077,0.006276653159777127,0.07072501928566896,0.5206708105193129,0.10564197802861605,0.015562828605261087,0.024554287616340178,0.18076631104595173,0.03667674521793088,0.005403097426582378,0.06645177121656222,0.4892115679745358,0.09925902637746148,0.014622513170087401,0.03279739538411504,0.24145128004270192,0.04898947723958535,0.007216968594950812,0.07469487898433708,0.5498965369712859,0.11157175839911594,0.016436384338455835
2035Q2,0.028524147315008297,0.20999203749792483,0.04260652558843077,0.006276653159777127,0.07072501928566895,0.5206708105193129,0.10564197802861605,0.015562828605261087,0.024627564999566514,0.18130577211506904,0.03678619966258113,0.00541922189522603,0.06650699747572453,0.48961813839912416,0.09934151785382946,0.014634665542961015,0.032742169124952716,0.24104470961811353,0.04890698576321737,0.007204816222077199,0.07462160160111073,0.5493570759021686,0.1114623039544657,0.016420259869812184
2035Q3,0.028524147315008297,0.20999203749792483,0.042606525588430776,0.006276653159777127,0.07072501928566895,0.5206708105193127,0.10564197802861604,0.015562828605261083,0.024324987125946353,0.1790782228221282,0.036334239021215804,0.00535264054064379,0.06627856634621278,0.4879364503267558,0.09900031022166945,0.014584399957279963,0.032970600254464466,0.2427263976904818,0.04924819339537736,0.007255081807758247,0.07492417947473089,0.5515846251951094,0.11191426459583101,0.016486841224394422
2035Q4,0.028524147315008297,0.20999203749792486,0.042606525588430776,0.006276653159777127,0.07072501928566896,0.5206708105193129,0.10564197802861605,0.015562828605261087,0.024264652708055917,0.1786340466227788,0.03624411748694791,0.005339364132745838,0.06632077734174924,0.4882472036284979,0.09906336079568226,0.014593688360385772,0.03292838925892802,0.24241564438873983,0.04918514282136457,0.007245793404652441,0.07498451389262134,0.552028801394459,0.11200438613009892,0.016500117632292376
2036Q1,0.0285241473150083,0.20999203749792486,0.042606525588430776,0.006276653159777128,0.07072501928566896,0.5206708105193129,0.10564197802861605,0.015562828605261087,0.02420619064344763,0.17820365450876208,0.036156792687220246,0.005326499730578148,0.06616564540841842,0.4871051372101272,0.09883164019018797,0.014559552043223687,0.03308352119225883,0.2435577108071105,0.04941686342685885,0.0072799297218145275,0.07504297595722963,0.5524591935084756,0.11209171092982659,0.016512982034460066
2036Q2,0.0285241473150083,0.20999203749792486,0.042606525588430776,0.006276653159777128,0.07072501928566896,0.520670810519313,0.10564197802861605,0.015562828605261087,0.02429622194944534,0.178866456350874,0.036291272470275256,0.005346310849733744,0.06585049415393113,0.48478502389284,0.09836089868684866,0.014490203953850839,0.03339867244674614,0.2458778241243978,0.04988760493019818,0.007349277811187375,0.07495294465123192,0.5517963916663639,0.11195723114677159,0.01649317091530447
2036Q3,0.028524147315008297,0.20999203749792483,0.042606525588430776,0.006276653159777128,0.07072501928566896,0.520670810519313,0.10564197802861605,0.015562828605261087,0.023729926720934692,0.17469744517774297,0.03544539715355895,0.005221699281291596,0.06576888035591674,0.4841841909373894,0.09823899213745851,0.01447224508210855,0.03348028624476051,0.24647865707984834,0.05000951147958832,0.0073672366829296634,0.07551923987974256,0.5559654028394948,0.11280310646348789,0.016617782483746617
2036Q4,0.028524147315008297,0.20999203749792483,0.042606525588430776,0.006276653159777128,0.07072501928566896,0.520670810519313,0.10564197802861605,0.015562828605261087,0.02392524245703425,0.17613534089907706,0.03573714031474962,0.005264677923864321,0.065987384986429,0.48579280107592493,0.09856537255571604,0.014520326371424048,0.03326178161424825,0.24487004694131284,0.04968313106133079,0.007319155393614166,0.075323924143643,0.5545275071181607,0.1125113633022972,0.016574803841173893
2037Q1,0.0285241473150083,0.20999203749792483,0.04260652558843077,0.006276653159777127,0.07072501928566895,0.5206708105193129,0.10564197802861604,0.015562828605261087,0.023959284750866745,0.17638595700212975,0.035787989297095875,0.0052721688286331845,0.06588022254354398,0.485003881446666,0.0984053039894421,0.014496745596920413,0.03336894405713327,0.24565896657057165,0.0498431996276047,0.007342736168117801,0.0752898818498105,0.5542768910151079,0.11246051431995092,0.01656731293640503
2037Q2,0.028524147315008304,0.20999203749792483,0.042606525588430776,0.006276653159777128,0.07072501928566895,0.5206708105193129,0.10564197802861605,0.015562828605261087,0.024051063108025208,0.1770616204673712,0.03592507865088275,0.0052923643811626266,0.0659292565472717,0.48536486508048876,0.0984785460924034,0.014507535382537325,0.033319910053405545,0.24529798293674895,0.04976995752464343,0.00733194638250089,0.07519810349265205,0.5536012275498665,0.11232342496616408,0.016547117383875588
2037Q3,0.028524147315008297,0.2099920374979248,0.042606525588430776,0.006276653159777128,0.07072501928566896,0.520670810519313,0.10564197802861605,0.015562828605261087,0.024003161771890952,0.17670897542376596,0.03585352841377365,0.005281823835656245,0.06585969148337985,0.4848527337503565,0.09837463674002077,0.014492227798641302,0.0333894751172974,0.24581011426688124,0.04987386687702607,0.007347253966396912,0.0752460048287863,0.5539538725934718,0.11239497520327318,0.016557657929381967
2037Q4,0.0285241473150083,0.20999203749792486,0.042606525588430776,0.006276653159777127,0.07072501928566896,0.5206708105193129,0.10564197802861605,0.015562828605261083,0.024191445032124,0.17809509873207907,0.036134767164099815,0.005323255002983482,0.06599256438983918,0.4858309313472039,0.09857310903181438,0.014521466083627223,0.03325660221083808,0.24483191667003384,0.04967539458523246,0.007318015681410986,0.07505772156855325,0.5525677492851586,0.11211373645294702,0.01651622676205473
2038Q1,0.028524147315008297,0.20999203749792483,0.042606525588430776,0.006276653159777128,0.07072501928566895,0.5206708105193129,0.10564197802861605,0.015562828605261087,0.024271270196516165,0.17868276393830584,0.036254002031025565,0.0053408202912558584,0.06597815919543536,0.4857248816872438,0.09855159198952758,0.014518296263755897,0.03327100740524188,0.2449379663299939,0.049696911627519255,0.007321185501282317,0.07497789640416108,0.5519800840789318,0.11199450158602127,0.016498661473782355
2038Q2,0.028524147315008297,0.20999203749792483,0.04260652558843077,0.006276653159777127,0.07072501928566895,0.5206708105193129,0.10564197802861605,0.015562828605261087,0.023952714335730724,0.176337586235902,0.035778175066453755,0.005270723028467132,0.06569691194048373,0.4836543663636563,0.09813149289831065,0.01445640864790622,0.033552254660193515,0.2470084816535814,0.05011701071873618,0.007383073117131993,0.07529645226494652,0.5543252617813357,0.11247032855059308,0.01656875873657108
2038Q3,0.0285241473150083,0.20999203749792483,0.042606525588430776,0.006276653159777128,0.07072501928566896,0.5206708105193129,0.10564197802861605,0.015562828605261083,0.02426167758918852,0.17861214408294596,0.036239673551192265,0.005338709466752372,0.06529495578717033,0.4806952037044907,0.09753109089707138,0.014367959400609736,0.03395421081350693,0.24996764431274696,0.05071741271997546,0.007471522364428476,0.07498748901148873,0.5520507039342918,0.11200883006585456,0.01650077229828584
2038Q4,0.028524147315008297,0.20999203749792483,0.042606525588430776,0.006276653159777128,0.07072501928566896,0.5206708105193129,0.10564197802861605,0.015562828605261087,0.024197574146084522,0.17814022068136692,0.036143922223071764,0.005324603696147984,0.06555788397706881,0.4826308558276787,0.09792382679648719,0.014425815961077452,0.033691282623608446,0.24803199218955901,0.05032467682055964,0.007413665803960762,0.07505159245459274,0.5525226273358708,0.11210458139397507,0.01651487806889023
2039Q1,0.028524147315008297,0.2099920374979248,0.04260652558843077,0.006276653159777127,0.07072501928566896,0.520670810519313,0.10564197802861608,0.015562828605261087,0.024010856278663374,0.17676562164483745,0.03586502170035883,0.005283516988819166,0.06576931027518329,0.484187355961807,0.09823963430796863,0.014472339684555139,0.03347985632549396,0.2464754920554307,0.05000886930907821,0.0073671420804830735,0.07523831032201388,0.5538972263724004,0.11238348191668802,0.016555964776219047
2039Q2,0.028524147315008297,0.20999203749792483,0.042606525588430776,0.006276653159777127,0.07072501928566896,0.5206708105193129,0.10564197802861605,0.015562828605261087,0.023996327815219532,0.17665866449002424,0.035843320531077784,0.005280320043964884,0.06587026038507819,0.4849305409912615,0.0983904235109864,0.014494553453796133,0.03337890621559906,0.24573230702597623,0.04985808010606044,0.00734492831124208,0.07525283878545773,0.5540041835272135,0.11240518308596904,0.01655916172107333
2039Q3,0.0285241473150083,0.20999203749792483,0.042606525588430776,0.006276653159777127,0.07072501928566895,0.5206708105193129,0.10564197802861604,0.015562828605261087,0.024103469524504834,0.17744743148050995,0.0360033581275689,0.005303896256102018,0.06572844620806263,0.4838865186179119,0.09817859564124892,0.014463347669011901,0.03352072039261462,0.24677632939932578,0.05006990797579789,0.007376134096026312,0.07514569707617241,0.5532154165367277,0.11224514548947792,0.016535585508936194
2039Q4,0.0285241473150083,0.20999203749792483,0.042606525588430776,0.006276653159777128,0.07072501928566895,0.520670810519313,0.10564197802861605,0.015562828605261087,0.02418743976760042,0.17806561235870086,0.036128784499533974,0.005322373656524638,0.0657876629302754,0.4843224664488526,0.09826704767321885,0.014476378131324541,0.03346150367040185,0.2463403815683852,0.04998145594382799,0.007363103633713674,0.07506172683307683,0.5525972356585369,0.11211971911751287,0.016517108108513576
2040Q1,0.028524147315008304,0.20999203749792483,0.042606525588430776,0.006276653159777127,0.07072501928566895,0.5206708105193129,0.10564197802861604,0.015562828605261083,0.024036077694846097,0.1769512992924215,0.03590269493567409,0.005289066885888096,0.0655560708800731,0.48261750798144504,0.09792111857307605,0.014425416994515494,0.033693095720604145,0.24804534003579262,0.05032738504397077,0.0074140647705227165,0.07521308890583116,0.5537115487248162,0.11234580868137273,0.016550414879150113
2040Q2,0.0285241473150083,0.20999203749792486,0.042606525588430776,0.006276653159777128,0.07072501928566896,0.520670810519313,0.10564197802861605,0.015562828605261089,0.02387158668834244,0.17574033227474622,0.03565699468036875,0.005252871132713634,0.06559537225799773,0.4829068409573172,0.09797982305057414,0.014434065144982886,0.03365379434267953,0.2477560070599206,0.050268680566472705,0.007405416620055331,0.07537757991233482,0.5549225157424915,0.11259150893667809,0.016586610632324583
2040Q3,0.0285241473150083,0.20999203749792483,0.042606525588430776,0.006276653159777128,0.07072501928566895,0.520670810519313,0.10564197802861605,0.015562828605261087,0.023935141539902307,0.17620821699797903,0.03575192657717009,0.0052668561873922895,0.06556536221958446,0.4826859099320285,0.09793499704910093,0.01442746152593859,0.03368380438109279,0.24797693808520926,0.0503135065679459,0.007412020239099624,0.07531402506077493,0.5544546310192587,0.11249657703987674,0.016572625577645925
2040Q4,0.028524147315008304,0.20999203749792486,0.04260652558843078,0.006276653159777128,0.07072501928566896,0.5206708105193129,0.10564197802861605,0.015562828605261087,0.023862051015849095,0.17567013156817726,0.03564275124411091,0.0052507728365498605,0.06564373765290075,0.48326290235708186,0.09805206645237587,0.014444707805231037,0.03360542894777651,0.24739994566015586,0.050196437164670975,0.007394773959807177,0.07538711558482816,0.5549927164490605,0.11260575237293592,0.016588708928488353
2041Q1,0.028524147315008297,0.20999203749792483,0.042606525588430776,0.006276653159777128,0.07072501928566895,0.5206708105193129,0.10564197802861605,0.015562828605261083,0.023594326910612053,0.17369917237612267,0.03524285168481997,0.005191860949280215,0.06581873308523851,0.4845512019505321,0.09831345717103322,0.014483215025839572,0.03343043351543873,0.24611164606670557,0.04993504644601362,0.007356266739198638,0.07565483969006519,0.556963675641115,0.11300565193222686,0.016647620815757998
2041Q2,0.0285241473150083,0.20999203749792483,0.042606525588430776,0.006276653159777127,0.07072501928566896,0.5206708105193129,0.10564197802861605,0.015562828605261083,0.02359475311194332,0.17370231002945719,0.03524348830184925,0.005191954733606281,0.06572912334037564,0.48389150360107347,0.09817960707394498,0.01446349666994872,0.03352004326030161,0.24677134441616422,0.05006889654310186,0.007375985095089489,0.07565441348873393,0.5569605379877806,0.11300501531519758,0.01664752703143193
2041Q3,0.028524147315008297,0.20999203749792483,0.04260652558843077,0.006276653159777128,0.07072501928566895,0.5206708105193129,0.10564197802861605,0.015562828605261087,0.023403427008900905,0.17229378560414424,0.0349577044564993,0.005149853997835046,0.06583112006105889,0.48464239367879763,0.09833195959974476,0.014485940742758099,0.033418046539618364,0.24602045433844008,0.04991654401730206,0.007353541022280115,0.07584573959177633,0.5583690624130935,0.11329079916054752,0.016689627767203168
2041Q4,0.028524147315008297,0.20999203749792486,0.042606525588430776,0.006276653159777128,0.07072501928566895,0.520670810519313,0.10564197802861605,0.015562828605261083,0.023173132791941973,0.1705983816606318,0.03461371393017898,0.00509917844534296,0.06561142222615571,0.48302499928394665,0.09800379689180644,0.01443759689239116,0.033637744374521536,0.24763784873329117,0.0502447067252404,0.007401884872647051,0.07607603380873527,0.560064466356606,0.11363478968686785,0.01674030331969525
2042Q1,0.028524147315008297,0.20999203749792483,0.04260652558843077,0.006276653159777127,0.07072501928566895,0.5206708105193129,0.10564197802861605,0.015562828605261087,0.02339647013633421,0.17224256977536728,0.034947312974301606,0.005148323158869179,0.06560157867655955,0.4829525320156675,0.09798909357944734,0.014435430848793302,0.033647587924117685,0.24771031600157017,0.05025941003759948,0.00740405091624491,0.07585269646434303,0.5584202782418703,0.11330119064274521,0.016691158606169036
2042Q2,0.028524147315008297,0.20999203749792483,0.042606525588430776,0.006276653159777128,0.07072501928566896,0.5206708105193129,0.10564197802861605,0.015562828605261087,0.02333638463794538,0.17180022609752105,0.03485756325115212,0.005135101524961805,0.06566894178604221,0.48344845276857334,0.09808971387200831,0.014450253899218517,0.033580224814635046,0.24721439524866434,0.05015878974503852,0.007389227865819697,0.07591278196273188,0.5588626219197166,0.11339094036589471,0.016704380240076408
2042Q3,0.028524147315008297,0.20999203749792483,0.04260652558843077,0.006276653159777127,0.07072501928566895,0.5206708105193129,0.10564197802861605,0.015562828605261083,0.023465544431294335,0.1727510881116815,0.035050489265014875,0.00516352275053209,0.06532389159890103,0.48090822637594466,0.09757431232589488,0.014374326639290863,0.03392527500177621,0.24975462164129306,0.05067419129115195,0.007465155125747348,0.0757836221693829,0.5579117599055562,0.11319801435203194,0.016675959014506123
2042Q4,0.0285241473150083,0.20999203749792486,0.042606525588430776,0.006276653159777127,0.07072501928566895,0.5206708105193127,0.10564197802861604,0.015562828605261083,0.023662696112671744,0.17420249988611167,0.035344974778101154,0.005206905387362806,0.06531216909178468,0.48082192640256544,0.09755680241424358,0.014371747136719942,0.03393699750889257,0.24984092161467222,0.05069170120280323,0.007467734628318268,0.0755864704880055,0.556460348131126,0.11290352883894567,0.016632576377675404
2043Q1,0.028524147315008293,0.20999203749792483,0.042606525588430776,0.006276653159777127,0.07072501928566896,0.520670810519313,0.10564197802861605,0.015562828605261087,0.02382387172917335,0.17538905932048776,0.03558572283457658,0.00524237159890006,0.06554087458102716,0.48250563428496446,0.09789841985759823,0.01442207309443777,0.03370829201965009,0.2481572137322733,0.050350083759448605,0.0074174086706004436,0.0754252948715039,0.55527378869675,0.11266278078247026,0.016597110166138154
2043Q2,0.028524147315008297,0.20999203749792483,0.04260652558843077,0.006276653159777127,0.07072501928566895,0.520670810519313,0.10564197802861605,0.015562828605261087,0.02362765728471502,0.17394454739438894,0.035292637272497915,0.005199195198245471,0.06520902271210588,0.4800625726455511,0.09740273264253034,0.014349050084892916,0.03404014388857137,0.25060027537168666,0.05084577097451649,0.0074904316801452965,0.07562150931596223,0.5567183006228488,0.11295586634454892,0.016640286566792742
2043Q3,0.028524147315008293,0.2099920374979248,0.04260652558843077,0.006276653159777126,0.07072501928566895,0.5206708105193129,0.10564197802861605,0.015562828605261083,0.023471429884118593,0.17279441625104758,0.03505928036728998,0.005164817826793551,0.06504632092662212,0.47886477770146485,0.09715970494708544,0.014313248044443462,0.03420284567405513,0.2517980703157728,0.05108879866996139,0.007526233720594747,0.07577773671655864,0.55786843176619,0.11318922324975685,0.01667466393824466
2043Q4,0.028524147315008307,0.20999203749792486,0.04260652558843078,0.006276653159777129,0.07072501928566895,0.5206708105193129,0.10564197802861605,0.015562828605261083,0.02364950965778225,0.17410542246959715,0.035325278167315025,0.00520400374747032,0.06519211196797046,0.4799380773687112,0.09737747306001704,0.014345328926309643,0.0340570546327068,0.25072477064852655,0.05087103055702981,0.0074941528387285706,0.075599656942895,0.5565574255476405,0.11292322544973182,0.016635478017567894
2044Q1,0.028524147315008297,0.20999203749792483,0.042606525588430776,0.006276653159777127,0.07072501928566895,0.5206708105193129,0.10564197802861605,0.015562828605261083,0.023440116827319286,0.1725638925293406,0.03501250804694547,0.005157927482457185,0.06517388968808083,0.4798039266914053,0.09735025443623757,0.01434131916821295,0.03407527691259642,0.2508589213258324,0.05089824918080926,0.007498162596825261,0.07580904977335795,0.5580989554878971,0.11323599557010136,0.016681554282581026
2044Q2,0.028524147315008304,0.20999203749792483,0.04260652558843078,0.006276653159777128,0.07072501928566896,0.5206708105193129,0.10564197802861605,0.015562828605261087,0.023216598895315122,0.17091837494592163,0.0346786392590642,0.005108743031167991,0.06532120263012008,0.4808884304456107,0.09757029581259098,0.014373734939766626,0.03392796397055719,0.249774417571627,0.05067820780445586,0.007465746825271587,0.07603256770536214,0.559744473071316,0.11356986435798264,0.016730738733870223
2044Q3,0.028524147315008297,0.20999203749792486,0.042606525588430776,0.006276653159777128,0.07072501928566895,0.5206708105193129,0.10564197802861605,0.015562828605261083,0.023741681653998196,0.1747839838678359,0.03546295549985514,0.005224285919095041,0.06500694068845678,0.4785748641640621,0.09710088267602715,0.014304582541016365,0.03424222591222047,0.25208798385317566,0.051147620941019684,0.0075348992240218465,0.07550748494667905,0.5558788641494018,0.1127855481171917,0.016615195845943172
2044Q4,0.0285241473150083,0.20999203749792483,0.04260652558843078,0.006276653159777128,0.07072501928566896,0.520670810519313,0.10564197802861605,0.015562828605261087,0.023460623034313812,0.17271485725899854,0.035043138173181505,0.00516243981187078,0.06468425182557402,0.4761992596965104,0.09661888224524541,0.014233575823498391,0.03456491477510323,0.2544635883207274,0.05162962137180143,0.007605905941539823,0.07578854356636344,0.5579479907582392,0.11320536544386534,0.016677041953167434
2045Q1,0.0285241473150083,0.20999203749792486,0.042606525588430776,0.006276653159777128,0.07072501928566896,0.5206708105193129,0.10564197802861605,0.015562828605261087,0.023445844832497363,0.17260606155423236,0.03502106396963424,0.0051591879128358095,0.06507048799188098,0.4790426933186438,0.09719580329817644,0.014318565934750381,0.03417867860879628,0.25162015469859395,0.0510527003188704,0.007520915830287834,0.0758033217681799,0.5580567864630054,0.1132274396474126,0.016680293852202405
2045Q2,0.028524147315008297,0.20999203749792483,0.042606525588430776,0.006276653159777128,0.07072501928566895,0.5206708105193129,0.10564197802861605,0.015562828605261083,0.023255000682541823,0.17120108522133293,0.03473600001772411,0.005117193229397432,0.0650595011353155,0.47896180913408254,0.09717939222792697,0.01431614830987921,0.03418966546536174,0.25170103888315515,0.05106911138911987,0.007523333455159002,0.07599416591813542,0.5594617627959048,0.11351250359932272,0.01672228853564078
2045Q3,0.0285241473150083,0.20999203749792483,0.042606525588430776,0.006276653159777128,0.07072501928566895,0.5206708105193129,0.10564197802861605,0.015562828605261087,0.02353915478584068,0.17329300048372978,0.03516044106900455,0.005179720488517146,0.06510177607984333,0.4792730332221673,0.09724253832256329,0.01432545078476898,0.03414739052083393,0.2513898147950704,0.05100596529448354,0.007514030980269233,0.07571001181483657,0.5573698475335079,0.11308806254804228,0.01665976127652107
2045Q4,0.0285241473150083,0.20999203749792486,0.04260652558843078,0.006276653159777129,0.07072501928566895,0.5206708105193127,0.10564197802861604,0.015562828605261083,0.023442103937440652,0.17257852144352023,0.035015476193803574,0.005158364740086112,0.06497134100007404,0.47831278267166105,0.09704770741307295,0.014296748936242595,0.03427782560060321,0.25235006534557664,0.05120079620397387,0.007542732828795619,0.0758070626632366,0.5580843265737174,0.11323302742324325,0.0166811170249521
2046Q1,0.028524147315008297,0.20999203749792483,0.042606525588430776,0.006276653159777128,0.07072501928566896,0.520670810519313,0.10564197802861605,0.015562828605261087,0.023168662045037786,0.17056546845060028,0.034607035974471165,0.005098194670880823,0.06500101363231112,0.478531229745033,0.09709202943086102,0.014303278310068671,0.034248152968366134,0.2521316182722048,0.05115647418618581,0.007536203454969542,0.07608050455563947,0.5600973795666375,0.11364146764257567,0.01674128709415739
2046Q2,0.028524147315008297,0.2099920374979248,0.042606525588430776,0.006276653159777127,0.07072501928566895,0.520670810519313,0.10564197802861605,0.015562828605261087,0.02286075668636715,0.16829869872354322,0.034147117667426355,0.005030441019174098,0.06514760032381,0.47961038691239677,0.09731098600661062,0.014335534272366753,0.03410156627686724,0.2510524611048409,0.05093751761043622,0.0075039474926714604,0.07638840991431009,0.5623641492936945,0.11410138594962048,0.016809040745864114
2046Q3,0.0285241473150083,0.20999203749792483,0.042606525588430776,0.006276653159777128,0.07072501928566895,0.5206708105193129,0.10564197802861604,0.015562828605261083,0.023023077548588133,0.16949368934709358,0.034389576377703575,0.005066159238600801,0.06498214473510748,0.47839231873306215,0.09706384495464675,0.014299126265769263,0.03426702186556977,0.25227052928417554,0.05118465866240007,0.0075403554992689486,0.07622608905208912,0.561169158670144,0.11385892723934324,0.01677332252643741
2046Q4,0.028524147315008297,0.2099920374979248,0.042606525588430776,0.006276653159777127,0.07072501928566895,0.5206708105193129,0.10564197802861605,0.015562828605261083,0.022895843750613012,0.16855700632620144,0.03419952722358609,0.005038161822542345,0.06434981556564781,0.47373717201832266,0.09611933472472241,0.014159984126455602,0.03489935103502944,0.256925675998915,0.052129168892324426,0.007679497638582609,0.07635332285006423,0.5621058416910363,0.11404897639346075,0.016801319942495865
2047Q1,0.028524147315008297,0.20999203749792483,0.04260652558843077,0.006276653159777127,0.07072501928566895,0.5206708105193129,0.10564197802861604,0.015562828605261083,0.023168535663510667,0.1705645380419157,0.034606847198354225,0.005098166861004412,0.06418490723250055,0.4725231326819125,0.09587301110851083,0.014123696541803503,0.03506425936817669,0.2581397153353252,0.05237549250853597,0.007715785223234708,0.07608063093716658,0.560098309975322,0.11364165641869259,0.0167413149040338
2047Q2,0.0285241473150083,0.20999203749792483,0.042606525588430776,0.006276653159777128,0.07072501928566895,0.5206708105193129,0.10564197802861604,0.015562828605261087,0.02253932786910271,0.16593237059101415,0.03366699936708261,0.0049597115709194,0.06410657250281226,0.4719464399130655,0.09575600250425466,0.014106459219222454,0.03514259409786498,0.2587164081041722,0.052492501112792155,0.007733022545815761,0.07670983873157454,0.5647304774262235,0.1145815042499642,0.016879770194118814
2047Q3,0.028524147315008297,0.20999203749792483,0.042606525588430776,0.006276653159777128,0.07072501928566895,0.5206708105193129,0.10564197802861604,0.015562828605261083,0.022845451911756062,0.1681860264403533,0.03412425692197125,0.005027073249373253,0.06400847007988578,0.4712242192820222,0.09560946689193486,0.014084872074967333,0.03524069652079147,0.2594386287352155,0.05263903672511195,0.00775460969007088,0.07640371468892118,0.5624768215768844,0.11412424669507557,0.01681240851566496
2047Q4,0.0285241473150083,0.20999203749792486,0.042606525588430776,0.006276653159777128,0.07072501928566896,0.5206708105193129,0.10564197802861604,0.015562828605261087,0.023035418747819492,0.16958454407250018,0.03440801042991331,0.005068874882518059,0.06410215732142646,0.47191393577105234,0.09574940754677477,0.014105487671786161,0.0351470092792508,0.2587489122461854,0.05249909607027205,0.007733994093252052,0.07621374785285777,0.5610783039447376,0.1138404931871335,0.016770606882520155
2048Q1,0.0285241473150083,0.20999203749792486,0.04260652558843078,0.006276653159777129,0.07072501928566895,0.5206708105193129,0.10564197802861604,0.015562828605261083,0.023047479663194606,0.16967333537503204,0.034426025822060696,0.005071528850812467,0.06415068867644066,0.47227121895324264,0.09582189884323385,0.014116166851059575,0.03509847792423658,0.2583916290639951,0.05242660477381298,0.007723314913978639,0.07620168693748264,0.5609895126422056,0.11382247779498612,0.016767952914225746
2048Q2,0.028524147315008297,0.20999203749792483,0.042606525588430776,0.006276653159777128,0.07072501928566895,0.520670810519313,0.10564197802861605,0.015562828605261087,0.023067790126395822,0.16982285905765254,0.034456363565746384,0.005075998107390782,0.06409749518886448,0.47187961359815933,0.09574244371826471,0.014104461783483412,0.03515167141181276,0.2587832344190784,0.052506059898782126,0.007735019981554801,0.07618137647428141,0.5608399889595852,0.11379214005130045,0.016763483657647432
2048Q3,0.0285241473150083,0.20999203749792483,0.042606525588430776,0.006276653159777127,0.07072501928566895,0.5206708105193129,0.10564197802861604,0.015562828605261082,0.02293313016483235,0.1688315053324799,0.03425522194932118,0.005046366586283115,0.06426477224266162,0.47311109122886935,0.09599230549307101,0.014141270598017949,0.034984394358015626,0.25755175678836834,0.0522561981239758,0.00769821116702026,0.07631603643584489,0.5618313426847578,0.11399328166772563,0.016793115178755095
2048Q4,0.0285241473150083,0.20999203749792486,0.042606525588430776,0.006276653159777128,0.07072501928566895,0.5206708105193129,0.10564197802861604,0.015562828605261083,0.022825310784830962,0.16803774939516075,0.03409417211592122,0.0050226412547351735,0.06386187849872961,0.47014502611747033,0.09539050301250304,0.014052615036714816,0.03538728810194765,0.2605178218997674,0.05285800060454377,0.0077868667283233954,0.07642385581584629,0.562625098622077,0.11415433150112558,0.01681684051030304
2049Q1,0.028524147315008297,0.20999203749792483,0.042606525588430776,0.006276653159777128,0.07072501928566895,0.5206708105193129,0.10564197802861605,0.015562828605261087,0.02260438500891786,0.1664113150163356,0.033764175232206046,0.004974027199627852,0.06390560986195615,0.4704669722203665,0.09545582456009401,0.014062237992175885,0.0353435567387211,0.2601958757968712,0.05279267905695282,0.007777243772862329,0.07664478159175939,0.564251533000902,0.11448432838484078,0.016865454565410363
2049Q2,0.028524147315008297,0.20999203749792483,0.04260652558843077,0.006276653159777127,0.07072501928566896,0.5206708105193129,0.10564197802861605,0.015562828605261087,0.02248833073356244,0.1655569345690222,0.03359082493366878,0.00494848980402858,0.06416284587010594,0.47236071904731497,0.09584005804628602,0.014118842005103287,0.03508632073057131,0.2583021289699227,0.052408445570760805,0.007720639759934925,0.07676083586711481,0.5651059134482155,0.11465767868337805,0.016890991961009634
2049Q3,0.028524147315008297,0.20999203749792486,0.042606525588430776,0.006276653159777128,0.07072501928566896,0.520670810519313,0.10564197802861605,0.015562828605261087,0.022797290712507728,0.1678314683094191,0.03405231852726719,0.005016475521767154,0.06394400256672395,0.47074961563158624,0.09551317175228291,0.014070686191837453,0.035305164033953305,0.25991323238565156,0.052735331864763924,0.0077687955732007605,0.07645187588816953,0.5628313797078187,0.11419618508977963,0.01682300624327106
2049Q4,0.028524147315008297,0.20999203749792483,0.04260652558843077,0.006276653159777127,0.07072501928566893,0.5206708105193129,0.10564197802861604,0.015562828605261083,0.022565971587933404,0.1661285190943153,0.03370679709619943,0.004965574441424872,0.06411672240996427,0.47202116255629567,0.09577116342296736,0.014108692675882646,0.035132444190712965,0.258641685460942,0.05247734019407944,0.007730789089155564,0.07668319501274383,0.5645343289229224,0.11454170652084739,0.016873907323613338
2050Q1,0.028524147315008297,0.20999203749792483,0.04260652558843077,0.006276653159777127,0.07072501928566895,0.5206708105193129,0.10564197802861604,0.015562828605261083,0.022633025720759203,0.16662216519069964,0.03380695587025502,0.004980329502462427,0.0638438238410025,0.4700121094584525,0.09536353476598738,0.0140486421633728,0.035405342759674746,0.2606507385587852,0.05288496885105942,0.00779083960166541,0.07661614087991804,0.5640406828265381,0.11444154774679179,0.016859152262575783
2050Q2,0.028524147315008297,0.20999203749792483,0.04260652558843077,0.006276653159777127,0.07072501928566895,0.5206708105193129,0.10564197802861604,0.015562828605261083,0.022657484268444824,0.16680222667355565,0.0338434896087158,0.004985711532604086,0.06408324992893114,0.4717747413604354,0.09572116557013423,0.01410132715671315,0.03516591667174611,0.2588881066568023,0.052527338046912585,0.007738154608325061,0.07659168233223242,0.5638606213436821,0.114405014008331,0.016853770232434125
2050Q3,0.0285241473150083,0.20999203749792483,0.042606525588430776,0.006276653159777128,0.07072501928566895,0.520670810519313,0.10564197802861605,0.015562828605261087,0.022705322827378496,0.1671544095574296,0.03391494607550556,0.004996238264175558,0.06408910585541745,0.4718178521297327,0.09572991256891136,0.014102615735792409,0.0351600607452598,0.25884499588750504,0.052518591048135464,0.0077368660292458065,0.07654384377329874,0.5635084384598081,0.11433355754154127,0.016843243500862654
2050Q4,0.028524147315008293,0.20999203749792483,0.04260652558843077,0.006276653159777126,0.07072501928566895,0.5206708105193129,0.10564197802861604,0.015562828605261083,0.02272124570515349,0.16727163225684552,0.03393873008180274,0.004999742045725816,0.06391568487333382,0.4705411434880875,0.09547087360697089,0.014064454968245323,0.03533348172734341,0.2601217045291502,0.05277763001007592,0.007775026796792888,0.07652792089552375,0.5633912157603922,0.11430977353524406,0.016839739719312394
