Quarter,Female_Advanced_mean,Female_Basic_and_below_basic_mean,Female_Intermediate_mean,Female_Level_not_stated_mean,Male_Advanced_mean,Male_Basic_and_below_basic_mean,Male_Intermediate_mean,Male_Level_not_stated_mean,Female_Advanced_p05,Female_Basic_and_below_basic_p05,Female_Intermediate_p05,Female_Level_not_stated_p05,Male_Advanced_p05,Male_Basic_and_below_basic_p05,Male_Intermediate_p05,Male_Level_not_stated_p05,Female_Advanced_p95,Female_Basic_and_below_basic_p95,Female_Intermediate_p95,Female_Level_not_stated_p95,Male_Advanced_p95,Male_Basic_and_below_basic_p95,Male_Intermediate_p95,Male_Level_not_stated_p95
1995Q2,0.06823296735466997,0.087747315628863,0.10120978820548625,0.023258809658324674,0.1750661577782667,0.22513435950474645,0.25967518983290905,0.05967541203673385,0.06823296735466997,0.087747315628863,0.10120978820548625,0.023258809658324674,0.1750661577782667,0.22513435950474645,0.25967518983290905,0.05967541203673385,0.06823296735466997,0.087747315628863,0.10120978820548625,0.023258809658324674,0.1750661577782667,0.22513435950474645,0.25967518983290905,0.05967541203673385
1995Q3,0.06786312565485461,0.08727170072268829,0.10066120294591074,0.02313274042766959,0.17543599947808208,0.22560997441092115,0.26022377509248457,0.059801481267388934,0.06786312565485461,0.08727170072268829,0.10066120294591074,0.02313274042766959,0.17543599947808208,0.22560997441092115,0.26022377509248457,0.059801481267388934,0.06786312565485461,0.08727170072268829,0.10066120294591074,0.02313274042766959,0.17543599947808208,0.22560997441092115,0.26022377509248457,0.059801481267388934
1995Q4,0.06749823189337723,0.08680244884488367,0.10011995695077959,0.023008357818019947,0.17580089323955947,0.22607922628872576,0.2607650210876158,0.05992586387703858,0.06749823189337723,0.08680244884488367,0.10011995695077959,0.023008357818019947,0.17580089323955947,0.22607922628872576,0.2607650210876158,0.05992586387703858,0.06749823189337723,0.08680244884488367,0.10011995695077959,0.023008357818019947,0.17580089323955947,0.22607922628872576,0.2607650210876158,0.05992586387703858
1996Q1,0.06713818743581605,0.08633943315198808,0.09958590391590402,0.022885628207516245,0.17616093769712063,0.22654224198162132,0.26129907412249126,0.06004859348754228,0.06713818743581605,0.08633943315198808,0.09958590391590402,0.022885628207516245,0.17616093769712063,0.22654224198162132,0.26129907412249126,0.06004859348754228,0.06713818743581605,0.08633943315198808,0.09958590391590402,0.022885628207516245,0.17616093769712063,0.22654224198162132,0.26129907412249126,0.06004859348754228
1996Q2,0.06678289625207463,0.08588253014969213,0.09905890140008447,0.02276451886204445,0.17651622888086205,0.22699914498391727,0.26182607663831087,0.06016970283301407,0.06678289625207463,0.08588253014969213,0.09905890140008447,0.02276451886204445,0.17651622888086205,0.22699914498391727,0.26182607663831087,0.06016970283301407,0.06678289625207463,0.08588253014969213,0.09905890140008447,0.02276451886204445,0.17651622888086205,0.22699914498391727,0.26182607663831087,0.06016970283301407
1996Q3,0.06660501678970492,0.08565377789204348,0.09879505324265397,0.022703884469055545,0.1766941083432318,0.22722789724156595,0.26208992479574134,0.06023033722600298,0.06660501678970492,0.08565377789204348,0.09879505324265397,0.022703884469055545,0.1766941083432318,0.22722789724156595,0.26208992479574134,0.06023033722600298,0.06660501678970492,0.08565377789204348,0.09879505324265397,0.022703884469055545,0.1766941083432318,0.22722789724156595,0.26208992479574134,0.06023033722600298
1996Q4,0.06642624386965627,0.08542387665149122,0.0985298798217041,0.0226429455200302,0.1768728812632804,0.22745779848211825,0.2623550982166913,0.06029127617502834,0.06642624386965627,0.08542387665149122,0.0985298798217041,0.0226429455200302,0.1768728812632804,0.22745779848211825,0.2623550982166913,0.06029127617502834,0.06642624386965627,0.08542387665149122,0.0985298798217041,0.0226429455200302,0.1768728812632804,0.22745779848211825,0.2623550982166913,0.06029127617502834
1997Q1,0.06624657074345612,0.08519281774952729,0.09826337112724247,0.02258169971459302,0.17705255438948056,0.22768885738408212,0.2626216069111528,0.06035252198046551,0.06624657074345612,0.08519281774952729,0.09826337112724247,0.02258169971459302,0.17705255438948056,0.22768885738408212,0.2626216069111528,0.06035252198046551,0.06624657074345612,0.08519281774952729,0.09826337112724247,0.02258169971459302,0.17705255438948056,0.22768885738408212,0.2626216069111528,0.06035252198046551
1997Q2,0.06606599059449692,0.08496059242002246,0.09799551704821237,0.022520144729143213,0.1772331345384398,0.227921082713587,0.262889460990183,0.06041407696591533,0.06606599059449692,0.08496059242002246,0.09799551704821237,0.022520144729143213,0.1772331345384398,0.227921082713587,0.262889460990183,0.06041407696591533,0.06606599059449692,0.08496059242002246,0.09799551704821237,0.022520144729143213,0.1772331345384398,0.227921082713587,0.262889460990183,0.06041407696591533
1997Q3,0.06579302852133412,0.0846095643156162,0.09759063309425305,0.02242709919485427,0.17750609661160255,0.22827211081799323,0.2632943449441423,0.060507122500204256,0.06579302852133412,0.0846095643156162,0.09759063309425305,0.02242709919485427,0.17750609661160255,0.22827211081799323,0.2632943449441423,0.060507122500204256,0.06579302852133412,0.0846095643156162,0.09759063309425305,0.02242709919485427,0.17750609661160255,0.22827211081799323,0.2632943449441423,0.060507122500204256
1997Q4,0.06552016191711396,0.08425865898387787,0.09718589074913529,0.022334086203396917,0.1777789632158227,0.22862301614973154,0.26369908728926,0.060600135491661614,0.06552016191711396,0.08425865898387787,0.09718589074913529,0.022334086203396917,0.1777789632158227,0.22862301614973154,0.26369908728926,0.060600135491661614,0.06552016191711396,0.08425865898387787,0.09718589074913529,0.022334086203396917,0.1777789632158227,0.22862301614973154,0.26369908728926,0.060600135491661614
1998Q1,0.06524739073175961,0.08390787636040883,0.09678128993858026,0.022241105737701276,0.17805173440117705,0.22897379877320054,0.26410368809981505,0.06069311595735724,0.06524739073175961,0.08390787636040883,0.09678128993858026,0.022241105737701276,0.17805173440117705,0.22897379877320054,0.26410368809981505,0.06069311595735724,0.06524739073175961,0.08390787636040883,0.09678128993858026,0.022241105737701276,0.17805173440117705,0.22897379877320054,0.26410368809981505,0.06069311595735724
1998Q2,0.06497471491522917,0.08355721638085545,0.09637683058836097,0.0221481577807094,0.1783244102177075,0.22932445875275398,0.26450814745003437,0.06078606391434912,0.06497471491522917,0.08355721638085545,0.09637683058836097,0.0221481577807094,0.1783244102177075,0.22932445875275398,0.26450814745003437,0.06078606391434912,0.06497471491522917,0.08355721638085545,0.09637683058836097,0.0221481577807094,0.1783244102177075,0.22932445875275398,0.26450814745003437,0.06078606391434912
1998Q3,0.06532091369273546,0.08400242658609638,0.09689034636096808,0.022266167765942913,0.17797821144020123,0.22887924854751304,0.2639946316774272,0.06066805392911562,0.06532091369273546,0.08400242658609638,0.09689034636096808,0.022266167765942913,0.17797821144020123,0.22887924854751304,0.2639946316774272,0.06066805392911562,0.06532091369273546,0.08400242658609638,0.09689034636096808,0.022266167765942913,0.17797821144020123,0.22887924854751304,0.2639946316774272,0.06066805392911562
1998Q4,0.06567562357995652,0.08445858204345588,0.09741648664112665,0.02238707896284158,0.1776235015529802,0.22842309309015355,0.26346849139726874,0.06054714273221695,0.06567562357995652,0.08445858204345588,0.09741648664112665,0.02238707896284158,0.1776235015529802,0.22842309309015355,0.26346849139726874,0.06054714273221695,0.06567562357995652,0.08445858204345588,0.09741648664112665,0.02238707896284158,0.1776235015529802,0.22842309309015355,0.26346849139726874,0.06054714273221695
1999Q1,0.06603916234450892,0.08492609140078305,0.09795572277273999,0.02251099968996159,0.1772599627884278,0.22795558373282643,0.26292925526565536,0.06042322200509694,0.06603916234450892,0.08492609140078305,0.09795572277273999,0.02251099968996159,0.1772599627884278,0.22795558373282643,0.26292925526565536,0.06042322200509694,0.06603916234450892,0.08492609140078305,0.09795572277273999,0.02251099968996159,0.1772599627884278,0.22795558373282643,0.26292925526565536,0.06042322200509694
1999Q2,0.06641186377209521,0.08540538390511972,0.09850854985929802,0.022638043726000017,0.17688726136084149,0.22747629122848972,0.26237642817909734,0.06029617796905851,0.06641186377209521,0.08540538390511972,0.09850854985929802,0.022638043726000017,0.17688726136084149,0.22747629122848972,0.26237642817909734,0.06029617796905851,0.06641186377209521,0.08540538390511972,0.09850854985929802,0.022638043726000017,0.17688726136084149,0.22747629122848972,0.26237642817909734,0.06029617796905851
1999Q3,0.06632397345701811,0.0852923573210976,0.0983781823768459,0.0226080842476358,0.1769751516759186,0.22758931781251182,0.26250679566154944,0.060326137447422726,0.06632397345701811,0.0852923573210976,0.0983781823768459,0.0226080842476358,0.1769751516759186,0.22758931781251182,0.26250679566154944,0.060326137447422726,0.06632397345701811,0.0852923573210976,0.0983781823768459,0.0226080842476358,0.1769751516759186,0.22758931781251182,0.26250679566154944,0.060326137447422726
1999Q4,0.06561313423311317,0.08437822100020236,0.09732379635072436,0.022365778001147387,0.17768599089982354,0.22850345413340709,0.263561181687671,0.06056844369391114,0.06561313423311317,0.08437822100020236,0.09732379635072436,0.022365778001147387,0.17768599089982354,0.22850345413340709,0.263561181687671,0.06056844369391114,0.06561313423311317,0.08437822100020236,0.09732379635072436,0.022365778001147387,0.17768599089982354,0.22850345413340709,0.263561181687671,0.06056844369391114
2000Q1,0.06494836314903336,0.08352332811781478,0.09633774308009455,0.022139175162220553,0.17835076198390334,0.2293583470157947,0.2645472349583008,0.060795046532837974,0.06494836314903336,0.08352332811781478,0.09633774308009455,0.022139175162220553,0.17835076198390334,0.2293583470157947,0.2645472349583008,0.060795046532837974,0.06494836314903336,0.08352332811781478,0.09633774308009455,0.022139175162220553,0.17835076198390334,0.2293583470157947,0.2645472349583008,0.060795046532837974
2000Q2,0.06486607187573587,0.08341750187851314,0.09621568064217789,0.022111124248763738,0.17843305325720082,0.22946417325509624,0.2646692973962174,0.060823097446294785,0.06486607187573587,0.08341750187851314,0.09621568064217789,0.022111124248763738,0.17843305325720082,0.22946417325509624,0.2646692973962174,0.060823097446294785,0.06486607187573587,0.08341750187851314,0.09621568064217789,0.022111124248763738,0.17843305325720082,0.22946417325509624,0.2646692973962174,0.060823097446294785
2000Q3,0.06486102023137473,0.08341100548462338,0.09620818755085118,0.02210940227712433,0.17843810490156198,0.22947066964898602,0.2646767904875441,0.060824819417934196,0.06486102023137473,0.08341100548462338,0.09620818755085118,0.02210940227712433,0.17843810490156198,0.22947066964898602,0.2646767904875441,0.060824819417934196,0.06486102023137473,0.08341100548462338,0.09620818755085118,0.02210940227712433,0.17843810490156198,0.22947066964898602,0.2646767904875441,0.060824819417934196
2000Q4,0.06538116474108951,0.08407990918669052,0.09697971658887239,0.02228670575102126,0.1779179603918472,0.22880176594691895,0.263905261449523,0.06064751594403728,0.06538116474108951,0.08407990918669052,0.09697971658887239,0.02228670575102126,0.1779179603918472,0.22880176594691895,0.263905261449523,0.06064751594403728,0.06538116474108951,0.08407990918669052,0.09697971658887239,0.02228670575102126,0.1779179603918472,0.22880176594691895,0.263905261449523,0.06064751594403728
2001Q1,0.06420085118725515,0.08256203080671352,0.09522896047447536,0.021884368151616023,0.17909827394568156,0.23031964432689594,0.26565601756392,0.06104985354344252,0.06420085118725515,0.08256203080671352,0.09522896047447536,0.021884368151616023,0.17909827394568156,0.23031964432689594,0.26565601756392,0.06104985354344252,0.06420085118725515,0.08256203080671352,0.09522896047447536,0.021884368151616023,0.17909827394568156,0.23031964432689594,0.26565601756392,0.06104985354344252
2001Q2,0.06367036125662415,0.08187982293586052,0.09444208609972883,0.02170353819799449,0.17962876387631255,0.2310018521977489,0.26644289193866655,0.06123068349706404,0.06367036125662415,0.08187982293586052,0.09444208609972883,0.02170353819799449,0.17962876387631255,0.2310018521977489,0.26644289193866655,0.06123068349706404,0.06367036125662415,0.08187982293586052,0.09444208609972883,0.02170353819799449,0.17962876387631255,0.2310018521977489,0.26644289193866655,0.06123068349706404
2001Q3,0.06479746339897381,0.08332927165932943,0.09611391386181649,0.022087737437903498,0.1785016617339629,0.22955240347428,0.2647710641765788,0.060846484257155026,0.06479746339897381,0.08332927165932943,0.09611391386181649,0.022087737437903498,0.1785016617339629,0.22955240347428,0.2647710641765788,0.060846484257155026,0.06479746339897381,0.08332927165932943,0.09611391386181649,0.022087737437903498,0.1785016617339629,0.22955240347428,0.2647710641765788,0.060846484257155026
2001Q4,0.0643432087861117,0.08274510209385401,0.09544011914144088,0.02193289408304752,0.17895591634682498,0.23013657303975543,0.26544485889695446,0.061001327612011005,0.0643432087861117,0.08274510209385401,0.09544011914144088,0.02193289408304752,0.17895591634682498,0.23013657303975543,0.26544485889695446,0.061001327612011005,0.0643432087861117,0.08274510209385401,0.09544011914144088,0.02193289408304752,0.17895591634682498,0.23013657303975543,0.26544485889695446,0.061001327612011005
2002Q1,0.06406515074418415,0.08238752059455709,0.09502767634987885,0.02183811146810506,0.17923397438875258,0.2304941545390524,0.2658573016885165,0.06109611022695348,0.06406515074418415,0.08238752059455709,0.09502767634987885,0.02183811146810506,0.17923397438875258,0.2304941545390524,0.2658573016885165,0.06109611022695348,0.06406515074418415,0.08238752059455709,0.09502767634987885,0.02183811146810506,0.17923397438875258,0.2304941545390524,0.2658573016885165,0.06109611022695348
2002Q2,0.06325132062820024,0.08134093840966802,0.0938205241935636,0.02156069835688139,0.18004780450473643,0.23154073672394138,0.26706445384483174,0.06137352333817714,0.06325132062820024,0.08134093840966802,0.0938205241935636,0.02156069835688139,0.18004780450473643,0.23154073672394138,0.26706445384483174,0.06137352333817714,0.06325132062820024,0.08134093840966802,0.0938205241935636,0.02156069835688139,0.18004780450473643,0.23154073672394138,0.26706445384483174,0.06137352333817714
2002Q3,0.06232674915627428,0.08015194329610613,0.09244910966357457,0.021245536453262794,0.18097237597666244,0.23272973183750326,0.26843586837482075,0.061688685241795736,0.06232674915627428,0.08015194329610613,0.09244910966357457,0.021245536453262794,0.18097237597666244,0.23272973183750326,0.26843586837482075,0.061688685241795736,0.06232674915627428,0.08015194329610613,0.09244910966357457,0.021245536453262794,0.18097237597666244,0.23272973183750326,0.26843586837482075,0.061688685241795736
2002Q4,0.062260223780001046,0.08006639193559101,0.09235043274090893,0.021222859716134468,0.18103890135293563,0.23281528319801842,0.2685345452974864,0.06171136197892405,0.062260223780001046,0.08006639193559101,0.09235043274090893,0.021222859716134468,0.18103890135293563,0.23281528319801842,0.2685345452974864,0.06171136197892405,0.062260223780001046,0.08006639193559101,0.09235043274090893,0.021222859716134468,0.18103890135293563,0.23281528319801842,0.2685345452974864,0.06171136197892405
2003Q1,0.06206846991440083,0.0798197972524019,0.09206600471619614,0.021157495906906285,0.18123065521853582,0.2330618778812075,0.2688189733221992,0.06177672578815224,0.06206846991440083,0.0798197972524019,0.09206600471619614,0.021157495906906285,0.18123065521853582,0.2330618778812075,0.2688189733221992,0.06177672578815224,0.06206846991440083,0.0798197972524019,0.09206600471619614,0.021157495906906285,0.18123065521853582,0.2330618778812075,0.2688189733221992,0.06177672578815224
2003Q2,0.06216155737770706,0.07993950734769009,0.092204081115495,0.021189226955321078,0.18113756775522966,0.23294216778591934,0.26868089692290037,0.061744994739737456,0.06216155737770706,0.07993950734769009,0.092204081115495,0.021189226955321078,0.18113756775522966,0.23294216778591934,0.26868089692290037,0.061744994739737456,0.06216155737770706,0.07993950734769009,0.092204081115495,0.021189226955321078,0.18113756775522966,0.23294216778591934,0.26868089692290037,0.061744994739737456
2003Q3,0.0625485968904782,0.08043723857065509,0.09277817584760753,0.021321158464484423,0.18075052824245846,0.23244443656295433,0.2681068021907878,0.06161306323057409,0.0625485968904782,0.08043723857065509,0.09277817584760753,0.021321158464484423,0.18075052824245846,0.23244443656295433,0.2681068021907878,0.06161306323057409,0.0625485968904782,0.08043723857065509,0.09277817584760753,0.021321158464484423,0.18075052824245846,0.23244443656295433,0.2681068021907878,0.06161306323057409
2003Q4,0.06206273476932444,0.07981242187940106,0.09205749778998418,0.021155540947993226,0.18123639036361225,0.23306925325420835,0.26882748024841113,0.0617786807470653,0.06206273476932444,0.07981242187940106,0.09205749778998418,0.021155540947993226,0.18123639036361225,0.23306925325420835,0.26882748024841113,0.0617786807470653,0.06206273476932444,0.07981242187940106,0.09205749778998418,0.021155540947993226,0.18123639036361225,0.23306925325420835,0.26882748024841113,0.0617786807470653
2004Q1,0.06066251529581738,0.07801174539038282,0.08998055578014577,0.02067824325046093,0.18263660983711938,0.23486992974322665,0.2709044222582496,0.06225597844459761,0.06066251529581738,0.07801174539038282,0.08998055578014577,0.02067824325046093,0.18263660983711938,0.23486992974322665,0.2709044222582496,0.06225597844459761,0.06066251529581738,0.07801174539038282,0.08998055578014577,0.02067824325046093,0.18263660983711938,0.23486992974322665,0.2709044222582496,0.06225597844459761
2004Q2,0.061209205338354146,0.07871478653857564,0.09079145973998078,0.020864595392752656,0.18208991979458256,0.23416688859503376,0.27009351829841455,0.06206962630230588,0.061209205338354146,0.07871478653857564,0.09079145973998078,0.020864595392752656,0.18208991979458256,0.23416688859503376,0.27009351829841455,0.06206962630230588,0.061209205338354146,0.07871478653857564,0.09079145973998078,0.020864595392752656,0.18208991979458256,0.23416688859503376,0.27009351829841455,0.06206962630230588
2004Q3,0.06133329230283551,0.07887436186498899,0.09097551762110649,0.020906893349295415,0.1819658328301012,0.23400731326862048,0.26990946041728886,0.062027328345763126,0.06133329230283551,0.07887436186498899,0.09097551762110649,0.020906893349295415,0.1819658328301012,0.23400731326862048,0.26990946041728886,0.062027328345763126,0.06133329230283551,0.07887436186498899,0.09097551762110649,0.020906893349295415,0.1819658328301012,0.23400731326862048,0.26990946041728886,0.062027328345763126
2004Q4,0.06044733926472201,0.0777350298986155,0.08966138571648932,0.0206048954459566,0.18285178586821468,0.23514664523499393,0.271223592321906,0.06232932624910194,0.06044733926472201,0.0777350298986155,0.08966138571648932,0.0206048954459566,0.18285178586821468,0.23514664523499393,0.271223592321906,0.06232932624910194,0.06044733926472201,0.0777350298986155,0.08966138571648932,0.0206048954459566,0.18285178586821468,0.23514664523499393,0.271223592321906,0.06232932624910194
2005Q1,0.061086866967475534,0.07855745989634992,0.09060999554333125,0.020822893485412403,0.18221225816546116,0.2343242152372595,0.2702749824950641,0.062111328209646134,0.061086866967475534,0.07855745989634992,0.09060999554333125,0.020822893485412403,0.18221225816546116,0.2343242152372595,0.2702749824950641,0.062111328209646134,0.061086866967475534,0.07855745989634992,0.09060999554333125,0.020822893485412403,0.18221225816546116,0.2343242152372595,0.2702749824950641,0.062111328209646134
2005Q2,0.0615709020014286,0.07917992696097188,0.09132796348712276,0.02098788819631448,0.1817282231315081,0.23370174817263759,0.2695570145512726,0.061946333498744045,0.0615709020014286,0.07917992696097188,0.09132796348712276,0.02098788819631448,0.1817282231315081,0.23370174817263759,0.2695570145512726,0.061946333498744045,0.0615709020014286,0.07917992696097188,0.09132796348712276,0.02098788819631448,0.1817282231315081,0.23370174817263759,0.2695570145512726,0.061946333498744045
2005Q3,0.061143202125455626,0.07862990667801466,0.09069355734093051,0.02084209664727578,0.1821559230074811,0.23425176845559476,0.2701914206974648,0.06209212504778275,0.061143202125455626,0.07862990667801466,0.09069355734093051,0.02084209664727578,0.1821559230074811,0.23425176845559476,0.2701914206974648,0.06209212504778275,0.061143202125455626,0.07862990667801466,0.09069355734093051,0.02084209664727578,0.1821559230074811,0.23425176845559476,0.2701914206974648,0.06209212504778275
2005Q4,0.06107263574660899,0.07853915860479581,0.09058888640935028,0.020818042439500528,0.1822264893863277,0.23434251652881366,0.27029609162904505,0.062116179255558006,0.06107263574660899,0.07853915860479581,0.09058888640935028,0.020818042439500528,0.1822264893863277,0.23434251652881366,0.27029609162904505,0.062116179255558006,0.06107263574660899,0.07853915860479581,0.09058888640935028,0.020818042439500528,0.1822264893863277,0.23434251652881366,0.27029609162904505,0.062116179255558006
2006Q1,0.060465448591539774,0.07775831841848661,0.08968824723523644,0.020611068435375416,0.18283367654139693,0.23512335671512286,0.2711967308031589,0.062323153259683114,0.060465448591539774,0.07775831841848661,0.08968824723523644,0.020611068435375416,0.18283367654139693,0.23512335671512286,0.2711967308031589,0.062323153259683114,0.060465448591539774,0.07775831841848661,0.08968824723523644,0.020611068435375416,0.18283367654139693,0.23512335671512286,0.2711967308031589,0.062323153259683114
2006Q2,0.061810013418226784,0.07948742326039551,0.09168263684796114,0.021069394939257864,0.18148911171470997,0.23339425187321394,0.26920234119043424,0.06186482675580068,0.061810013418226784,0.07948742326039551,0.09168263684796114,0.021069394939257864,0.18148911171470997,0.23339425187321394,0.26920234119043424,0.06186482675580068,0.061810013418226784,0.07948742326039551,0.09168263684796114,0.021069394939257864,0.18148911171470997,0.23339425187321394,0.26920234119043424,0.06186482675580068
2006Q3,0.062403056162962246,0.08025007379313905,0.09256229565393817,0.021271547488880323,0.18089606896997446,0.2326316013404704,0.26832268238445717,0.0616626742061782,0.062403056162962246,0.08025007379313905,0.09256229565393817,0.021271547488880323,0.18089606896997446,0.2326316013404704,0.26832268238445717,0.0616626742061782,0.062403056162962246,0.08025007379313905,0.09256229565393817,0.021271547488880323,0.18089606896997446,0.2326316013404704,0.26832268238445717,0.0616626742061782
2006Q4,0.06191771634610271,0.07962592878306109,0.09184239232895573,0.021106108012076307,0.18138140878683398,0.23325574635054835,0.26904258570943956,0.06182811368298222,0.06191771634610271,0.07962592878306109,0.09184239232895573,0.021106108012076307,0.18138140878683398,0.23325574635054835,0.26904258570943956,0.06182811368298222,0.06191771634610271,0.07962592878306109,0.09184239232895573,0.021106108012076307,0.18138140878683398,0.23325574635054835,0.26904258570943956,0.06182811368298222
2007Q1,0.061241152658667974,0.07875587066121832,0.09083884711954306,0.02087548538729753,0.18205797247426872,0.2341258044723911,0.2700461309188523,0.062058736307761,0.061241152658667974,0.07875587066121832,0.09083884711954306,0.02087548538729753,0.18205797247426872,0.2341258044723911,0.2700461309188523,0.062058736307761,0.061241152658667974,0.07875587066121832,0.09083884711954306,0.02087548538729753,0.18205797247426872,0.2341258044723911,0.2700461309188523,0.062058736307761
2007Q2,0.06108490266838041,0.07855493381578549,0.09060708190344283,0.020822223907926082,0.1822142224645563,0.23432674131782397,0.2702778961349525,0.06211199778713245,0.06108490266838041,0.07855493381578549,0.09060708190344283,0.020822223907926082,0.1822142224645563,0.23432674131782397,0.2702778961349525,0.06211199778713245,0.06108490266838041,0.07855493381578549,0.09060708190344283,0.020822223907926082,0.1822142224645563,0.23432674131782397,0.2702778961349525,0.06211199778713245
2007Q3,0.06401048846372026,0.08231722512650383,0.09494659592727578,0.02181947854583757,0.17928863666921646,0.2305644500071056,0.2659383821111196,0.06111474314922096,0.06401048846372026,0.08231722512650383,0.09494659592727578,0.02181947854583757,0.17928863666921646,0.2305644500071056,0.2659383821111196,0.06111474314922096,0.06401048846372026,0.08231722512650383,0.09494659592727578,0.02181947854583757,0.17928863666921646,0.2305644500071056,0.2659383821111196,0.06111474314922096
2007Q4,0.06421800388604575,0.08258408910687279,0.09525440302928505,0.02189021505190138,0.17908112124689093,0.2302975860267367,0.26563057500911025,0.06104400664315715,0.06421800388604575,0.08258408910687279,0.09525440302928505,0.02189021505190138,0.17908112124689093,0.2302975860267367,0.26563057500911025,0.06104400664315715,0.06421800388604575,0.08258408910687279,0.09525440302928505,0.02189021505190138,0.17908112124689093,0.2302975860267367,0.26563057500911025,0.06104400664315715
2008Q1,0.06406202953580105,0.08238350673340238,0.09502304666936448,0.021837047530913097,0.17923709559713566,0.23049816840020707,0.26586193136903086,0.06109717416414544,0.06406202953580105,0.08238350673340238,0.09502304666936448,0.021837047530913097,0.17923709559713566,0.23049816840020707,0.26586193136903086,0.06109717416414544,0.06406202953580105,0.08238350673340238,0.09502304666936448,0.021837047530913097,0.17923709559713566,0.23049816840020707,0.26586193136903086,0.06109717416414544
2008Q2,0.06247238205491283,0.0803392266053071,0.09266512657443739,0.021295178847559052,0.18082674307802385,0.23254244852830233,0.26821985146395794,0.06163904284749948,0.06247238205491283,0.0803392266053071,0.09266512657443739,0.021295178847559052,0.18082674307802385,0.23254244852830233,0.26821985146395794,0.06163904284749948,0.06247238205491283,0.0803392266053071,0.09266512657443739,0.021295178847559052,0.18082674307802385,0.23254244852830233,0.26821985146395794,0.06163904284749948
2008Q3,0.06395915807893479,0.08225121446260131,0.09487045769712027,0.021801981378475527,0.1793399670540019,0.23063046067100812,0.26601452034127504,0.061132240316583,0.06395915807893479,0.08225121446260131,0.09487045769712027,0.021801981378475527,0.1793399670540019,0.23063046067100812,0.26601452034127504,0.061132240316583,0.06395915807893479,0.08225121446260131,0.09487045769712027,0.021801981378475527,0.1793399670540019,0.23063046067100812,0.26601452034127504,0.061132240316583
2008Q4,0.06333142858259573,0.08144395690983357,0.09393934812006528,0.021588005034806113,0.17996769655034098,0.2314377182237759,0.2669456299183301,0.061346216660252424,0.06333142858259573,0.08144395690983357,0.09393934812006528,0.021588005034806113,0.17996769655034098,0.2314377182237759,0.2669456299183301,0.061346216660252424,0.06333142858259573,0.08144395690983357,0.09393934812006528,0.021588005034806113,0.17996769655034098,0.2314377182237759,0.2669456299183301,0.061346216660252424
2009Q1,0.06072683477553171,0.07809445997698787,0.09007596070201494,0.020700168055932482,0.18257229035740502,0.2347872151566216,0.2708090173363804,0.06223405363912604,0.06072683477553171,0.07809445997698787,0.09007596070201494,0.020700168055932482,0.18257229035740502,0.2347872151566216,0.2708090173363804,0.06223405363912604,0.06072683477553171,0.07809445997698787,0.09007596070201494,0.020700168055932482,0.18257229035740502,0.2347872151566216,0.2708090173363804,0.06223405363912604
2009Q2,0.05908330034830523,0.07598088145733885,0.08763811023563578,0.02013993074115963,0.18421582478463144,0.2369007936762706,0.2732468678027596,0.06279429095389889,0.05908330034830523,0.07598088145733885,0.08763811023563578,0.02013993074115963,0.18421582478463144,0.2369007936762706,0.2732468678027596,0.06279429095389889,0.05908330034830523,0.07598088145733885,0.08763811023563578,0.02013993074115963,0.18421582478463144,0.2369007936762706,0.2732468678027596,0.06279429095389889
2009Q3,0.059296324899113094,0.0762548301542975,0.08795408901401376,0.02021254516307149,0.1840028002338236,0.23662684497931194,0.2729308890243816,0.06272167653198704,0.059296324899113094,0.0762548301542975,0.08795408901401376,0.02021254516307149,0.1840028002338236,0.23662684497931194,0.2729308890243816,0.06272167653198704,0.059296324899113094,0.0762548301542975,0.08795408901401376,0.02021254516307149,0.1840028002338236,0.23662684497931194,0.2729308890243816,0.06272167653198704
2009Q4,0.058873346714018594,0.07571088194640718,0.08732668653998041,0.020068363113277296,0.1844257784189181,0.23717079318720224,0.27355829149841493,0.06286585858178123,0.058873346714018594,0.07571088194640718,0.08732668653998041,0.020068363113277296,0.1844257784189181,0.23717079318720224,0.27355829149841493,0.06286585858178123,0.058873346714018594,0.07571088194640718,0.08732668653998041,0.020068363113277296,0.1844257784189181,0.23717079318720224,0.27355829149841493,0.06286585858178123
2010Q1,0.057132473137990435,0.07347212568139426,0.08474445315994146,0.01947494546321998,0.18616665199494625,0.23940954945221524,0.2761405248784539,0.06345927623183856,0.057132473137990435,0.07347212568139426,0.08474445315994146,0.01947494546321998,0.18616665199494625,0.23940954945221524,0.2761405248784539,0.06345927623183856,0.057132473137990435,0.07347212568139426,0.08474445315994146,0.01947494546321998,0.18616665199494625,0.23940954945221524,0.2761405248784539,0.06345927623183856
2010Q2,0.05651113205237215,0.07267308359856159,0.08382281949637942,0.019263146759403188,0.18678799308056457,0.2402085915350479,0.27706215854201593,0.06367107493565535,0.05651113205237215,0.07267308359856159,0.08382281949637942,0.019263146759403188,0.18678799308056457,0.2402085915350479,0.27706215854201593,0.06367107493565535,0.05651113205237215,0.07267308359856159,0.08382281949637942,0.019263146759403188,0.18678799308056457,0.2402085915350479,0.27706215854201593,0.06367107493565535
2010Q3,0.05690990857591387,0.07318590856914674,0.08441432370693483,0.01939907910438027,0.1863892165570228,0.23969576656446273,0.2764706543314605,0.06353514259067826,0.05690990857591387,0.07318590856914674,0.08441432370693483,0.01939907910438027,0.1863892165570228,0.23969576656446273,0.2764706543314605,0.06353514259067826,0.05690990857591387,0.07318590856914674,0.08441432370693483,0.01939907910438027,0.1863892165570228,0.23969576656446273,0.2764706543314605,0.06353514259067826
2010Q4,0.05764488008026123,0.07413107890352433,0.08550450508370845,0.019649611405504617,0.18565424505267547,0.23875059623008513,0.27538047295468693,0.06328461028955391,0.05764488008026123,0.07413107890352433,0.08550450508370845,0.019649611405504617,0.18565424505267547,0.23875059623008513,0.27538047295468693,0.06328461028955391,0.05764488008026123,0.07413107890352433,0.08550450508370845,0.019649611405504617,0.18565424505267547,0.23875059623008513,0.27538047295468693,0.06328461028955391
2011Q1,0.057930388523313836,0.07449824158805218,0.08592799903644882,0.019746933664674265,0.18536873660962286,0.23838343354555724,0.27495697900194654,0.06318728803038426,0.057930388523313836,0.07449824158805218,0.08592799903644882,0.019746933664674265,0.18536873660962286,0.23838343354555724,0.27495697900194654,0.06318728803038426,0.057930388523313836,0.07449824158805218,0.08592799903644882,0.019746933664674265,0.18536873660962286,0.23838343354555724,0.27495697900194654,0.06318728803038426
2011Q2,0.05919370910668825,0.07612286666691749,0.08780187926818998,0.02017756615986412,0.18410541602624844,0.23675880846669195,0.27308309877020537,0.06275665553519441,0.05919370910668825,0.07612286666691749,0.08780187926818998,0.02017756615986412,0.18410541602624844,0.23675880846669195,0.27308309877020537,0.06275665553519441,0.05919370910668825,0.07612286666691749,0.08780187926818998,0.02017756615986412,0.18410541602624844,0.23675880846669195,0.27308309877020537,0.06275665553519441
2011Q3,0.05776160120171709,0.07428118178607529,0.0856776372284714,0.019689398541434623,0.1855375239312196,0.23860049334753414,0.27520734080992393,0.0632448231536239,0.05776160120171709,0.07428118178607529,0.0856776372284714,0.019689398541434623,0.1855375239312196,0.23860049334753414,0.27520734080992393,0.0632448231536239,0.05776160120171709,0.07428118178607529,0.0856776372284714,0.019689398541434623,0.1855375239312196,0.23860049334753414,0.27520734080992393,0.0632448231536239
2011Q4,0.05803202187072891,0.07462894165518677,0.08607875152407003,0.01978157777842324,0.1852671032622078,0.23825273347842266,0.27480622651432535,0.06315264391663529,0.05803202187072891,0.07462894165518677,0.08607875152407003,0.01978157777842324,0.1852671032622078,0.23825273347842266,0.27480622651432535,0.06315264391663529,0.05803202187072891,0.07462894165518677,0.08607875152407003,0.01978157777842324,0.1852671032622078,0.23825273347842266,0.27480622651432535,0.06315264391663529
2012Q1,0.059570046109415006,0.07660683450594515,0.0883600989941749,0.020305849467085794,0.18372907902352167,0.23627484062766427,0.27252487904422046,0.06262837222797273,0.059570046109415006,0.07660683450594515,0.0883600989941749,0.020305849467085794,0.18372907902352167,0.23627484062766427,0.27252487904422046,0.06262837222797273,0.059570046109415006,0.07660683450594515,0.0883600989941749,0.020305849467085794,0.18372907902352167,0.23627484062766427,0.27252487904422046,0.06262837222797273
2012Q2,0.059785450876757636,0.07688384415158651,0.0886796083417294,0.02037927524171283,0.18351367425617907,0.23599783098202293,0.27220536969666587,0.06255494645334571,0.059785450876757636,0.07688384415158651,0.0886796083417294,0.02037927524171283,0.18351367425617907,0.23599783098202293,0.27220536969666587,0.06255494645334571,0.059785450876757636,0.07688384415158651,0.0886796083417294,0.02037927524171283,0.18351367425617907,0.23599783098202293,0.27220536969666587,0.06255494645334571
2012Q3,0.05925347788835,0.07619972907452706,0.08789053415112714,0.020197939753012345,0.18404564724458672,0.2366819460590824,0.2729944438872682,0.0627362819420462,0.05925347788835,0.07619972907452706,0.08789053415112714,0.020197939753012345,0.18404564724458672,0.2366819460590824,0.2729944438872682,0.0627362819420462,0.05925347788835,0.07619972907452706,0.08789053415112714,0.020197939753012345,0.18404564724458672,0.2366819460590824,0.2729944438872682,0.0627362819420462
2012Q4,0.05951231692624301,0.07653259501361206,0.08827446944252806,0.020286171118991263,0.18378680820669366,0.23634908011999736,0.2726105085958673,0.06264805057606726,0.05951231692624301,0.07653259501361206,0.08827446944252806,0.020286171118991263,0.18378680820669366,0.23634908011999736,0.2726105085958673,0.06264805057606726,0.05951231692624301,0.07653259501361206,0.08827446944252806,0.020286171118991263,0.18378680820669366,0.23634908011999736,0.2726105085958673,0.06264805057606726
2013Q1,0.05786726897594088,0.07441707010950727,0.08583437397119206,0.01972541788432668,0.1854318561569958,0.23846460502410216,0.2750506040672033,0.06320880381073186,0.05786726897594088,0.07441707010950727,0.08583437397119206,0.01972541788432668,0.1854318561569958,0.23846460502410216,0.2750506040672033,0.06320880381073186,0.05786726897594088,0.07441707010950727,0.08583437397119206,0.01972541788432668,0.1854318561569958,0.23846460502410216,0.2750506040672033,0.06320880381073186
2013Q2,0.058565196867687755,0.07531460251030368,0.08686960865092153,0.01996332299997259,0.1847339282652489,0.2375670726233057,0.27401536938747373,0.06297089869508593,0.058565196867687755,0.07531460251030368,0.08686960865092153,0.01996332299997259,0.1847339282652489,0.2375670726233057,0.27401536938747373,0.06297089869508593,0.058565196867687755,0.07531460251030368,0.08686960865092153,0.01996332299997259,0.1847339282652489,0.2375670726233057,0.27401536938747373,0.06297089869508593
2013Q3,0.05870181335937033,0.0754902907572103,0.08707225154811078,0.02000989194017002,0.18459731177356636,0.23739138437639914,0.27381272649028454,0.0629243297548885,0.05870181335937033,0.0754902907572103,0.08707225154811078,0.02000989194017002,0.18459731177356636,0.23739138437639914,0.27381272649028454,0.0629243297548885,0.05870181335937033,0.0754902907572103,0.08707225154811078,0.02000989194017002,0.18459731177356636,0.23739138437639914,0.27381272649028454,0.0629243297548885
2013Q4,0.06018499682829842,0.07739765860341664,0.08927225384289324,0.020515469864296622,0.18311412830463827,0.2354840165301928,0.27161272419550214,0.06241875183076192,0.06018499682829842,0.07739765860341664,0.08927225384289324,0.020515469864296622,0.18311412830463827,0.2354840165301928,0.27161272419550214,0.06241875183076192,0.06018499682829842,0.07739765860341664,0.08927225384289324,0.020515469864296622,0.18311412830463827,0.2354840165301928,0.27161272419550214,0.06241875183076192
2014Q1,0.061628287240349626,0.07925372414241157,0.0914130828671305,0.021007449302932104,0.18167083789258706,0.23362795099119787,0.26947189517126485,0.061926772392126433,0.061628287240349626,0.07925372414241157,0.0914130828671305,0.021007449302932104,0.18167083789258706,0.23362795099119787,0.26947189517126485,0.061926772392126433,0.061628287240349626,0.07925372414241157,0.0914130828671305,0.021007449302932104,0.18167083789258706,0.23362795099119787,0.26947189517126485,0.061926772392126433
2014Q2,0.061505057106353185,0.07909525069648085,0.09123029592049978,0.02096544341718637,0.18179406802658352,0.23378642443712858,0.26965468211789556,0.06196877827787216,0.061505057106353185,0.07909525069648085,0.09123029592049978,0.02096544341718637,0.18179406802658352,0.23378642443712858,0.26965468211789556,0.06196877827787216,0.061505057106353185,0.07909525069648085,0.09123029592049978,0.02096544341718637,0.18179406802658352,0.23378642443712858,0.26965468211789556,0.06196877827787216
2014Q3,0.06155197936381862,0.07915559252676412,0.09129989558653094,0.02098143797080815,0.18174714576911807,0.2337260826068453,0.2695850824518644,0.06195278372425038,0.06155197936381862,0.07915559252676412,0.09129989558653094,0.02098143797080815,0.18174714576911807,0.2337260826068453,0.2695850824518644,0.06195278372425038,0.06155197936381862,0.07915559252676412,0.09129989558653094,0.02098143797080815,0.18174714576911807,0.2337260826068453,0.2695850824518644,0.06195278372425038
2014Q4,0.060832686765594876,0.07823058520123229,0.09023297069162504,0.020736250193120465,0.18246643836734178,0.23465108993237713,0.27065200734677025,0.06219797150193805,0.060832686765594876,0.07823058520123229,0.09023297069162504,0.020736250193120465,0.18246643836734178,0.23465108993237713,0.27065200734677025,0.06219797150193805,0.060832686765594876,0.07823058520123229,0.09023297069162504,0.020736250193120465,0.18246643836734178,0.23465108993237713,0.27065200734677025,0.06219797150193805
2015Q1,0.05998291579834513,0.07713778322930685,0.08897250756136912,0.02044658579852222,0.18331620933459156,0.2357438919043026,0.27191247047702627,0.06248763589653631,0.05998291579834513,0.07713778322930685,0.08897250756136912,0.02044658579852222,0.18331620933459156,0.2357438919043026,0.27191247047702627,0.06248763589653631,0.05998291579834513,0.07713778322930685,0.08897250756136912,0.02044658579852222,0.18331620933459156,0.2357438919043026,0.27191247047702627,0.06248763589653631
2015Q2,0.0597371471024405,0.07682172569630902,0.08860795947524014,0.02036280976562147,0.1835619780304962,0.23605994943730044,0.2722770185631552,0.06257141192943706,0.0597371471024405,0.07682172569630902,0.08860795947524014,0.02036280976562147,0.1835619780304962,0.23605994943730044,0.2722770185631552,0.06257141192943706,0.0597371471024405,0.07682172569630902,0.08860795947524014,0.02036280976562147,0.1835619780304962,0.23605994943730044,0.2722770185631552,0.06257141192943706
2015Q3,0.061033772986087045,0.07848918125446304,0.09053124137478713,0.020804795154722798,0.18226535214684964,0.23439249387914635,0.2703537366636082,0.06212942654033573,0.061033772986087045,0.07848918125446304,0.09053124137478713,0.020804795154722798,0.18226535214684964,0.23439249387914635,0.2703537366636082,0.06212942654033573,0.061033772986087045,0.07848918125446304,0.09053124137478713,0.020804795154722798,0.18226535214684964,0.23439249387914635,0.2703537366636082,0.06212942654033573
2015Q4,0.05873859335796176,0.07553758968425911,0.08712680722716087,0.0200224292666214,0.18456053177497492,0.23734408544935032,0.27375817081123444,0.06291179242843713,0.05873859335796176,0.07553758968425911,0.08712680722716087,0.0200224292666214,0.18456053177497492,0.23734408544935032,0.27375817081123444,0.06291179242843713,0.05873859335796176,0.07553758968425911,0.08712680722716087,0.0200224292666214,0.18456053177497492,0.23734408544935032,0.27375817081123444,0.06291179242843713
2016Q1,0.059283412556758446,0.07623822493509001,0.08793493616919963,0.020208143687879754,0.18401571257617827,0.23664345019851948,0.27295004186919575,0.06272607800717879,0.059283412556758446,0.07623822493509001,0.08793493616919963,0.020208143687879754,0.18401571257617827,0.23664345019851948,0.27295004186919575,0.06272607800717879,0.059283412556758446,0.07623822493509001,0.08793493616919963,0.020208143687879754,0.18401571257617827,0.23664345019851948,0.27295004186919575,0.06272607800717879
2016Q2,0.05854645921986853,0.07529050597220663,0.08684181514521927,0.019956935832581686,0.18475266591306816,0.2375911691614028,0.2740431628931761,0.06297728586247685,0.05854645921986853,0.07529050597220663,0.08684181514521927,0.019956935832581686,0.18475266591306816,0.2375911691614028,0.2740431628931761,0.06297728586247685,0.05854645921986853,0.07529050597220663,0.08684181514521927,0.019956935832581686,0.18475266591306816,0.2375911691614028,0.2740431628931761,0.06297728586247685
2016Q3,0.06119833586071314,0.07870080843499518,0.09077533707123867,0.020860890275983757,0.18210078927222353,0.23418086669861424,0.2701096409671566,0.06207333141907477,0.06119833586071314,0.07870080843499518,0.09077533707123867,0.020860890275983757,0.18210078927222353,0.23418086669861424,0.2701096409671566,0.06207333141907477,0.06119833586071314,0.07870080843499518,0.09077533707123867,0.020860890275983757,0.18210078927222353,0.23418086669861424,0.2701096409671566,0.06207333141907477
2016Q4,0.06144775774486128,0.07902156395306212,0.09114530392226584,0.02094591158390765,0.18185136738807542,0.2338601111805473,0.2697396741161295,0.06198831011115088,0.06144775774486128,0.07902156395306212,0.09114530392226584,0.02094591158390765,0.18185136738807542,0.2338601111805473,0.2697396741161295,0.06198831011115088,0.06144775774486128,0.07902156395306212,0.09114530392226584,0.02094591158390765,0.18185136738807542,0.2338601111805473,0.2697396741161295,0.06198831011115088
2017Q1,0.060434744417803526,0.07771883297723424,0.08964270381185406,0.020600602196541983,0.18286438071513317,0.2351628421563752,0.2712422742265413,0.06233361949851655,0.060434744417803526,0.07771883297723424,0.08964270381185406,0.020600602196541983,0.18286438071513317,0.2351628421563752,0.2712422742265413,0.06233361949851655,0.060434744417803526,0.07771883297723424,0.08964270381185406,0.020600602196541983,0.18286438071513317,0.2351628421563752,0.2712422742265413,0.06233361949851655
2017Q2,0.060140886792307606,0.07734093327839352,0.08920682553787522,0.020500433922421204,0.1831582383406291,0.2355407418552159,0.27167815250052013,0.06243378777263732,0.060140886792307606,0.07734093327839352,0.08920682553787522,0.020500433922421204,0.1831582383406291,0.2355407418552159,0.27167815250052013,0.06243378777263732,0.060140886792307606,0.07734093327839352,0.08920682553787522,0.020500433922421204,0.1831582383406291,0.2355407418552159,0.27167815250052013,0.06243378777263732
2017Q3,0.06323065478512642,0.08131436222039709,0.09378987060070844,0.021553653918846262,0.18006847034781026,0.23156731291321234,0.2670951074376869,0.061380567776212265,0.06323065478512642,0.08131436222039709,0.09378987060070844,0.021553653918846262,0.18006847034781026,0.23156731291321234,0.2670951074376869,0.061380567776212265,0.06323065478512642,0.08131436222039709,0.09378987060070844,0.021553653918846262,0.18006847034781026,0.23156731291321234,0.2670951074376869,0.061380567776212265
2017Q4,0.060552024416493204,0.0778696545736113,0.08981666493780689,0.0206405798389047,0.18274710071644348,0.23501202055999817,0.2710683131005885,0.06229364185615384,0.060552024416493204,0.0778696545736113,0.08981666493780689,0.0206405798389047,0.18274710071644348,0.23501202055999817,0.2710683131005885,0.06229364185615384,0.060552024416493204,0.0778696545736113,0.08981666493780689,0.0206405798389047,0.18274710071644348,0.23501202055999817,0.2710683131005885,0.06229364185615384
2018Q1,0.0603640032808486,0.07762786016580625,0.08953777366201304,0.020576488418360604,0.18293512185208807,0.23525381496780318,0.27134720437638227,0.06235773327669791,0.0603640032808486,0.07762786016580625,0.08953777366201304,0.020576488418360604,0.18293512185208807,0.23525381496780318,0.27134720437638227,0.06235773327669791,0.0603640032808486,0.07762786016580625,0.08953777366201304,0.020576488418360604,0.18293512185208807,0.23525381496780318,0.27134720437638227,0.06235773327669791
2018Q2,0.06217663084641204,0.0799588917665034,0.09222643955356825,0.02119436510119238,0.18112249428652466,0.23292278336710606,0.2686585384848271,0.06173985659386616,0.06217663084641204,0.0799588917665034,0.09222643955356825,0.02119436510119238,0.18112249428652466,0.23292278336710606,0.2686585384848271,0.06173985659386616,0.06217663084641204,0.0799588917665034,0.09222643955356825,0.02119436510119238,0.18112249428652466,0.23292278336710606,0.2686585384848271,0.06173985659386616
2018Q3,0.06049915323909811,0.07780166245674436,0.08973824125386366,0.020622557456189725,0.1827999718938386,0.23508001267686507,0.2711467367845317,0.0623116642388688,0.06049915323909811,0.07780166245674436,0.08973824125386366,0.020622557456189725,0.1827999718938386,0.23508001267686507,0.2711467367845317,0.0623116642388688,0.06049915323909811,0.07780166245674436,0.08973824125386366,0.020622557456189725,0.1827999718938386,0.23508001267686507,0.2711467367845317,0.0623116642388688
2018Q4,0.05997973054178749,0.07713368700246288,0.08896778287835917,0.020445500029005532,0.1833193945911492,0.23574798813114656,0.2719171951600362,0.06248872166605301,0.05997973054178749,0.07713368700246288,0.08896778287835917,0.020445500029005532,0.1833193945911492,0.23574798813114656,0.2719171951600362,0.06248872166605301,0.05997973054178749,0.07713368700246288,0.08896778287835917,0.020445500029005532,0.1833193945911492,0.23574798813114656,0.2719171951600362,0.06248872166605301
2019Q1,0.0619818360558731,0.07970838646633915,0.09193750093257144,0.021127964721270043,0.1813172890770636,0.23317328866727027,0.26894747710582384,0.061806256973788484,0.0619818360558731,0.07970838646633915,0.09193750093257144,0.021127964721270043,0.1813172890770636,0.23317328866727027,0.26894747710582384,0.061806256973788484,0.0619818360558731,0.07970838646633915,0.09193750093257144,0.021127964721270043,0.1813172890770636,0.23317328866727027,0.26894747710582384,0.061806256973788484
2019Q2,0.06419640623044168,0.08255631461051705,0.09522236728125637,0.02188285298367782,0.179102718902495,0.2303253605230924,0.26566261075713893,0.0610513687113807,0.06419640623044168,0.08255631461051705,0.09522236728125637,0.02188285298367782,0.179102718902495,0.2303253605230924,0.26566261075713893,0.0610513687113807,0.06419640623044168,0.08255631461051705,0.09522236728125637,0.02188285298367782,0.179102718902495,0.2303253605230924,0.26566261075713893,0.0610513687113807
2019Q3,0.06358455698458253,0.08176947899460987,0.09431481283964446,0.021674289796398325,0.17971456814835415,0.23111219613899953,0.2665701651987509,0.06125993189866019,0.06358455698458253,0.08176947899460987,0.09431481283964446,0.021674289796398325,0.17971456814835415,0.23111219613899953,0.2665701651987509,0.06125993189866019,0.06358455698458253,0.08176947899460987,0.09431481283964446,0.021674289796398325,0.17971456814835415,0.23111219613899953,0.2665701651987509,0.06125993189866019
2019Q4,0.06156318609181216,0.07917000433291208,0.0913165184978695,0.02098525804728144,0.1817359390411245,0.23371167080069735,0.2695684595405259,0.06194896364777709,0.06156318609181216,0.07917000433291208,0.0913165184978695,0.02098525804728144,0.1817359390411245,0.23371167080069735,0.2695684595405259,0.06194896364777709,0.06156318609181216,0.07917000433291208,0.0913165184978695,0.02098525804728144,0.1817359390411245,0.23371167080069735,0.2695684595405259,0.06194896364777709
2020Q1,0.06109507724099699,0.07856801827436011,0.0906221738213167,0.02082569214999467,0.1822040478919397,0.23431365685924932,0.27026280421707866,0.062108529545063865,0.06109507724099699,0.07856801827436011,0.0906221738213167,0.02082569214999467,0.1822040478919397,0.23431365685924932,0.27026280421707866,0.062108529545063865,0.06109507724099699,0.07856801827436011,0.0906221738213167,0.02082569214999467,0.1822040478919397,0.23431365685924932,0.27026280421707866,0.062108529545063865
2020Q2,0.06366855366915682,0.08187749838580544,0.09443940490980224,0.021702922039347528,0.1796305714637799,0.231004176747804,0.2664455731285931,0.061231299655711,0.06366855366915682,0.08187749838580544,0.09443940490980224,0.021702922039347528,0.1796305714637799,0.231004176747804,0.2664455731285931,0.061231299655711,0.06366855366915682,0.08187749838580544,0.09443940490980224,0.021702922039347528,0.1796305714637799,0.231004176747804,0.2664455731285931,0.061231299655711
2020Q3,0.06300235283959721,0.08102076685660607,0.09345123090131202,0.021475831838090372,0.18029677229333949,0.23186090827700337,0.2674337471370833,0.06145838985696816,0.06300235283959721,0.08102076685660607,0.09345123090131202,0.021475831838090372,0.18029677229333949,0.23186090827700337,0.2674337471370833,0.06145838985696816,0.06300235283959721,0.08102076685660607,0.09345123090131202,0.021475831838090372,0.18029677229333949,0.23186090827700337,0.2674337471370833,0.06145838985696816
2020Q4,0.06572820563276063,0.08452620234728693,0.09749448146729404,0.022405002790648415,0.17757091950017606,0.2283554727863225,0.2633904965711013,0.06052921890441011,0.06572820563276063,0.08452620234728693,0.09749448146729404,0.022405002790648415,0.17757091950017606,0.2283554727863225,0.2633904965711013,0.06052921890441011,0.06572820563276063,0.08452620234728693,0.09749448146729404,0.022405002790648415,0.17757091950017606,0.2283554727863225,0.2633904965711013,0.06052921890441011
2021Q1,0.0679058357512595,0.08732662573115667,0.10072455472407545,0.023147299167253728,0.17539328938167717,0.22555504940245277,0.2601604233143199,0.0597869225278048,0.0679058357512595,0.08732662573115667,0.10072455472407545,0.023147299167253728,0.17539328938167717,0.22555504940245277,0.2601604233143199,0.0597869225278048,0.0679058357512595,0.08732662573115667,0.10072455472407545,0.023147299167253728,0.17539328938167717,0.22555504940245277,0.2601604233143199,0.0597869225278048
2021Q2,0.06579740387356461,0.084615191000605,0.09759712304316981,0.022428590636435403,0.17750172125937205,0.22826648413300443,0.2632878549952255,0.06050563105862311,0.06579740387356461,0.084615191000605,0.09759712304316981,0.022428590636435403,0.17750172125937205,0.22826648413300443,0.2632878549952255,0.06050563105862311,0.06579740387356461,0.084615191000605,0.09759712304316981,0.022428590636435403,0.17750172125937205,0.22826648413300443,0.2632878549952255,0.06050563105862311
2021Q3,0.06500436775205329,0.08359534980715909,0.09642081456635596,0.0221582656466613,0.17829475738088338,0.22928632532645035,0.2644641634720394,0.06077595604839722,0.06500436775205329,0.08359534980715909,0.09642081456635596,0.0221582656466613,0.17829475738088338,0.22928632532645035,0.2644641634720394,0.06077595604839722,0.06500436775205329,0.08359534980715909,0.09642081456635596,0.0221582656466613,0.17829475738088338,0.22928632532645035,0.2644641634720394,0.06077595604839722
2021Q4,0.06419181657959282,0.08255041233838563,0.09521555946374001,0.021881288493378916,0.1791073085533439,0.2303312627952238,0.2656694185746553,0.06105293320167963,0.06419181657959282,0.08255041233838563,0.09521555946374001,0.021881288493378916,0.1791073085533439,0.2303312627952238,0.2656694185746553,0.06105293320167963,0.06419181657959282,0.08255041233838563,0.09521555946374001,0.021881288493378916,0.1791073085533439,0.2303312627952238,0.2656694185746553,0.06105293320167963
2022Q1,0.06647415547035253,0.08548549077310379,0.09860094697805166,0.02265927731453105,0.17682496966258418,0.22739618436050563,0.2622840310603437,0.06027494438052749,0.06647415547035253,0.08548549077310379,0.09860094697805166,0.02265927731453105,0.17682496966258418,0.22739618436050563,0.2622840310603437,0.06027494438052749,0.06647415547035253,0.08548549077310379,0.09860094697805166,0.02265927731453105,0.17682496966258418,0.22739618436050563,0.2622840310603437,0.06027494438052749
2022Q2,0.06665148522052707,0.08571353610312839,0.09886397974877097,0.022719724325205953,0.17664763991240962,0.227168139030481,0.2620209982896244,0.06021449736985257,0.06665148522052707,0.08571353610312839,0.09886397974877097,0.022719724325205953,0.17664763991240962,0.227168139030481,0.2620209982896244,0.06021449736985257,0.06665148522052707,0.08571353610312839,0.09886397974877097,0.022719724325205953,0.17664763991240962,0.227168139030481,0.2620209982896244,0.06021449736985257
2022Q3,0.06598684691398456,0.08485881397210814,0.097878123426727,0.02249316674662154,0.17731227821895215,0.22802286116150133,0.2630068546116684,0.06044105494843699,0.06598684691398456,0.08485881397210814,0.097878123426727,0.02249316674662154,0.17731227821895215,0.22802286116150133,0.2630068546116684,0.06044105494843699,0.06598684691398456,0.08485881397210814,0.097878123426727,0.02249316674662154,0.17731227821895215,0.22802286116150133,0.2630068546116684,0.06044105494843699
2022Q4,0.06386043255954693,0.08212425385036058,0.09472401838347022,0.021768328466212076,0.17943869257338976,0.2307574212832489,0.2661609596549251,0.061165893228846455,0.06386043255954693,0.08212425385036058,0.09472401838347022,0.021768328466212076,0.17943869257338976,0.2307574212832489,0.2661609596549251,0.061165893228846455,0.06386043255954693,0.08212425385036058,0.09472401838347022,0.021768328466212076,0.17943869257338976,0.2307574212832489,0.2661609596549251,0.061165893228846455
2023Q1,0.06682172025142843,0.08593245765332197,0.09911648894030478,0.022777752934167558,0.1764774048815083,0.2269492174802875,0.26176848909809053,0.06015646876089098,0.06682172025142843,0.08593245765332197,0.09911648894030478,0.022777752934167558,0.1764774048815083,0.2269492174802875,0.26176848909809053,0.06015646876089098,0.06682172025142843,0.08593245765332197,0.09911648894030478,0.022777752934167558,0.1764774048815083,0.2269492174802875,0.26176848909809053,0.06015646876089098
2023Q2,0.06264877579683155,0.08056606823256104,0.09292677096647402,0.021355306797833904,0.18065034933610516,0.2323156069010484,0.2679582070719213,0.061578914897224626,0.06264877579683155,0.08056606823256104,0.09292677096647402,0.021355306797833904,0.18065034933610516,0.2323156069010484,0.2679582070719213,0.061578914897224626,0.06264877579683155,0.08056606823256104,0.09292677096647402,0.021355306797833904,0.18065034933610516,0.2323156069010484,0.2679582070719213,0.061578914897224626
2023Q3,0.06489534781803916,0.08345515062001174,0.0962591055734817,0.022121103641365276,0.17840377731489757,0.22942652451359768,0.26462587246491365,0.060813118053693264,0.06489534781803916,0.08345515062001174,0.0962591055734817,0.022121103641365276,0.17840377731489757,0.22942652451359768,0.26462587246491365,0.060813118053693264,0.06489534781803916,0.08345515062001174,0.0962591055734817,0.022121103641365276,0.17840377731489757,0.22942652451359768,0.26462587246491365,0.060813118053693264
2023Q4,0.06418936398023983,0.08254725830569613,0.09521192152931196,0.02188045246727994,0.1791097611526969,0.23033441682791328,0.2656730565090834,0.061053769227778595,0.06418936398023983,0.08254725830569613,0.09521192152931196,0.02188045246727994,0.1791097611526969,0.23033441682791328,0.2656730565090834,0.061053769227778595,0.06418936398023983,0.08254725830569613,0.09521192152931196,0.02188045246727994,0.1791097611526969,0.23033441682791328,0.2656730565090834,0.061053769227778595
2024Q1,0.06602792189894185,0.08491163623397407,0.09793904984820977,0.022507168120061365,0.17727120323399484,0.22797003889963535,0.26294592819018553,0.06042705357499716,0.06602792189894185,0.08491163623397407,0.09793904984820977,0.022507168120061365,0.17727120323399484,0.22797003889963535,0.26294592819018553,0.06042705357499716,0.06602792189894185,0.08491163623397407,0.09793904984820977,0.022507168120061365,0.17727120323399484,0.22797003889963535,0.26294592819018553,0.06042705357499716
2024Q2,0.06774757958205092,0.0871231089478754,0.10048981374784684,0.023093353834673588,0.17555154555088576,0.22575856618573403,0.2603951642905485,0.059840867860384936,0.06774757958205092,0.0871231089478754,0.10048981374784684,0.023093353834673588,0.17555154555088576,0.22575856618573403,0.2603951642905485,0.059840867860384936,0.06774757958205092,0.0871231089478754,0.10048981374784684,0.023093353834673588,0.17555154555088576,0.22575856618573403,0.2603951642905485,0.059840867860384936
2024Q3,0.07148260612637759,0.09192633773556172,0.1060299691910103,0.024366525364965214,0.17181651900655912,0.2209553373980477,0.25485500884738505,0.05856769633009331,0.07148260612637759,0.09192633773556172,0.1060299691910103,0.024366525364965214,0.17181651900655912,0.2209553373980477,0.25485500884738505,0.05856769633009331,0.07148260612637759,0.09192633773556172,0.1060299691910103,0.024366525364965214,0.17181651900655912,0.2209553373980477,0.25485500884738505,0.05856769633009331
2024Q4,0.07086835518244354,0.09113641354579952,0.10511885231670762,0.02415714350248301,0.17243076995049317,0.2217452615878099,0.2557661257216877,0.05877707819257552,0.07086835518244354,0.09113641354579952,0.10511885231670762,0.02415714350248301,0.17243076995049317,0.2217452615878099,0.2557661257216877,0.05877707819257552,0.07086835518244354,0.09113641354579952,0.10511885231670762,0.02415714350248301,0.17243076995049317,0.2217452615878099,0.2557661257216877,0.05877707819257552
2025Q1,0.07033105208829897,0.09044544397466536,0.10432187199372299,0.023973991122042352,0.1729680730446377,0.2224362311589441,0.25656310604467236,0.05896023057301618,0.06805215931812068,0.08751479723685378,0.10094159610136914,0.02319717699203689,0.17062704271375725,0.21942567577341093,0.2530906616654112,0.058162235395885914,0.07267208241917943,0.09345599936019851,0.10779431637298409,0.024771986299172617,0.175246965814816,0.22536687789675566,0.2599433819370262,0.05973704470302164
2025Q2,0.07009968374987417,0.09014790524221131,0.10397868392148643,0.02389512378924099,0.1731994413830625,0.22273376989139812,0.25690629411690896,0.05903909790581754,0.06736693914927078,0.08663360691548311,0.09992521075492883,0.022963603602234223,0.17035983405782973,0.21908204653992677,0.25269431174071105,0.058071151049004587,0.07293929107510694,0.09379962859368267,0.10819066629768431,0.024863070646053937,0.1759321859836659,0.22624806821812632,0.26095976728346654,0.05997061809282431
2025Q3,0.06999987178272941,0.09001954746261975,0.10383063308262162,0.02386110053573985,0.17329925335020724,0.22286212767098965,0.25705434495577373,0.05907312115931867,0.06685404216957434,0.08597402350723736,0.0991644319598856,0.022788770619182483,0.16998445160589756,0.21859930624929838,0.2521375078975097,0.057943193122842844,0.07331467352703909,0.094282368884311,0.10874747014088562,0.024991028572215676,0.1764450829633623,0.22690765162637203,0.2617205460785097,0.06014545107587604
2025Q4,0.06995677874733114,0.08996412999617949,0.10376671329201483,0.023846411262404898,0.17334234638560556,0.22291754513742995,0.2571182647463805,0.05908781043265363,0.06650626782044836,0.08552678712336799,0.09864857914587292,0.022670223563353534,0.16984471575235435,0.21841960651585735,0.25193023805874815,0.057895560874884,0.07345440938058233,0.09446206861775208,0.10895473997964716,0.02503866082017453,0.17679285731248834,0.22735488801024142,0.26223639889252237,0.06026399813170499
2026Q1,0.06993816724438888,0.08994019567987585,0.10373910689669012,0.02384006709445835,0.1733609578885478,0.22294147945373358,0.25714587114170523,0.05909415460060018,0.06632479266579636,0.08529341082022006,0.09837939750715836,0.022608363494190396,0.1695780912781229,0.21807672853763374,0.2515347546492828,0.05780467566005572,0.07372103385481378,0.09480494659597569,0.10935022338911254,0.02512954603500281,0.17697433246714034,0.22758826431338935,0.262505580531237,0.06032585820086813
2026Q2,0.0699301278996638,0.0899298571155954,0.10372718215695678,0.023837326694971298,0.17336899723327295,0.22295181801801406,0.2571577958814386,0.05909689500008724,0.06675706897537087,0.08584931637798295,0.09902059186575739,0.022755715028118788,0.16913918522299845,0.21751229715433718,0.25088372640584805,0.05765506422162943,0.07415993990993829,0.0953693779792723,0.11000125163254737,0.02527915747342911,0.17654205615756585,0.22703235875562652,0.261864386172638,0.060178506666939746
2026Q3,0.06992665503475835,0.08992539102559802,0.10372203086521067,0.02383614288739358,0.17337247009817836,0.22295628410801138,0.25716294717318466,0.05909807880766495,0.0657367946848722,0.08453724783300746,0.09750722158660588,0.02240793057081031,0.16881029982526038,0.21708935188433243,0.25039589152573904,0.05754295590856676,0.07448882530767631,0.09579232324927699,0.11048908651265629,0.02539126578649176,0.1775623304480645,0.22834442730060195,0.26337775645178946,0.06052629112424821
2026Q4,0.06992515477230367,0.08992346169424632,0.10371980552969944,0.023835631487695987,0.17337397036063304,0.22295821343936312,0.2571651725086959,0.05909859020736255,0.06530353374900265,0.08398007604987527,0.09686456673430935,0.022260243403881205,0.1683332769917197,0.21647590248062562,0.24968832476111516,0.05738035147088599,0.07496584814121701,0.09640577265298382,0.11119665327728022,0.025553870224172548,0.17799559138393406,0.22890159908373417,0.26402041130408604,0.060673978291177336
2027Q1,0.0699245066576726,0.08992262822149406,0.1037188441829035,0.023835410562600315,0.17337461847526411,0.22295904691211538,0.25716613385549186,0.05909881113245822,0.06509537596159179,0.08371238599064622,0.09655580681379076,0.022189287932589428,0.16823857103374218,0.21635411100784105,0.24954784765275667,0.057348068720545396,0.07506055409919452,0.09652756412576839,0.1113371303856387,0.025586152974513138,0.1782037491713449,0.22916928914296322,0.2643291712246046,0.0607449337624691
2027Q2,0.06992422667015404,0.08992226815869572,0.10371842887812412,0.023835315122277937,0.17337489846278267,0.2229594069749137,0.25716654916027126,0.0590989065727806,0.0650498268388733,0.08365381000600491,0.09648824391506292,0.02217376144419993,0.16762725209844903,0.21556795736914255,0.24864107981946837,0.05713968630207888,0.07567187303448768,0.09731371776446687,0.11224389821892698,0.025794535392979656,0.1782492982940634,0.2292278651276045,0.2643967341233324,0.06076046025085861
2027Q3,0.06992410571441085,0.08992211261010705,0.10371824946477565,0.02383527389167173,0.17337501941852584,0.22295956252350238,0.2571667285736197,0.0590989478033868,0.06485175142738682,0.08339908584078318,0.09619443915729742,0.02210624278756858,0.16741368323639796,0.2152933086901619,0.24832429366559763,0.057066886338894354,0.07588544189653873,0.09758836644344754,0.11256068437279773,0.02586733535616418,0.17844737370554986,0.22948258929282625,0.26469053888109795,0.06082797890748995
2027Q4,0.06992405346098862,0.08992204541242078,0.1037181719574064,0.023835256079865374,0.1733750716719481,0.22295962972118868,0.25716680608098896,0.059098965615193164,0.06414662859307166,0.08249230077341006,0.0951485322374219,0.02186588510674507,0.1671678816942402,0.21497720891701755,0.2479596968587043,0.0569830991095767,0.0761312434386965,0.09790446621659192,0.11292528117969108,0.025951122585481844,0.17915249653986506,0.2303893743601994,0.2657364458009735,0.06106833658831347
2028Q1,0.06992403088726697,0.08992201638270747,0.103718138473862,0.023835248385082105,0.17337509424566971,0.2229596587509019,0.2571668395645333,0.059098973309976426,0.064129910656898,0.08247080157618965,0.09512373456490422,0.021860186405509907,0.16708264242890275,0.21486759157206664,0.24783326167163774,0.05695404330378719,0.07621648270403392,0.09801408356154274,0.11305171636675755,0.025980178391271338,0.17916921447603867,0.23041087355741974,0.26576124347349106,0.06107403528954863
2028Q2,0.06992402113531233,0.08992200384173393,0.10371812400881236,0.023835245060899304,0.17337510399762435,0.2229596712918755,0.257166854029583,0.059098976634159216,0.06359964202521193,0.08178887829487044,0.09433718844232399,0.021679431886831878,0.16679995153934873,0.21450405224975985,0.24741394698888822,0.056857681473909516,0.07649917359358795,0.09837762288384959,0.11347103104950712,0.026076540221149008,0.17969948310772477,0.23109279683873898,0.2665477895960714,0.06125478980822665
2028Q3,0.06992401692242145,0.08992199842397353,0.10371811775984192,0.023835243624836484,0.17337510821051524,0.2229596767096359,0.2571668602785534,0.05909897807022204,0.0633095429106501,0.0814158120256461,0.09390688515812431,0.02158054478944726,0.16669122238121292,0.2143642269991971,0.24725266930314008,0.056820618586401694,0.07660790275172377,0.0985174481344123,0.11363230873525523,0.02611360310865683,0.17998958222228661,0.2314658631079633,0.266978092880271,0.06135367690561126
2028Q4,0.06992401510243243,0.08992199608347516,0.10371811506025685,0.023835243004450484,0.17337511003050426,0.22295967905013428,0.25716686297813846,0.05909897869060804,0.06346468829913696,0.0816153283577024,0.09413701192116242,0.021633429739348772,0.1665550748729711,0.21418914186306814,0.24705072204790446,0.056774209510226076,0.07674405025996557,0.0986925332705413,0.11383425599049087,0.02616001218483245,0.17983443683379974,0.23126634677590702,0.2667479661172329,0.061300791955709755
2029Q1,0.06992401431618844,0.08992199507236863,0.10371811389402312,0.02383524273644076,0.17337511081674822,0.2229596800612408,0.2571668641443722,0.05909897895861777,0.06347534614874364,0.0816290343085004,0.09415282068257554,0.021637062717731213,0.1670038550617575,0.21476627134167825,0.24771639656887018,0.0569271867790462,0.07629527007117917,0.09811540379193119,0.11316858146952515,0.026007034916012334,0.17982377898419302,0.23125264082510905,0.2667321573558198,0.061297158977327314
2029Q2,0.06992401397652731,0.0899219946355658,0.1037181133902046,0.023835242620659277,0.17337511115640938,0.22295968049804368,0.2571668646481907,0.05909897907439926,0.0631454084673462,0.08120473580603381,0.09366342495277132,0.021524595709065977,0.1662337703610904,0.21377594558112387,0.24657413187664778,0.05666468532017657,0.07706535477184631,0.09910572955248559,0.11431084616174757,0.026269536374881962,0.18015371666559052,0.23167693932757566,0.267221553085624,0.06140962598599256
2029Q3,0.06992401382979206,0.08992199444686487,0.1037181131725526,0.02383524257064112,0.1733751113031446,0.22295968068674452,0.2571668648658427,0.059098979124417396,0.06276117640318912,0.08071061495044989,0.09309349450209994,0.02139362118470737,0.16583988273607222,0.21326940771395006,0.24598987935692906,0.05653041947109738,0.07745924239686444,0.09961226741965933,0.11489509868146626,0.026403802223961135,0.18053794872974752,0.2321710601831595,0.2677914835362954,0.061540600510351144
2029Q4,0.06992401376640173,0.08992199436534515,0.10371811307852585,0.023835242549033034,0.173375111366535,0.22295968076826433,0.25716686495986957,0.05909897914602551,0.06310978985874842,0.08115893042174435,0.09361059196056659,0.02151245426967402,0.1660780168268516,0.21357564717612965,0.2463431030525513,0.056611593069510684,0.07722110830608511,0.09930602795747982,0.1145418749858441,0.026322628625547854,0.1801893352741883,0.23172274471186513,0.26727438607782883,0.06142176742538452
2030Q1,0.06992401373901679,0.08992199433012824,0.10371811303790585,0.023835242539698237,0.17337511139391992,0.22295968080348122,0.2571668650004895,0.059098979155360304,0.0632788943111298,0.08137639805260709,0.09386142416783615,0.021570097494390737,0.16601029387987215,0.21348855574460748,0.2462426497762807,0.056588508112277204,0.07728883125306457,0.09939311938900197,0.11464232826211469,0.026345713582781333,0.1800202308218069,0.23150527708100238,0.26702355387055926,0.0613641242006678
2030Q2,0.06992401372718636,0.08992199431491436,0.10371811302035781,0.02383524253566556,0.17337511140575035,0.2229596808186951,0.2571668650180376,0.059098979159392974,0.06308326166557447,0.08112481527433478,0.09357124275860894,0.021503411511905556,0.16622997402920622,0.21377106351392103,0.24656850078714881,0.05666339125128118,0.0770691511037305,0.09911061161968843,0.11431647725124658,0.026270830443777357,0.18021586346736226,0.2317568598592747,0.26731373527978647,0.06143081018315298
2030Q3,0.06992401372207557,0.08992199430834191,0.10371811301277699,0.023835242533923422,0.17337511141086112,0.22295968082526751,0.25716686502561836,0.0590989791611351,0.06262184813844114,0.0805314393745246,0.09288682923876933,0.0213461278729633,0.1654964518723137,0.2128277570344146,0.24548046922379568,0.056413352994280776,0.077802673260623,0.10005391809919485,0.11540450881459965,0.026520868700777748,0.18067727699449557,0.2323502357590848,0.267998148799626,0.06158809382209522
2030Q4,0.06992401371986769,0.08992199430550256,0.10371811300950202,0.023835242533170813,0.17337511141306902,0.22295968082810688,0.25716686502889335,0.059098979161887714,0.06276683887188503,0.08071789686192404,0.0931018936276202,0.02139555137016903,0.16558824801429478,0.212945806495785,0.24561663020943322,0.05644464386548983,0.07771087711864193,0.09993586863782442,0.11526834782896214,0.0264895778295687,0.1805322862610517,0.23216377827168538,0.2677830844107752,0.0615386703248895
2031Q1,0.0699240137189139,0.08992199430427598,0.10371811300808725,0.02383524253284569,0.17337511141402281,0.22295968082933346,0.2571668650303081,0.05909897916221285,0.06290807540816581,0.08089952646719885,0.09331138942529746,0.02144369516108876,0.16557160728382633,0.21292440658478423,0.2455919470559432,0.056438971481632794,0.07772751784911038,0.0999572685488252,0.11529303098245217,0.02649525021342575,0.1803910497247709,0.2319821486664106,0.2675735886130979,0.06149052653396978
2031Q2,0.06992401371850183,0.0899219943037461,0.10371811300747606,0.023835242532705237,0.17337511141443485,0.2229596808298633,0.25716686503091923,0.059098979162353286,0.06283014057220507,0.08079930258841042,0.09319578887988346,0.021417129241627256,0.16460398712983007,0.21168005104297957,0.24415667852452674,0.05610913542355289,0.07869513800310662,0.10120162409062984,0.11672829951386855,0.026825086271505632,0.1804689845607316,0.23208237254519898,0.26768918915851186,0.06151709245343127
2031Q3,0.0699240137183238,0.08992199430351716,0.103718113007212,0.02383524253264455,0.17337511141461287,0.2229596808300923,0.2571668650311833,0.05909897916241398,0.061812070309749376,0.07949006841444121,0.09168568782996346,0.021070096079048008,0.16502452588097577,0.2122208621488361,0.24478046259234282,0.05625248593498538,0.07827459925196091,0.10066081298477333,0.11610451544605252,0.026681735760073155,0.1814870548231873,0.23339160671916823,0.26919929020843186,0.06186412561601052
2031Q4,0.06992401371824693,0.08992199430341828,0.10371811300709796,0.023835242532618334,0.17337511141468978,0.2229596808301912,0.2571668650312974,0.059098979162440196,0.06215891933296934,0.07993611483299788,0.09220016811039596,0.021188327715806754,0.16470078933788024,0.2118045382847435,0.24430026499532545,0.056142132729969915,0.07859833579505648,0.10107713684886596,0.11658471304306989,0.026792088965088615,0.18114020579996737,0.2329455603006116,0.26868480992799937,0.06174589397925178
2032Q1,0.0699240137182137,0.08992199430337555,0.1037181130070487,0.023835242532607014,0.173375111414723,0.22295968083023388,0.2571668650313466,0.05909897916245151,0.061527255712980136,0.07912379801338254,0.09126322305766345,0.020973010333681916,0.164763067980034,0.21188462836263208,0.2443926427479937,0.056163361868021386,0.07853605715290267,0.10099704677097734,0.11649233529040164,0.02677085982703714,0.18177186941995657,0.2337578771202269,0.2696217549807319,0.06196121136137661
2032Q2,0.06992401371819937,0.08992199430335711,0.10371811300702742,0.023835242532602125,0.17337511141473733,0.22295968083025233,0.25716686503136793,0.0590989791624564,0.061442294367570593,0.0790145380723169,0.09113720010852426,0.02094404926342794,0.16410524628289763,0.21103867236329668,0.24341689748547157,0.05593912789086952,0.07919387885003906,0.10184300277031275,0.11746808055292376,0.02699509380418901,0.1818568307653661,0.23386713706129253,0.2697477779298711,0.06199017243163059
2032Q3,0.06992401371819315,0.08992199430334913,0.1037181130070182,0.023835242532600012,0.17337511141474354,0.2229596808302603,0.25716686503137715,0.05909897916245852,0.06104692291231841,0.07850609200555969,0.09055074662716574,0.02080927761595956,0.16401132628600348,0.21091789163323554,0.24327758619120368,0.055907113053825765,0.07928779884693322,0.1019637835003739,0.11760739184719166,0.02702710864123277,0.18225220222061828,0.23437558312804974,0.2703342314112296,0.06212494407909897
2032Q4,0.06992401371819047,0.08992199430334567,0.10371811300701424,0.023835242532599096,0.1733751114147462,0.22295968083026374,0.25716686503138114,0.05909897916245944,0.060939875732614564,0.07836842977234876,0.09039196381577921,0.020772788070308548,0.16408733422102054,0.21101563752532862,0.24339032856931292,0.05593302214383933,0.07921179091191614,0.1018660376082808,0.11749464946908245,0.02700119955121921,0.1823592494003221,0.23451324536126067,0.2704930142226162,0.06216143362474999
2033Q1,0.0699240137181893,0.08992199430334419,0.10371811300701252,0.0238352425325987,0.17337511141474737,0.22295968083026524,0.25716686503138286,0.059098979162459826,0.06083615444024048,0.07823504461657683,0.09023811428467184,0.020737432231476203,0.16318280181731948,0.2098524125711576,0.24204863793862813,0.05562469102732619,0.08011632331561719,0.10302926256245182,0.11883634009976723,0.027309530667732337,0.18246297069269618,0.23464663051703258,0.27064686375372354,0.06219678946358232
2033Q2,0.06992401371818883,0.08992199430334358,0.1037181130070118,0.02383524253259854,0.1733751114147479,0.2229596808302659,0.2571668650313836,0.05909897916246,0.06079338007092206,0.07818003695340577,0.09017466717065672,0.020722851582959768,0.16429812877605354,0.21128671845688451,0.2437029996005882,0.056004876419310574,0.0790009963568832,0.10159495667672497,0.11718197843780719,0.02692934527574797,0.18250574506201467,0.23470163818020373,0.27071031086773867,0.06221137011209878
2033Q3,0.06992401371818857,0.08992199430334324,0.10371811300701142,0.02383524253259845,0.17337511141474812,0.22295968083026618,0.2571668650313839,0.059098979162460076,0.06083965727321668,0.07823954924539006,0.09024331002798162,0.020738626254374767,0.16360014012502389,0.21038910791990015,0.24266767479676798,0.05576695059243595,0.07969898500791278,0.10249256721370928,0.11821730324162731,0.027167271102622577,0.18245946785972,0.23464212588821937,0.27064166801041367,0.06219559544068376
2033Q4,0.06992401371818852,0.08992199430334316,0.10371811300701131,0.023835242532598434,0.1733751114147482,0.2229596808302663,0.25716686503138403,0.059098979162460104,0.06099063211939513,0.07843370227717571,0.09046725063614323,0.02079008957696789,0.16311453516580918,0.20976462193784298,0.24194737818679957,0.0556014207356322,0.08018458996712752,0.10311705319576646,0.11893759985159576,0.02733280095942634,0.18230849301354157,0.23444797285643373,0.27041772740225206,0.06214413211809064
2034Q1,0.06992401371818843,0.08992199430334305,0.10371811300701121,0.023835242532598406,0.17337511141474823,0.22295968083026635,0.25716686503138414,0.059098979162460125,0.06078121923411778,0.07816439816724789,0.09015662903212811,0.02071870627608712,0.16344751811613173,0.21019283664363334,0.24244129095631184,0.055714925795741374,0.07985160701680495,0.10268883848997608,0.11844368708208351,0.027219295899317153,0.1825179058988189,0.23471727696636152,0.27072834900626724,0.06221551541897141
2034Q2,0.06992401371818845,0.08992199430334305,0.10371811300701121,0.023835242532598402,0.17337511141474823,0.22295968083026635,0.25716686503138414,0.059098979162460125,0.06064536857790351,0.07798969478160646,0.08995512209675544,0.020672398388897884,0.16324073857178215,0.20992691899931745,0.2421345753802463,0.055644440130970814,0.08005838656115455,0.10295475613429195,0.11875040265814905,0.027289781564087713,0.1826537565550332,0.23489198035200295,0.27092985594163993,0.06226182330616064
2034Q3,0.06992401371818842,0.08992199430334304,0.10371811300701116,0.023835242532598392,0.1733751114147483,0.22295968083026643,0.2571668650313842,0.05909897916246013,0.060345660285751335,0.07760427114948791,0.08951056554369687,0.02057023577762004,0.16306251195733262,0.20969772030552075,0.24187021229301228,0.05558368740304118,0.08023661317560409,0.10318395482808872,0.11901476574538304,0.027350534292017337,0.18295346484718536,0.23527740398412156,0.27137441249469846,0.06236398591743848
2034Q4,0.06992401371818843,0.08992199430334305,0.10371811300701118,0.023835242532598406,0.1733751114147483,0.22295968083026638,0.2571668650313842,0.05909897916246013,0.06011647421506254,0.07730953880437479,0.08917061442368343,0.02049211232203615,0.16276995459205282,0.20932149273597475,0.24143626269172916,0.0554839623531571,0.0805291705408839,0.10356018239763468,0.1194487153466662,0.02745025934190144,0.18318265091787417,0.23557213632923465,0.27171436361471196,0.06244210937302238
2035Q1,0.06992401371818843,0.08992199430334305,0.10371811300701118,0.0238352425325984,0.17337511141474826,0.22295968083026638,0.25716686503138414,0.05909897916246012,0.06019231092744816,0.07740706450486744,0.0892831028276957,0.0205179630467939,0.16289968323435094,0.20948832323687722,0.24162868885931663,0.05552818340810201,0.08039944189858574,0.10339335189673221,0.1192562891790787,0.027406038286956515,0.18310681420548852,0.235474610628742,0.2716018752106996,0.062416258648264625
2035Q2,0.06992401371818842,0.08992199430334304,0.10371811300701118,0.023835242532598395,0.17337511141474826,0.22295968083026638,0.25716686503138414,0.05909897916246013,0.060371942896578226,0.07763807047900834,0.08954955047397918,0.02057919482287699,0.1630350647292165,0.2096624232829521,0.24182949988884522,0.05557433137062532,0.0802640604037202,0.10321925185065732,0.1190554781495501,0.027359890324433207,0.18292718223635845,0.2352436046546011,0.27133542756441614,0.062355026872181536
2035Q3,0.06992401371818843,0.08992199430334304,0.10371811300701118,0.023835242532598395,0.17337511141474826,0.22295968083026638,0.2571668650313842,0.05909897916246014,0.05963020435652013,0.07668419776451448,0.08844933157022095,0.02032635581867862,0.16247508930708576,0.20894229719119495,0.2409988897590009,0.055383450594636514,0.08082403582585093,0.10393937794241447,0.11988608827939447,0.02755077110042202,0.18366892077641656,0.23619747736909494,0.2724356464681744,0.06260786587637993
2035Q4,0.06992401371818842,0.08992199430334304,0.10371811300701117,0.023835242532598395,0.1733751114147483,0.22295968083026643,0.2571668650313842,0.05909897916246014,0.05948230073585588,0.07649399431611956,0.08822994650311045,0.02027593939544254,0.16257856522166278,0.20907536679212815,0.24115237532184133,0.055418722790682995,0.08072055991127394,0.10380630834148132,0.11973260271655402,0.027515498904375543,0.18381682439708083,0.23638768081748993,0.2726550315352849,0.062658282299616
2036Q1,0.06992401371818842,0.08992199430334304,0.10371811300701117,0.023835242532598392,0.17337511141474826,0.22295968083026635,0.25716686503138414,0.05909897916246013,0.05933898699670993,0.07630969343649598,0.0880173695956677,0.020227087541134454,0.16219827524087707,0.20858631543956058,0.24058829215348188,0.055289092018037764,0.08110084989205962,0.10429535969404882,0.12029668588491345,0.02764512967702076,0.18396013813622675,0.2365719816971134,0.2728676084427276,0.06270713415392407
2036Q2,0.06992401371818842,0.08992199430334302,0.10371811300701117,0.023835242532598392,0.17337511141474826,0.22295968083026638,0.25716686503138414,0.05909897916246013,0.05955968948453989,0.07659351592891414,0.08834473703864561,0.02030231916822863,0.1614257143506702,0.2075928053094335,0.23944235453556692,0.055025746491799886,0.08187341078226648,0.1052888698241759,0.12144262350282838,0.027908475203258634,0.1837394356483968,0.23628815920469526,0.2725402409997497,0.06263190252682989
2036Q3,0.06992401371818843,0.08992199430334305,0.10371811300701121,0.0238352425325984,0.17337511141474826,0.22295968083026638,0.25716686503138414,0.05909897916246013,0.05817147496967206,0.07480827776737406,0.08628560195364715,0.019829113642834982,0.1612256465180045,0.20733551889876273,0.23914559442449665,0.054957548671609284,0.08207347861493221,0.10554615623484673,0.1217393836138987,0.02797667302344925,0.18512765016326466,0.2380733973662354,0.27459937608474816,0.06310510805222355
2036Q4,0.06992401371818843,0.08992199430334305,0.10371811300701118,0.0238352425325984,0.17337511141474826,0.22295968083026635,0.2571668650313841,0.05909897916246012,0.05865027141044131,0.07542400802268853,0.08699579950539527,0.019992322656200177,0.16176128814867957,0.20802435183470253,0.23994011030291174,0.055140134703199964,0.08153783698425712,0.10485732329890687,0.12094486773548355,0.027794086991858556,0.18464885372249537,0.23745766711092087,0.273889178533,0.06294189903885834
2037Q1,0.06992401371818843,0.08992199430334305,0.10371811300701118,0.0238352425325984,0.17337511141474826,0.22295968083026638,0.25716686503138414,0.05909897916246013,0.05873372259286068,0.0755313259003545,0.08711958243358392,0.020020768951926483,0.16149859044053724,0.20768652366153334,0.23955045145567228,0.05505058801882964,0.08180053469239944,0.1051951514720761,0.12133452658272305,0.027883633676228897,0.184565402540076,0.23735034923325493,0.2737653956048114,0.06291345274313205
2037Q2,0.0699240137181884,0.08992199430334304,0.10371811300701117,0.023835242532598395,0.1733751114147483,0.22295968083026643,0.2571668650313842,0.05909897916246014,0.058958707796944364,0.07582065594827604,0.08745330241876818,0.020097460443453178,0.16161879225801673,0.20784110270486747,0.23972874650805917,0.055091561631757935,0.08168033287491998,0.10504057242874199,0.12115623153033621,0.027842660063300603,0.18434041733599235,0.23706101918533343,0.2734316756196272,0.06283676125160535
2037Q3,0.06992401371818842,0.08992199430334304,0.10371811300701118,0.023835242532598395,0.17337511141474826,0.22295968083026638,0.2571668650313842,0.05909897916246013,0.058841282597586766,0.07566964762443669,0.08727912591703121,0.020057433306032157,0.16144826065796,0.2076217997679588,0.23947579741624597,0.055033431930233564,0.08185086447497669,0.10525987536565062,0.1214091806221494,0.02790078976482496,0.18445784253534994,0.23721202750917272,0.2736058521213641,0.06287678838902637
2037Q4,0.06992401371818842,0.08992199430334304,0.10371811300701117,0.023835242532598395,0.17337511141474826,0.22295968083026638,0.2571668650313842,0.05909897916246013,0.05930283964698937,0.07626320809329538,0.08796375232309048,0.020214765867911114,0.16177398492348954,0.2080406798349334,0.23995894339693113,0.055144462697130595,0.08152514020944715,0.10484099529867602,0.1209260346414642,0.02778975899792793,0.18399628548594732,0.23661846704031406,0.27292122571530486,0.06271945582714741
2038Q1,0.06992401371818842,0.08992199430334304,0.10371811300701116,0.023835242532598395,0.17337511141474826,0.22295968083026638,0.2571668650313842,0.05909897916246014,0.059498522828273386,0.07651485586030712,0.08825400869183644,0.020281469076686463,0.16173867207083945,0.20799526765153623,0.23990656393175164,0.05513242548183537,0.08156045306209726,0.1048864074820732,0.12097841410664369,0.02780179621322317,0.1838006023046633,0.2363668192733023,0.2726309693465589,0.06265275261837208
2038Q2,0.06992401371818842,0.08992199430334304,0.10371811300701118,0.023835242532598395,0.17337511141474832,0.22295968083026643,0.2571668650313842,0.05909897916246015,0.0587176158958565,0.07551061275419425,0.08709569141058314,0.020015278605919732,0.1610492233488055,0.20710863942814725,0.2388839063830495,0.05489741069035473,0.08224990178413123,0.1057730357054622,0.12200107165534588,0.028036811004703812,0.18458150923708025,0.23737106237941522,0.2737892866278122,0.06291894308913881
2038Q3,0.06992401371818842,0.08992199430334304,0.10371811300701117,0.023835242532598392,0.1733751114147483,0.22295968083026638,0.2571668650313842,0.05909897916246014,0.05947500753791381,0.07648461529353592,0.08821912852101652,0.020273453337612844,0.160063869176146,0.20584147801121597,0.23742233302652405,0.05456152957545618,0.08323525595679068,0.10704019712239345,0.12346264501187132,0.02837269211960235,0.1838241175950229,0.2363970598400735,0.2726658495173788,0.06266076835744569
2038Q4,0.06992401371818843,0.08992199430334304,0.10371811300701118,0.0238352425325984,0.17337511141474826,0.22295968083026638,0.25716686503138414,0.05909897916246013,0.05931786453954526,0.07628253004338055,0.0879860387082844,0.02021988745546098,0.1607084105941356,0.20667035562614117,0.23837837968451717,0.054781236657518176,0.08259071453880112,0.10621131950746826,0.12250659835387816,0.028152985037540358,0.18398126059339145,0.23659914509022886,0.2728989393301109,0.06271433423959755
2039Q1,0.06992401371818842,0.08992199430334304,0.10371811300701118,0.0238352425325984,0.17337511141474826,0.22295968083026635,0.25716686503138414,0.05909897916246013,0.05886014488963594,0.07569390445450125,0.08730710430720504,0.020063862961336627,0.16122670042087353,0.20733687421352145,0.23914715767596145,0.05495790791915749,0.08207242471206316,0.10554480092008793,0.12173782036243389,0.027976313775901037,0.18443898024330074,0.23718777067910815,0.2735778737311903,0.0628703587337219
2039Q2,0.06992401371818842,0.08992199430334305,0.10371811300701118,0.023835242532598395,0.17337511141474826,0.22295968083026638,0.25716686503138414,0.05909897916246013,0.05882452985561117,0.07564810366709801,0.08725427661715543,0.020051722740421843,0.16147416923356717,0.2076551180897237,0.2395142275410312,0.0550422634768001,0.08182495589936951,0.10522655704388574,0.12137075049736415,0.027891958218258427,0.1844745952773255,0.23723357146651142,0.2736307014212399,0.06288249895463668
2039Q3,0.06992401371818843,0.08992199430334305,0.10371811300701121,0.023835242532598395,0.17337511141474826,0.22295968083026643,0.2571668650313842,0.05909897916246014,0.05908717673746604,0.07598586647787041,0.08764386007389106,0.020141252099458235,0.1611265263627897,0.20720805078647025,0.23899856974852093,0.05492376123845456,0.08217259877014702,0.10567362434713923,0.12188640828987446,0.02801046045660397,0.18421194839547067,0.23689580865573906,0.2732411179645043,0.06279296959560031
2039Q4,0.06992401371818842,0.08992199430334304,0.10371811300701118,0.023835242532598395,0.1733751114147483,0.22295968083026638,0.2571668650313842,0.05909897916246014,0.059293021152911386,0.07625058155025817,0.08794918857561393,0.020211419003576397,0.16127169006744402,0.2073947307141355,0.2392138907051315,0.054973243696960314,0.08202743506549269,0.10548694441947394,0.12167108733326386,0.02796097799809822,0.18400610398002532,0.23663109358335127,0.2729357894627814,0.06272280269148214
2040Q1,0.06992401371818842,0.08992199430334302,0.10371811300701117,0.023835242532598392,0.17337511141474826,0.22295968083026638,0.25716686503138414,0.05909897916246013,0.05892197259763632,0.07577341463292157,0.08739881319038204,0.02008493838788984,0.16070396597330963,0.20666463986202324,0.23837178698966763,0.05477972160410921,0.08259515915962705,0.10621703527158617,0.12251319104872768,0.02815450009094931,0.18437715253530038,0.23710826050068784,0.2734861648480133,0.06284928330716869
2040Q2,0.06992401371818842,0.08992199430334304,0.10371811300701117,0.0238352425325984,0.17337511141474826,0.22295968083026638,0.25716686503138414,0.05909897916246013,0.0585187398114549,0.07525485892689388,0.08680069901670413,0.019947487021118124,0.1608003092595364,0.20678853693220808,0.23851469274288434,0.05481256247624303,0.0824988158734003,0.10609313820140136,0.12237028529551097,0.0281216592188155,0.18478038532148178,0.23762681620671555,0.2740842790216912,0.0629867346739404
2040Q3,0.06992401371818842,0.08992199430334305,0.10371811300701118,0.0238352425325984,0.1733751114147483,0.22295968083026643,0.2571668650313842,0.05909897916246014,0.05867453799407022,0.07545521474951683,0.0870317940676248,0.020000594491231902,0.16072674273659998,0.20669393068601824,0.2384055717051504,0.0547874855988839,0.08257238239633674,0.10618774444759124,0.12247940633324497,0.028146736096174643,0.1846245871388665,0.23742646038409265,0.2738531839707706,0.06293362720382664
2040Q4,0.06992401371818843,0.08992199430334305,0.10371811300701121,0.0238352425325984,0.17337511141474826,0.22295968083026635,0.25716686503138414,0.05909897916246012,0.05849536409098645,0.07522479784642912,0.0867660258695513,0.019939518857720273,0.1609188720512418,0.206941008195132,0.23869055663247873,0.054852977388736894,0.08238025308169487,0.10594066693847741,0.12219442140591663,0.028081244306321626,0.18480376104195023,0.23765687728718027,0.274118952168844,0.06299470283733824
2041Q1,0.06992401371818842,0.08992199430334304,0.10371811300701118,0.0238352425325984,0.1733751114147483,0.22295968083026638,0.2571668650313842,0.05909897916246013,0.057839065979756514,0.07438080117230852,0.08579254053815752,0.019715804230612383,0.16134785535708002,0.2074926789636219,0.23932686648694967,0.054999206424991856,0.0819512697758567,0.10538899616998752,0.12155811155144568,0.027935015270066678,0.1854600591531802,0.2385008739613009,0.2750924375002379,0.06321841746444615
2041Q2,0.06992401371818843,0.08992199430334304,0.10371811300701117,0.0238352425325984,0.1733751114147483,0.22295968083026643,0.2571668650313842,0.05909897916246015,0.05784011076848955,0.07438214476632586,0.08579409027064737,0.019716160371393253,0.16112818628301873,0.20721018543706368,0.23900103190400573,0.054924327061254774,0.082170938849918,0.10567148969654579,0.12188394613438962,0.028009894633803774,0.18545901436444717,0.2384995303672836,0.275090887767748,0.0632180613236653
2041Q3,0.06992401371818842,0.08992199430334305,0.10371811300701117,0.023835242532598395,0.17337511141474826,0.22295968083026638,0.25716686503138414,0.05909897916246014,0.05737109450286586,0.073778991776059,0.08509839962800009,0.019556285160454576,0.16137822075442648,0.20753172873982917,0.23937190740416842,0.05500955718393526,0.08192090437851021,0.10534994639378027,0.12151307063422688,0.02792466451112327,0.18592803063007082,0.23910268335755044,0.2757865784103952,0.06337793653460397
2041Q4,0.06992401371818843,0.08992199430334304,0.10371811300701118,0.023835242532598395,0.17337511141474826,0.22295968083026638,0.2571668650313842,0.05909897916246013,0.056806551913458354,0.07305299232595173,0.08426101503046508,0.019363847558220525,0.1608396541058963,0.2068391342429474,0.2385730528541538,0.05482597409130242,0.08245947102704043,0.10604254089066203,0.12231192518424157,0.028108247603756107,0.18649257321947835,0.2398286828076577,0.2766239630079303,0.063570374136838
2042Q1,0.06992401371818842,0.08992199430334304,0.10371811300701118,0.023835242532598395,0.17337511141474826,0.22295968083026638,0.2571668650313842,0.05909897916246014,0.05735404044521367,0.07375706032799839,0.08507310338734199,0.019550471884318243,0.1608155236563724,0.20680810258401874,0.23853726021929855,0.05481774866077808,0.0824836014765643,0.10607357254959068,0.12234771781909683,0.02811647303428046,0.185945084687723,0.23912461480561104,0.2758118746510534,0.0633837498107403
2042Q2,0.06992401371818842,0.08992199430334304,0.10371811300701117,0.023835242532598395,0.17337511141474826,0.22295968083026638,0.2571668650313842,0.05909897916246014,0.05720674702510874,0.07356764159501523,0.08485462342918047,0.019500263462275902,0.16098065739164397,0.20702046388899512,0.23878220267190423,0.054874038373299086,0.08231846774129274,0.10586121124461431,0.12210277536649111,0.028060183321759448,0.18609237810782794,0.2393140335385942,0.2760303546092149,0.06343395823278264
2042Q3,0.06992401371818843,0.08992199430334304,0.10371811300701118,0.023835242532598395,0.1733751114147483,0.22295968083026638,0.2571668650313842,0.05909897916246014,0.057523368975704925,0.07397481612238961,0.08532426796910617,0.019608191491322112,0.16013480234284372,0.20593269777210405,0.23752754801359768,0.05458570881148601,0.083164322790093,0.10694897736150537,0.12335743002479768,0.02834851288357253,0.1857757561572318,0.2389068590112198,0.2755607100692892,0.06332603020373642
2042Q4,0.06992401371818843,0.08992199430334305,0.10371811300701118,0.0238352425325984,0.1733751114147483,0.22295968083026638,0.2571668650313842,0.05909897916246013,0.05800666604751412,0.07459633417072707,0.08604114129551284,0.019772934650493346,0.1601060658221911,0.2058957427246316,0.23748492320506642,0.054575913293424656,0.08319305931074561,0.10698593240897786,0.12340005483332894,0.028358308401633874,0.1852924590854226,0.23828534096288237,0.27484383674288254,0.06316128704456518
2043Q1,0.06992401371818842,0.08992199430334304,0.10371811300701118,0.023835242532598395,0.17337511141474826,0.22295968083026638,0.25716686503138414,0.05909897916246013,0.05840177149606038,0.07510443815395357,0.08662720020979607,0.01990761562332774,0.1606667138089865,0.20661673373178377,0.23831653094837982,0.054767023328877416,0.08263241132395016,0.10626494140182567,0.1225684470900155,0.028167198366181114,0.18489735363687632,0.23777723697965586,0.2742577778285992,0.06302660607173079
2043Q2,0.06992401371818842,0.08992199430334304,0.10371811300701118,0.023835242532598392,0.17337511141474826,0.22295968083026638,0.25716686503138414,0.05909897916246013,0.0579207719641728,0.07448587473251407,0.08591373481855441,0.019743655634606085,0.15985321307998668,0.2055705751372027,0.23710986737094644,0.054489722496944296,0.08344591205295,0.10731109999640674,0.12377511066744888,0.028444499198114228,0.18537835316876386,0.23839580040109537,0.2749712432198409,0.06319056606045244
2043Q3,0.06992401371818842,0.08992199430334304,0.10371811300701117,0.0238352425325984,0.17337511141474826,0.22295968083026638,0.25716686503138414,0.05909897916246013,0.05753779655804336,0.0739933699339897,0.08534566836556262,0.01961310947165405,0.15945436638513194,0.20505765992659736,0.23651825907545962,0.0543537662324269,0.08384475874780471,0.10782401520701206,0.12436671896293569,0.028580455462631625,0.1857613285748933,0.23888830519961973,0.2755393096728327,0.06332111222340447
2043Q4,0.06992401371818842,0.08992199430334302,0.10371811300701117,0.023835242532598395,0.17337511141474826,0.22295968083026638,0.2571668650313842,0.05909897916246013,0.0579743408094481,0.07455476404740802,0.0859931933515029,0.019761915833805665,0.15981175812984036,0.20551726424166505,0.23704837734805817,0.05447559160344473,0.0834873670030963,0.10736441089194435,0.12383660069033718,0.0284586300916138,0.18532478432348856,0.23832691108620138,0.27489178468689246,0.06317230586125286
2044Q1,0.06992401371818842,0.08992199430334304,0.10371811300701118,0.023835242532598395,0.17337511141474826,0.22295968083026638,0.25716686503138414,0.05909897916246013,0.05746103581953599,0.07389465593970157,0.0852318093559369,0.019586943770888092,0.15976708808467102,0.20545981874713953,0.23698211838283942,0.054460364769286645,0.08353203704826569,0.10742185638646988,0.1239028596555559,0.028473856925771878,0.1858380893134007,0.23898701919390786,0.2756531686824584,0.06334727792417043
2044Q2,0.0699240137181884,0.08992199430334302,0.10371811300701117,0.023835242532598395,0.1733751114147483,0.22295968083026643,0.2571668650313842,0.05909897916246013,0.056913104595821634,0.07319001863761475,0.08441906435519486,0.01940016854283768,0.16012821061241084,0.20592422083385478,0.23751777051648912,0.0545834618653337,0.08317091452052586,0.10695745429975467,0.12336720752190623,0.028350759829724823,0.18638602053711506,0.23969165649599472,0.2764659136832005,0.06353405315222085
2044Q3,0.06992401371818843,0.08992199430334305,0.10371811300701118,0.0238352425325984,0.17337511141474826,0.22295968083026638,0.25716686503138414,0.05909897916246014,0.05820029097919942,0.07484533503721282,0.08632834466782563,0.019838936256546407,0.15935782978113505,0.2049335142505545,0.2363750665744825,0.05432085946339027,0.08394129535180166,0.10794816088305494,0.12450991146391281,0.028613362231668275,0.1850988341537373,0.23803634009639663,0.2745566333705697,0.06309528543851213
2044Q4,0.06992401371818842,0.08992199430334304,0.10371811300701117,0.023835242532598395,0.17337511141474826,0.22295968083026638,0.25716686503138414,0.05909897916246013,0.05751130467712384,0.07395930148399009,0.08530637302548026,0.019604079091770442,0.1585667912191147,0.20391624191040544,0.23520172107261827,0.05405121538868966,0.08473233391382197,0.10896543322320398,0.12568325696577703,0.028883006306368864,0.18578782045581285,0.23892237364961935,0.27557860501291503,0.06333014260328808
2045Q1,0.06992401371818843,0.08992199430334304,0.10371811300701118,0.0238352425325984,0.17337511141474832,0.22295968083026643,0.2571668650313842,0.05909897916246014,0.05747507743516174,0.07391271339969516,0.08525263724894289,0.019591730185399968,0.15951360946027204,0.20513384627778034,0.23660613417924045,0.05437396062615881,0.0837855156726647,0.10774782885582912,0.1242788438591549,0.02856026106889973,0.185824047697775,0.2389689617339143,0.2756323407894525,0.06334249150965857
2045Q2,0.06992401371818842,0.08992199430334305,0.10371811300701118,0.0238352425325984,0.1733751114147483,0.22295968083026638,0.2571668650313842,0.05909897916246015,0.05700724262796644,0.07331107976011224,0.08455869906059955,0.019432257702318087,0.1594866763112906,0.20509921035886639,0.23656618430735601,0.0543647798296913,0.08381244882164612,0.10778246477474306,0.12431879373103938,0.02856944186536725,0.18629188250497028,0.2395705953734972,0.2763262789777959,0.06350196399274047
2045Q3,0.06992401371818842,0.08992199430334304,0.10371811300701117,0.023835242532598395,0.17337511141474826,0.22295968083026638,0.2571668650313842,0.05909897916246014,0.05770381718978321,0.07420687178417974,0.08559192634946049,0.019669701503668723,0.15959030899024337,0.2052324815581427,0.2367199023983993,0.05440010546255754,0.08370881614269331,0.10764919357546675,0.12416507563999604,0.028534116232501,0.1855953079431535,0.2386748033494297,0.27529305168893486,0.06326452019138981
2045Q4,0.06992401371818843,0.08992199430334304,0.10371811300701117,0.0238352425325984,0.17337511141474826,0.22295968083026638,0.2571668650313842,0.05909897916246013,0.057465907015644024,0.07390092027787931,0.08523903478882533,0.01958860423250185,0.15927056080613827,0.20482128670732244,0.23624562072420283,0.054291111783387185,0.08402856432679842,0.10806038842628699,0.12463935731419251,0.02864310991167135,0.18583321811729267,0.23898075485573012,0.27564594324957004,0.06334561746255668
2046Q1,0.06992401371818842,0.08992199430334304,0.10371811300701118,0.0238352425325984,0.17337511141474826,0.22295968083026638,0.2571668650313842,0.05909897916246014,0.05679559233719454,0.07303889835591258,0.08424475871866324,0.019360111729219705,0.15934330021253268,0.2049148292850381,0.23635351490205828,0.054315906718644696,0.08395582492040403,0.10796684584857133,0.12453146313633709,0.028618314976413844,0.18650353279574217,0.23984277677769686,0.2766402193197321,0.06357410996583884
2046Q2,0.06992401371818843,0.08992199430334304,0.10371811300701118,0.023835242532598395,0.17337511141474826,0.22295968083026635,0.25716686503138414,0.05909897916246013,0.05604079401541401,0.07206823081579013,0.08312516827364888,0.019102820991657853,0.15970264241176044,0.2053769418766027,0.2368865262789209,0.05443839694789999,0.08359648272117624,0.10750473325700671,0.12399845175947442,0.02849582474715854,0.18725833111752269,0.24081344431781926,0.27775980976474646,0.06383140070340067
2046Q3,0.06992401371818843,0.08992199430334304,0.10371811300701118,0.023835242532598395,0.1733751114147483,0.22295968083026643,0.2571668650313842,0.05909897916246014,0.05643870691606418,0.07257994517088563,0.08371539147454972,0.019238458950486575,0.1592970450515162,0.20485534533804692,0.23628490473850558,0.05430013956051708,0.08400208008142053,0.10802632979556254,0.1246000732998898,0.02863408213454146,0.18686041821687255,0.24030172996272384,0.27716958656384566,0.06369576274457196
2046Q4,0.06992401371818842,0.08992199430334305,0.10371811300701118,0.0238352425325984,0.17337511141474826,0.22295968083026635,0.25716686503138414,0.05909897916246013,0.05612680634505751,0.07217884231826185,0.08325275014504883,0.019132140314574723,0.15774695512134518,0.20286193605762035,0.23398566025868403,0.05377175499749886,0.08555217001159153,0.11001973907598907,0.12689931777971128,0.029162466697559675,0.18717231878787918,0.24070283281534754,0.27763222789334646,0.06380208138048381
2047Q1,0.06992401371818843,0.08992199430334305,0.10371811300701118,0.0238352425325984,0.17337511141474826,0.22295968083026638,0.25716686503138414,0.05909897916246012,0.0567952825258779,0.07303849993983248,0.08424429917631945,0.019360006122755215,0.15734269930181485,0.20234206473490993,0.23338602862222263,0.053633954905779956,0.08595642583112185,0.11053961039869951,0.1274989494161727,0.029300266789278568,0.1865038426070588,0.23984317519377696,0.2766406788620759,0.0635742155723033
2047Q2,0.06992401371818842,0.08992199430334304,0.10371811300701117,0.0238352425325984,0.17337511141474826,0.22295968083026638,0.25716686503138414,0.05909897916246013,0.05525284432564381,0.07105493075266166,0.08195640448819463,0.018834229831618757,0.15715066976793102,0.20209511554344095,0.2331011916994408,0.0535684971285421,0.08614845536500565,0.11078655959016849,0.1277837863389545,0.02936572456651643,0.18804628080729285,0.24182674438094776,0.2789285735502007,0.06409999186343977
2047Q3,0.06992401371818842,0.08992199430334304,0.10371811300701117,0.023835242532598395,0.17337511141474826,0.22295968083026638,0.2571668650313842,0.05909897916246013,0.0560032759343986,0.07201998271777711,0.0830695177988028,0.019090032072475328,0.1569101817669842,0.2017858489624589,0.23274447645481025,0.053486521144556834,0.08638894336595249,0.1110958261711505,0.1281405015835851,0.02944770055050169,0.1872958491985381,0.24086169241583233,0.2778154602395926,0.0638441896225832
2047Q4,0.06992401371818842,0.08992199430334304,0.10371811300701117,0.023835242532598395,0.1733751114147483,0.22295968083026643,0.2571668650313842,0.05909897916246014,0.05646896009681039,0.07261885063700609,0.08376026594116862,0.019248771457765903,0.15713984640482118,0.20208119674295802,0.23308513743226628,0.053564807730994334,0.08615927872811555,0.11080047839065145,0.12779984060612906,0.029369413964064204,0.18683016503612632,0.24026282449660338,0.2771247120972267,0.06368545023729263
2048Q1,0.06992401371818842,0.08992199430334304,0.10371811300701117,0.023835242532598395,0.17337511141474826,0.22295968083026635,0.25716686503138414,0.05909897916246014,0.05649852619050742,0.07265687251200473,0.08380412125330221,0.019258849755285412,0.15725881603067185,0.2022341911929209,0.23326160477792113,0.05360536132246281,0.08604030910226484,0.11064748394068848,0.12762337326047418,0.029328860372595723,0.18680059894242929,0.24022480262160467,0.2770808567850931,0.06367537193977313
2048Q2,0.06992401371818842,0.08992199430334302,0.10371811300701117,0.023835242532598392,0.17337511141474826,0.22295968083026635,0.25716686503138414,0.05909897916246012,0.05654831520231628,0.07272090097659328,0.08387797316881311,0.019275821509462818,0.1571284176662994,0.20206649943218302,0.23306818521327174,0.05356091197701764,0.08617070746663727,0.11081517570142635,0.12781679282512357,0.029373309718040867,0.18675080993062038,0.2401607741570161,0.2770070048695822,0.0636584001855957
2048Q3,0.06992401371818842,0.08992199430334304,0.10371811300701118,0.023835242532598395,0.17337511141474826,0.22295968083026643,0.2571668650313842,0.05909897916246014,0.05621821015497975,0.0722963872422168,0.08338832918553403,0.01916329745018596,0.15753848016090358,0.2025938381151772,0.2336764298762098,0.05370069141032943,0.0857606449720331,0.11028783701843226,0.12720854816218558,0.029233530284729102,0.18708091497795695,0.24058528789139266,0.27749664885286135,0.06377092424487257
2048Q4,0.06992401371818842,0.08992199430334304,0.10371811300701117,0.023835242532598395,0.17337511141474826,0.22295968083026638,0.25716686503138414,0.05909897916246013,0.055953902033056085,0.07195648808354245,0.08299628161559856,0.019073201818450975,0.15655082758126446,0.2013237209563149,0.23221144729841428,0.0533640268294242,0.08674829755167225,0.11155795417729454,0.12867353073998103,0.02957019486563433,0.1873452230998806,0.240925187050067,0.27788869642279673,0.06386101987660756
2049Q1,0.06992401371818843,0.08992199430334305,0.10371811300701117,0.0238352425325984,0.1733751114147483,0.22295968083026638,0.25716686503138414,0.05909897916246013,0.055412325213421564,0.07126002251899019,0.08219296208638481,0.018888592638290822,0.15665803052087904,0.20146158349613094,0.23237046114808313,0.05340056946949945,0.0866410946120577,0.1114200916374785,0.12851451689031218,0.029533652225559086,0.18788679991951515,0.24162165261461924,0.2786920159520105,0.06404562905676771
2049Q2,0.06992401371818842,0.08992199430334304,0.10371811300701117,0.023835242532598395,0.17337511141474826,0.22295968083026638,0.25716686503138414,0.05909897916246013,0.05512783009241448,0.07089416296244885,0.0817709711916762,0.018791615793742483,0.15728861814069592,0.20227251658394632,0.23330581017247676,0.053615520071691215,0.08601050699224076,0.1106091585496631,0.12757916786591855,0.02931870162336731,0.1881712950405222,0.24198751217116057,0.2791140068467191,0.06414260590131604
2049Q3,0.06992401371818842,0.08992199430334304,0.10371811300701117,0.023835242532598392,0.17337511141474826,0.22295968083026638,0.2571668650313842,0.05909897916246013,0.055885213707341154,0.07186815517893348,0.08289439639548697,0.019049787789199562,0.15675214628830983,0.20158261598629773,0.2325100628282938,0.05343265103952911,0.08654697884462687,0.1112990591473117,0.12837491521010153,0.029501570655529413,0.18741391142559555,0.24101351995467593,0.2779905816429084,0.06388443390585896
2049Q4,0.0699240137181884,0.08992199430334302,0.10371811300701117,0.023835242532598392,0.17337511141474826,0.22295968083026643,0.2571668650313842,0.05909897916246013,0.05531815866231605,0.07113892472122643,0.08205328507887773,0.018856493757452773,0.1571755512214973,0.202127112990482,0.23313809829669602,0.05357697855643475,0.08612357391143938,0.11075456214312744,0.12774687974169935,0.029357243138623774,0.18798096647062063,0.24174275041238302,0.27883169295951765,0.06407772793760576
2050Q1,0.06992401371818842,0.08992199430334304,0.10371811300701117,0.023835242532598395,0.17337511141474826,0.22295968083026643,0.2571668650313842,0.05909897916246013,0.05548253497308855,0.07135031198140948,0.08229710404563624,0.018912525284042,0.15650656844458824,0.20126680388842308,0.23214579783272607,0.05334894006307791,0.08679255668834845,0.11161487124518639,0.12873918020566927,0.02958528163198062,0.18781659015984814,0.2415313631522,0.2785878739927591,0.06402169641101653
2050Q2,0.06992401371818843,0.08992199430334304,0.10371811300701118,0.023835242532598395,0.1733751114147483,0.22295968083026638,0.2571668650313842,0.05909897916246013,0.05554249258742175,0.07142741722705856,0.08238603902359824,0.018932963245241817,0.15709349687655597,0.20202159144007273,0.23301638729401186,0.053549008405573376,0.08620562825638074,0.11086008369353668,0.1278685907443835,0.029385213289485148,0.18775663254551497,0.24145425790655087,0.2784989390147971,0.06400125844981672
2050Q3,0.06992401371818843,0.08992199430334305,0.10371811300701121,0.023835242532598395,0.17337511141474826,0.22295968083026638,0.25716686503138414,0.05909897916246012,0.05565976389492815,0.07157822764660968,0.08255998725794089,0.018972937925010563,0.15710785207811342,0.2020400521702859,0.2330376803282386,0.05355390171321594,0.08619127305482328,0.11084162296332355,0.12784729771015677,0.029380319981842578,0.18763936123800853,0.24130344748699978,0.2783249907804545,0.06396128377004795
2050Q4,0.06992401371818842,0.08992199430334304,0.10371811300701118,0.023835242532598395,0.17337511141474826,0.22295968083026635,0.25716686503138414,0.05909897916246012,0.055698797192284114,0.07162842430661018,0.08261788524935937,0.018986243341273936,0.1566827283751568,0.20149334483524142,0.23240709541297727,0.05340898831326202,0.0866163967577799,0.11138833029836796,0.12847788262541804,0.029525233381796502,0.1876003279406526,0.2412532508269992,0.27826709278903594,0.06394797835378457
